page_url,image_url,alt,local_file
https://alusteel.net,https://alusteel.net/media/hs1f24j5/3.png,الوستيل لتجهيزات المطابخ والفنادق والمطاعم - انتظرونا فى معرض هيس 2026,
https://alusteel.net,https://alusteel.net/media/j2nmz1zm/مصنع-الوستيل-لمعدات-المطاعم-والفنادق.jpg,الوستيل لتجهيزات المطابخ والفنادق والمطاعم - الوستيل لمعدات المطابخ والمطاعم,
https://alusteel.net,https://alusteel.net/media/dk3f5szg/img-20240327-wa0011.jpg,الوستيل لتجهيزات المطابخ والفنادق والمطاعم - أعلى جودة لمعدات المطاعم والفنادق,
https://alusteel.net,https://alusteel.net/media/ampdm2q4/img-20241212-wa0004.jpg,الوستيل لتجهيزات المطابخ والفنادق والمطاعم - التميز في معدات المطابخ التجارية,
https://alusteel.net,https://alusteel.net/media/frsma5xj/cafex-2025-2.jpg,الوستيل لتجهيزات المطابخ والفنادق والمطاعم - تجهيزات مطابخ شاملة من الوستيل,
https://alusteel.net,https://alusteel.net/media/ihgfewhu/img_7350.jpg,الوستيل لتجهيزات المطابخ والفنادق والمطاعم - خدمات تركيب ودعم فني محترفة,
https://alusteel.net,https://alusteel.net/media/zhlnq2h4/img_7294.jpg,الوستيل لتجهيزات المطابخ والفنادق والمطاعم - التميز في معدات المطابخ التجارية,
https://alusteel.net,https://alusteel.net/media/3b4ddtdr/cafex-2025-8.jpg,الوستيل لتجهيزات المطابخ والفنادق والمطاعم - إمدادات فندقية مبتكرة,
https://alusteel.net,https://alusteel.net/media/w1vb5nw5/img-20240811-wa0006.jpg,الوستيل لتجهيزات المطابخ والفنادق والمطاعم - حلول مخصصة لكل مطبخ,
https://alusteel.net,https://alusteel.net/media/d3znhclh/cafex-2025-3.jpg,الوستيل لتجهيزات المطابخ والفنادق والمطاعم - دعم وصيانة موثوقة,
https://alusteel.net,https://alusteel.net/media/bxnlzecx/فرن-بيتزا-حطب-2.jpg,الوستيل لتجهيزات المطابخ والفنادق والمطاعم,
https://alusteel.net,https://alusteel.net/media/vu4ng5ee/شوايات-حطب.jpg,الوستيل لتجهيزات المطابخ والفنادق والمطاعم,
https://alusteel.net,https://alusteel.net/media/0k2n2u0d/شوايات-دوارة.jpg,الوستيل لتجهيزات المطابخ والفنادق والمطاعم,
https://alusteel.net,https://alusteel.net/media/mg3h3bva/فرن-بطاطس-كومبير-2.jpg,الوستيل لتجهيزات المطابخ والفنادق والمطاعم,
https://alusteel.net,https://alusteel.net/media/grxcakgd/فرن-عيش.jpg,الوستيل لتجهيزات المطابخ والفنادق والمطاعم,
https://alusteel.net,https://alusteel.net/media/jkvbzvv4/فرن-تدخين.jpg,الوستيل لتجهيزات المطابخ والفنادق والمطاعم,
https://alusteel.net,https://alusteel.net/media/lzvnpozm/شواية-فراخ-كهرباء.jpg,الوستيل لتجهيزات المطابخ والفنادق والمطاعم,
https://alusteel.net,https://alusteel.net/assets/image/alusteel-cafex2016.jpg,cafex2016,
https://alusteel.net,https://alusteel.net/assets/image/alusteel-cafex2017.jpg,cafex2017,
https://alusteel.net,https://alusteel.net/assets/image/alusteel-cafex2018.jpg,cafex2018,
https://alusteel.net,https://alusteel.net/assets/image/alusteel-cafex2019.jpg,cafex2019,
https://alusteel.net,https://alusteel.net/assets/image/alusteel-cafex2021.jpg,cafex2021,
https://alusteel.net,https://alusteel.net/assets/image/alusteel-cafex2022.jpg,cafex2022,
https://alusteel.net,https://alusteel.net/assets/image/alusteel-hace2023.jpg,alusteel-hace2023,
https://alusteel.net,https://alusteel.net/assets/image/alusteel-hace2017.jpg,alusteel-hace2017,
https://alusteel.net,https://alusteel.net/assets/image/alusteel-hace2018.jpg,alusteel-hace2018,
https://alusteel.net,https://alusteel.net/assets/image/alusteel-hace2020.jpg,alusteel-hace2020,
https://alusteel.net,https://alusteel.net/assets/image/alusteel-hace2021.jpg,alusteel-hace2021,
https://alusteel.net,https://alusteel.net/assets/image/alusteel-hace2022.jpg,alusteel-hace2022,
https://alusteel.net,https://alusteel.net/assets/image/alusteel-horeca2023.jpg,alusteel-horeca2023,
https://alusteel.net,https://alusteel.net/assets/image/alusteel-horecaR2023.jpg,alusteel-horeca-Riyadh2023,
https://alusteel.net,https://alusteel.net/assets/image/alusteel-iatf2018.jpg,alusteel-iatf2018,
https://alusteel.net,https://alusteel.net/assets/image/client50.jpg,,
https://alusteel.net,https://alusteel.net/assets/image/client51.png,,
https://alusteel.net,https://alusteel.net/assets/image/client53.jpg,,
https://alusteel.net,https://alusteel.net/assets/image/client54.jpg,,
https://alusteel.net,https://alusteel.net/media/3gbnyil2/167l.jpg,,
https://alusteel.net,https://alusteel.net/media/nk0hlxjt/11.jpg,,
https://alusteel.net,https://alusteel.net/media/kthfclpo/261152549_4539986749454860_98075750782175892_n-1.jpg,,
https://alusteel.net,https://alusteel.net/assets/image/2.jpg,Alusteel-Eng/magdy the owner,
https://alusteel.net,https://alusteel.net/media/etrhnwqp/our-customers-website-9.jpg,الوستيل لتجهيزات المطابخ والفنادق والمطاعم - Clients,
https://alusteel.net,https://alusteel.net/media/mk3kuvpe/our-customers-website-11.jpg,الوستيل لتجهيزات المطابخ والفنادق والمطاعم - Clients,
https://alusteel.net,https://alusteel.net/media/udhiek1e/our-customers-website-13.jpg,الوستيل لتجهيزات المطابخ والفنادق والمطاعم - Clients,
https://alusteel.net,https://alusteel.net/media/1ngli2a0/our-customers-website-15.jpg,الوستيل لتجهيزات المطابخ والفنادق والمطاعم - Clients,
https://alusteel.net,https://alusteel.net/media/v1rfkb4m/our-customers-website-90.jpg,الوستيل لتجهيزات المطابخ والفنادق والمطاعم - Clients,
https://alusteel.net,https://alusteel.net/media/julb0jfi/مضغوط-دجاج.png,الوستيل لتجهيزات المطابخ والفنادق والمطاعم - Clients,
https://alusteel.net,https://alusteel.net/media/jhjnzvnk/our-customers-website-75.jpg,الوستيل لتجهيزات المطابخ والفنادق والمطاعم - Clients,
https://alusteel.net,https://alusteel.net/media/pkvbttel/1.jpg,الوستيل لتجهيزات المطابخ والفنادق والمطاعم - Clients,
https://alusteel.net,https://alusteel.net/media/lt3guiur/2.jpg,الوستيل لتجهيزات المطابخ والفنادق والمطاعم - Clients,
https://alusteel.net,https://alusteel.net/media/3iehv1wd/3.jpg,الوستيل لتجهيزات المطابخ والفنادق والمطاعم - Clients,
https://alusteel.net,https://alusteel.net/media/ds3fbv5s/4.jpg,الوستيل لتجهيزات المطابخ والفنادق والمطاعم - Clients,
https://alusteel.net,https://alusteel.net/media/2e0possj/our-customers-website-6.jpg,الوستيل لتجهيزات المطابخ والفنادق والمطاعم - Clients,
https://alusteel.net,https://alusteel.net/media/ulpic4ut/our-customers-website-7.jpg,الوستيل لتجهيزات المطابخ والفنادق والمطاعم - Clients,
https://alusteel.net,https://alusteel.net/media/zjln4vhu/our-customers-website-8.jpg,الوستيل لتجهيزات المطابخ والفنادق والمطاعم - Clients,
https://alusteel.net,https://alusteel.net/media/coebtceu/our-customers-website-10.jpg,الوستيل لتجهيزات المطابخ والفنادق والمطاعم - Clients,
https://alusteel.net,https://alusteel.net/media/oewlquuq/our-customers-website-12.jpg,الوستيل لتجهيزات المطابخ والفنادق والمطاعم - Clients,
https://alusteel.net,https://alusteel.net/media/4rrejq54/our-customers-website-14.jpg,الوستيل لتجهيزات المطابخ والفنادق والمطاعم - Clients,
https://alusteel.net,https://alusteel.net/media/kdmkkfyy/our-customers-website-16.jpg,الوستيل لتجهيزات المطابخ والفنادق والمطاعم - Clients,
https://alusteel.net,https://alusteel.net/media/m3fekl0g/our-customers-website-17.jpg,الوستيل لتجهيزات المطابخ والفنادق والمطاعم - Clients,
https://alusteel.net,https://alusteel.net/media/hwanzkav/our-customers-website-18.jpg,الوستيل لتجهيزات المطابخ والفنادق والمطاعم - Clients,
https://alusteel.net,https://alusteel.net/media/eucik5yr/our-customers-website-19.jpg,الوستيل لتجهيزات المطابخ والفنادق والمطاعم - Clients,
https://alusteel.net,https://alusteel.net/media/ezojcowm/our-customers-website-20.jpg,الوستيل لتجهيزات المطابخ والفنادق والمطاعم - Clients,
https://alusteel.net,https://alusteel.net/media/mocdaqdz/our-customers-website-21.jpg,الوستيل لتجهيزات المطابخ والفنادق والمطاعم - Clients,
https://alusteel.net,https://alusteel.net/media/sjubuzfo/our-customers-website-22.jpg,الوستيل لتجهيزات المطابخ والفنادق والمطاعم - Clients,
https://alusteel.net,https://alusteel.net/media/ic0lkuzs/our-customers-website-23.jpg,الوستيل لتجهيزات المطابخ والفنادق والمطاعم - Clients,
https://alusteel.net,https://alusteel.net/media/4aalu4bo/our-customers-website-24.jpg,الوستيل لتجهيزات المطابخ والفنادق والمطاعم - Clients,
https://alusteel.net,https://alusteel.net/media/knzh4lu5/our-customers-website-25.jpg,الوستيل لتجهيزات المطابخ والفنادق والمطاعم - Clients,
https://alusteel.net,https://alusteel.net/media/jprptdxn/our-customers-website-26.jpg,الوستيل لتجهيزات المطابخ والفنادق والمطاعم - Clients,
https://alusteel.net,https://alusteel.net/media/mxukuatd/our-customers-website-27.jpg,الوستيل لتجهيزات المطابخ والفنادق والمطاعم - Clients,
https://alusteel.net,https://alusteel.net/media/i4spaqln/our-customers-website-28.jpg,الوستيل لتجهيزات المطابخ والفنادق والمطاعم - Clients,
https://alusteel.net,https://alusteel.net/media/i0cdhm4w/our-customers-website-29.jpg,الوستيل لتجهيزات المطابخ والفنادق والمطاعم - Clients,
https://alusteel.net,https://alusteel.net/media/0bapdv3j/our-customers-website-30.jpg,الوستيل لتجهيزات المطابخ والفنادق والمطاعم - Clients,
https://alusteel.net,https://alusteel.net/media/htwijuzt/our-customers-website-31.jpg,الوستيل لتجهيزات المطابخ والفنادق والمطاعم - Clients,
https://alusteel.net,https://alusteel.net/media/ujudzmuw/our-customers-website-32.jpg,الوستيل لتجهيزات المطابخ والفنادق والمطاعم - Clients,
https://alusteel.net,https://alusteel.net/media/xzplmyqc/our-customers-website-33.jpg,الوستيل لتجهيزات المطابخ والفنادق والمطاعم - Clients,
https://alusteel.net,https://alusteel.net/media/otujlypd/our-customers-website-34.jpg,الوستيل لتجهيزات المطابخ والفنادق والمطاعم - Clients,
https://alusteel.net,https://alusteel.net/media/olsfsbiy/our-customers-website-35.jpg,الوستيل لتجهيزات المطابخ والفنادق والمطاعم - Clients,
https://alusteel.net,https://alusteel.net/media/r2zj1cln/our-customers-website-36.jpg,الوستيل لتجهيزات المطابخ والفنادق والمطاعم - Clients,
https://alusteel.net,https://alusteel.net/media/hoffevbs/our-customers-website-37.jpg,الوستيل لتجهيزات المطابخ والفنادق والمطاعم - Clients,
https://alusteel.net,https://alusteel.net/media/zttb4dso/our-customers-website-38.jpg,الوستيل لتجهيزات المطابخ والفنادق والمطاعم - Clients,
https://alusteel.net,https://alusteel.net/media/tjodnsey/our-customers-website-39.jpg,الوستيل لتجهيزات المطابخ والفنادق والمطاعم - Clients,
https://alusteel.net,https://alusteel.net/media/apdjkq3h/our-customers-website-40.jpg,الوستيل لتجهيزات المطابخ والفنادق والمطاعم - Clients,
https://alusteel.net,https://alusteel.net/media/2wvlrzw2/our-customers-website-41.jpg,الوستيل لتجهيزات المطابخ والفنادق والمطاعم - Clients,
https://alusteel.net,https://alusteel.net/media/po3lnc2w/our-customers-website-42.jpg,الوستيل لتجهيزات المطابخ والفنادق والمطاعم - Clients,
https://alusteel.net,https://alusteel.net/media/w3dlgwko/our-customers-website-43.jpg,الوستيل لتجهيزات المطابخ والفنادق والمطاعم - Clients,
https://alusteel.net,https://alusteel.net/media/q3ckuk0i/our-customers-website-44.jpg,الوستيل لتجهيزات المطابخ والفنادق والمطاعم - Clients,
https://alusteel.net,https://alusteel.net/media/1rxdziau/our-customers-website-45.jpg,الوستيل لتجهيزات المطابخ والفنادق والمطاعم - Clients,
https://alusteel.net,https://alusteel.net/media/egipjd3x/our-customers-website-46.jpg,الوستيل لتجهيزات المطابخ والفنادق والمطاعم - Clients,
https://alusteel.net,https://alusteel.net/media/kb0b0dwp/our-customers-website-47.jpg,الوستيل لتجهيزات المطابخ والفنادق والمطاعم - Clients,
https://alusteel.net,https://alusteel.net/media/rn4bpvgd/our-customers-website-48.jpg,الوستيل لتجهيزات المطابخ والفنادق والمطاعم - Clients,
https://alusteel.net,https://alusteel.net/media/hd2fzz2c/our-customers-website-49.jpg,الوستيل لتجهيزات المطابخ والفنادق والمطاعم - Clients,
https://alusteel.net,https://alusteel.net/media/sx1jycyi/our-customers-website-50.jpg,الوستيل لتجهيزات المطابخ والفنادق والمطاعم - Clients,
https://alusteel.net,https://alusteel.net/media/vtrnss2l/our-customers-website-51.jpg,الوستيل لتجهيزات المطابخ والفنادق والمطاعم - Clients,
https://alusteel.net,https://alusteel.net/media/d4hdmb45/our-customers-website-52.jpg,الوستيل لتجهيزات المطابخ والفنادق والمطاعم - Clients,
https://alusteel.net,https://alusteel.net/media/40dj3qtl/our-customers-website-53.jpg,الوستيل لتجهيزات المطابخ والفنادق والمطاعم - Clients,
https://alusteel.net,https://alusteel.net/media/jogmsrgc/our-customers-website-54.jpg,الوستيل لتجهيزات المطابخ والفنادق والمطاعم - Clients,
https://alusteel.net,https://alusteel.net/media/mqchbeza/our-customers-website-55.jpg,الوستيل لتجهيزات المطابخ والفنادق والمطاعم - Clients,
https://alusteel.net,https://alusteel.net/media/cf2btlgb/our-customers-website-56.jpg,الوستيل لتجهيزات المطابخ والفنادق والمطاعم - Clients,
https://alusteel.net,https://alusteel.net/media/2p0aj4t0/our-customers-website-57.jpg,الوستيل لتجهيزات المطابخ والفنادق والمطاعم - Clients,
https://alusteel.net,https://alusteel.net/media/wexbcbda/our-customers-website-58.jpg,الوستيل لتجهيزات المطابخ والفنادق والمطاعم - Clients,
https://alusteel.net,https://alusteel.net/media/ydvbq0t0/our-customers-website-59.jpg,الوستيل لتجهيزات المطابخ والفنادق والمطاعم - Clients,
https://alusteel.net,https://alusteel.net/media/s0sndpws/our-customers-website-60.jpg,الوستيل لتجهيزات المطابخ والفنادق والمطاعم - Clients,
https://alusteel.net,https://alusteel.net/media/he4mbwxx/our-customers-website-61.jpg,الوستيل لتجهيزات المطابخ والفنادق والمطاعم - Clients,
https://alusteel.net,https://alusteel.net/media/wmunaodk/our-customers-website-62.jpg,الوستيل لتجهيزات المطابخ والفنادق والمطاعم - Clients,
https://alusteel.net,https://alusteel.net/media/gdjoyyoh/our-customers-website-63.jpg,الوستيل لتجهيزات المطابخ والفنادق والمطاعم - Clients,
https://alusteel.net,https://alusteel.net/media/dqwj15yj/our-customers-website-64.jpg,الوستيل لتجهيزات المطابخ والفنادق والمطاعم - Clients,
https://alusteel.net,https://alusteel.net/media/gr2h3noj/our-customers-website-65.jpg,الوستيل لتجهيزات المطابخ والفنادق والمطاعم - Clients,
https://alusteel.net,https://alusteel.net/media/wmcbbss4/our-customers-website-66.jpg,الوستيل لتجهيزات المطابخ والفنادق والمطاعم - Clients,
https://alusteel.net,https://alusteel.net/media/fzkda3ao/our-customers-website-67.jpg,الوستيل لتجهيزات المطابخ والفنادق والمطاعم - Clients,
https://alusteel.net,https://alusteel.net/media/34fhbbe0/our-customers-website-68.jpg,الوستيل لتجهيزات المطابخ والفنادق والمطاعم - Clients,
https://alusteel.net,https://alusteel.net/media/1axarbqm/our-customers-website-69.jpg,الوستيل لتجهيزات المطابخ والفنادق والمطاعم - Clients,
https://alusteel.net,https://alusteel.net/media/lm1ps5hk/our-customers-website-70.jpg,الوستيل لتجهيزات المطابخ والفنادق والمطاعم - Clients,
https://alusteel.net,https://alusteel.net/media/wmwfiorb/our-customers-website-71.jpg,الوستيل لتجهيزات المطابخ والفنادق والمطاعم - Clients,
https://alusteel.net,https://alusteel.net/media/4t5fdnse/our-customers-website-72.jpg,الوستيل لتجهيزات المطابخ والفنادق والمطاعم - Clients,
https://alusteel.net,https://alusteel.net/media/xu0lz4cz/our-customers-website-73.jpg,الوستيل لتجهيزات المطابخ والفنادق والمطاعم - Clients,
https://alusteel.net,https://alusteel.net/media/ji3punsm/our-customers-website-74.jpg,الوستيل لتجهيزات المطابخ والفنادق والمطاعم - Clients,
https://alusteel.net,https://alusteel.net/media/psqbvbw5/our-customers-website-2.jpg,الوستيل لتجهيزات المطابخ والفنادق والمطاعم - Clients,
https://alusteel.net,https://alusteel.net/media/0q4c31lk/our-customers-website-88.jpg,الوستيل لتجهيزات المطابخ والفنادق والمطاعم - Clients,
https://alusteel.net,https://alusteel.net/media/hjxh1uyv/our-customers-website-76.jpg,الوستيل لتجهيزات المطابخ والفنادق والمطاعم - Clients,
https://alusteel.net,https://alusteel.net/media/2w2djg0t/our-customers-website-77.jpg,الوستيل لتجهيزات المطابخ والفنادق والمطاعم - Clients,
https://alusteel.net,https://alusteel.net/media/v32ga22d/our-customers-website-78.jpg,الوستيل لتجهيزات المطابخ والفنادق والمطاعم - Clients,
https://alusteel.net,https://alusteel.net/media/wvmjr24h/our-customers-website-79.jpg,الوستيل لتجهيزات المطابخ والفنادق والمطاعم - Clients,
https://alusteel.net,https://alusteel.net/media/lchnljfe/our-customers-website-80.jpg,الوستيل لتجهيزات المطابخ والفنادق والمطاعم - Clients,
https://alusteel.net,https://alusteel.net/media/a1qlbmkw/our-customers-website-81.jpg,الوستيل لتجهيزات المطابخ والفنادق والمطاعم - Clients,
https://alusteel.net,https://alusteel.net/media/hx2biuno/our-customers-website-82.jpg,الوستيل لتجهيزات المطابخ والفنادق والمطاعم - Clients,
https://alusteel.net,https://alusteel.net/media/yexp44fo/our-customers-website-83.jpg,الوستيل لتجهيزات المطابخ والفنادق والمطاعم - Clients,
https://alusteel.net,https://alusteel.net/media/nang3lqx/our-customers-website-84.jpg,الوستيل لتجهيزات المطابخ والفنادق والمطاعم - Clients,
https://alusteel.net,https://alusteel.net/media/hpfg4kp1/our-customers-website-85.jpg,الوستيل لتجهيزات المطابخ والفنادق والمطاعم - Clients,
https://alusteel.net,https://alusteel.net/media/s2pjilyi/our-customers-website-86.jpg,الوستيل لتجهيزات المطابخ والفنادق والمطاعم - Clients,
https://alusteel.net,https://alusteel.net/media/bubdjwp4/our-customers-website-87.jpg,الوستيل لتجهيزات المطابخ والفنادق والمطاعم - Clients,
https://alusteel.net,https://alusteel.net/media/u12k5phd/our-customers-website-89.jpg,الوستيل لتجهيزات المطابخ والفنادق والمطاعم - Clients,
https://alusteel.net,https://alusteel.net/media/0uzdbxyn/our-customers-website-91.jpg,الوستيل لتجهيزات المطابخ والفنادق والمطاعم - Clients,
https://alusteel.net,https://alusteel.net/media/43lburnd/our-customers-website-92.jpg,الوستيل لتجهيزات المطابخ والفنادق والمطاعم - Clients,
https://alusteel.net,https://alusteel.net/media/3x0jxejs/our-customers-website-93.jpg,الوستيل لتجهيزات المطابخ والفنادق والمطاعم - Clients,
https://alusteel.net,https://alusteel.net/media/oqai5bfy/our-customers-website-94.jpg,الوستيل لتجهيزات المطابخ والفنادق والمطاعم - Clients,
https://alusteel.net/en,https://alusteel.net/media/ampdm2q4/img-20241212-wa0004.jpg,"Alusteel For Hotel, Restaurant, kitchen Equipment - Excellence in Commercial Kitchen Equipment",
https://alusteel.net/en,https://alusteel.net/media/dk3f5szg/img-20240327-wa0011.jpg,"Alusteel For Hotel, Restaurant, kitchen Equipment - Highest Quality Restaurant and Hotel Equipment",
https://alusteel.net/en,https://alusteel.net/media/w2cby1fc/معدات-مطابخ-الوستيل.jpg,"Alusteel For Hotel, Restaurant, kitchen Equipment - Comprehensive kitchen equipment from Alusteel",
https://alusteel.net/en,https://alusteel.net/media/lg0fn1xg/تركيب-معدات-مطاعم.jpg,"Alusteel For Hotel, Restaurant, kitchen Equipment - Professional installation and technical support services",
https://alusteel.net/en,https://alusteel.net/media/j2nmz1zm/مصنع-الوستيل-لمعدات-المطاعم-والفنادق.jpg,"Alusteel For Hotel, Restaurant, kitchen Equipment - Exclusive Offers and Discounts from Alusteel",
https://alusteel.net/en,https://alusteel.net/media/rlnd1b2p/img-20240811-wa0007.jpg,"Alusteel For Hotel, Restaurant, kitchen Equipment - Excellence in Commercial Kitchen Equipment",
https://alusteel.net/en,https://alusteel.net/media/evidlh5c/img-20240811-wa0004.jpg,"Alusteel For Hotel, Restaurant, kitchen Equipment - Innovative Hotel Supplies",
https://alusteel.net/en,https://alusteel.net/media/w1vb5nw5/img-20240811-wa0006.jpg,"Alusteel For Hotel, Restaurant, kitchen Equipment - Customized Solutions for Every Kitchen",
https://alusteel.net/en,https://alusteel.net/media/xjphnice/معدات-مطابخ-الوستيل.jpg,"Alusteel For Hotel, Restaurant, kitchen Equipment - Reliable Support and Maintenance",
https://alusteel.net/en,https://alusteel.net/media/s1cj4ls4/بان-مارى-اوفر-كونتر.jpg,"Alusteel For Hotel, Restaurant, kitchen Equipment",
https://alusteel.net/en,https://alusteel.net/media/bxnlzecx/فرن-بيتزا-حطب-2.jpg,"Alusteel For Hotel, Restaurant, kitchen Equipment",
https://alusteel.net/en,https://alusteel.net/media/vu4ng5ee/شوايات-حطب.jpg,"Alusteel For Hotel, Restaurant, kitchen Equipment",
https://alusteel.net/en,https://alusteel.net/media/0k2n2u0d/شوايات-دوارة.jpg,"Alusteel For Hotel, Restaurant, kitchen Equipment",
https://alusteel.net/en,https://alusteel.net/media/mg3h3bva/فرن-بطاطس-كومبير-2.jpg,"Alusteel For Hotel, Restaurant, kitchen Equipment",
https://alusteel.net/en,https://alusteel.net/media/grxcakgd/فرن-عيش.jpg,"Alusteel For Hotel, Restaurant, kitchen Equipment",
https://alusteel.net/en,https://alusteel.net/media/jkvbzvv4/فرن-تدخين.jpg,"Alusteel For Hotel, Restaurant, kitchen Equipment",
https://alusteel.net/en,https://alusteel.net/media/lzvnpozm/شواية-فراخ-كهرباء.jpg,"Alusteel For Hotel, Restaurant, kitchen Equipment",
https://alusteel.net/en,https://alusteel.net/assets/image/alusteel-cafex2016.jpg,cafex2016,
https://alusteel.net/en,https://alusteel.net/assets/image/alusteel-cafex2017.jpg,cafex2017,
https://alusteel.net/en,https://alusteel.net/assets/image/alusteel-cafex2018.jpg,cafex2018,
https://alusteel.net/en,https://alusteel.net/assets/image/alusteel-cafex2019.jpg,cafex2019,
https://alusteel.net/en,https://alusteel.net/assets/image/alusteel-cafex2021.jpg,cafex2021,
https://alusteel.net/en,https://alusteel.net/assets/image/alusteel-cafex2022.jpg,cafex2022,
https://alusteel.net/en,https://alusteel.net/assets/image/alusteel-hace2023.jpg,alusteel-hace2023,
https://alusteel.net/en,https://alusteel.net/assets/image/alusteel-hace2017.jpg,alusteel-hace2017,
https://alusteel.net/en,https://alusteel.net/assets/image/alusteel-hace2018.jpg,alusteel-hace2018,
https://alusteel.net/en,https://alusteel.net/assets/image/alusteel-hace2020.jpg,alusteel-hace2020,
https://alusteel.net/en,https://alusteel.net/assets/image/alusteel-hace2021.jpg,alusteel-hace2021,
https://alusteel.net/en,https://alusteel.net/assets/image/alusteel-hace2022.jpg,alusteel-hace2022,
https://alusteel.net/en,https://alusteel.net/assets/image/alusteel-horeca2023.jpg,alusteel-horeca2023,
https://alusteel.net/en,https://alusteel.net/assets/image/alusteel-horecaR2023.jpg,alusteel-horeca-Riyadh2023,
https://alusteel.net/en,https://alusteel.net/assets/image/alusteel-iatf2018.jpg,alusteel-iatf2018,
https://alusteel.net/en,https://alusteel.net/assets/image/ client50.jpg,,
https://alusteel.net/en,https://alusteel.net/assets/image/client51.png,,
https://alusteel.net/en,https://alusteel.net/assets/image/client53.jpg,,
https://alusteel.net/en,https://alusteel.net/assets/image/client54.jpg,,
https://alusteel.net/en,https://alusteel.net/media/3gbnyil2/167l.jpg,,
https://alusteel.net/en,https://alusteel.net/media/nk0hlxjt/11.jpg,,
https://alusteel.net/en,https://alusteel.net/media/kthfclpo/261152549_4539986749454860_98075750782175892_n-1.jpg,,
https://alusteel.net/en,https://alusteel.net/assets/image/2.jpg,Alusteel-Eng/magdy the owner,
https://alusteel.net/en,https://alusteel.net/media/etrhnwqp/our-customers-website-9.jpg,"Alusteel For Hotel, Restaurant, kitchen Equipment - Clients",
https://alusteel.net/en,https://alusteel.net/media/mk3kuvpe/our-customers-website-11.jpg,"Alusteel For Hotel, Restaurant, kitchen Equipment - Clients",
https://alusteel.net/en,https://alusteel.net/media/udhiek1e/our-customers-website-13.jpg,"Alusteel For Hotel, Restaurant, kitchen Equipment - Clients",
https://alusteel.net/en,https://alusteel.net/media/1ngli2a0/our-customers-website-15.jpg,"Alusteel For Hotel, Restaurant, kitchen Equipment - Clients",
https://alusteel.net/en,https://alusteel.net/media/v1rfkb4m/our-customers-website-90.jpg,"Alusteel For Hotel, Restaurant, kitchen Equipment - Clients",
https://alusteel.net/en,https://alusteel.net/media/julb0jfi/مضغوط-دجاج.png,"Alusteel For Hotel, Restaurant, kitchen Equipment - Clients",
https://alusteel.net/en,https://alusteel.net/media/jhjnzvnk/our-customers-website-75.jpg,"Alusteel For Hotel, Restaurant, kitchen Equipment - Clients",
https://alusteel.net/en,https://alusteel.net/media/pkvbttel/1.jpg,"Alusteel For Hotel, Restaurant, kitchen Equipment - Clients",
https://alusteel.net/en,https://alusteel.net/media/lt3guiur/2.jpg,"Alusteel For Hotel, Restaurant, kitchen Equipment - Clients",
https://alusteel.net/en,https://alusteel.net/media/3iehv1wd/3.jpg,"Alusteel For Hotel, Restaurant, kitchen Equipment - Clients",
https://alusteel.net/en,https://alusteel.net/media/ds3fbv5s/4.jpg,"Alusteel For Hotel, Restaurant, kitchen Equipment - Clients",
https://alusteel.net/en,https://alusteel.net/media/2e0possj/our-customers-website-6.jpg,"Alusteel For Hotel, Restaurant, kitchen Equipment - Clients",
https://alusteel.net/en,https://alusteel.net/media/ulpic4ut/our-customers-website-7.jpg,"Alusteel For Hotel, Restaurant, kitchen Equipment - Clients",
https://alusteel.net/en,https://alusteel.net/media/zjln4vhu/our-customers-website-8.jpg,"Alusteel For Hotel, Restaurant, kitchen Equipment - Clients",
https://alusteel.net/en,https://alusteel.net/media/coebtceu/our-customers-website-10.jpg,"Alusteel For Hotel, Restaurant, kitchen Equipment - Clients",
https://alusteel.net/en,https://alusteel.net/media/oewlquuq/our-customers-website-12.jpg,"Alusteel For Hotel, Restaurant, kitchen Equipment - Clients",
https://alusteel.net/en,https://alusteel.net/media/4rrejq54/our-customers-website-14.jpg,"Alusteel For Hotel, Restaurant, kitchen Equipment - Clients",
https://alusteel.net/en,https://alusteel.net/media/kdmkkfyy/our-customers-website-16.jpg,"Alusteel For Hotel, Restaurant, kitchen Equipment - Clients",
https://alusteel.net/en,https://alusteel.net/media/m3fekl0g/our-customers-website-17.jpg,"Alusteel For Hotel, Restaurant, kitchen Equipment - Clients",
https://alusteel.net/en,https://alusteel.net/media/hwanzkav/our-customers-website-18.jpg,"Alusteel For Hotel, Restaurant, kitchen Equipment - Clients",
https://alusteel.net/en,https://alusteel.net/media/eucik5yr/our-customers-website-19.jpg,"Alusteel For Hotel, Restaurant, kitchen Equipment - Clients",
https://alusteel.net/en,https://alusteel.net/media/ezojcowm/our-customers-website-20.jpg,"Alusteel For Hotel, Restaurant, kitchen Equipment - Clients",
https://alusteel.net/en,https://alusteel.net/media/mocdaqdz/our-customers-website-21.jpg,"Alusteel For Hotel, Restaurant, kitchen Equipment - Clients",
https://alusteel.net/en,https://alusteel.net/media/sjubuzfo/our-customers-website-22.jpg,"Alusteel For Hotel, Restaurant, kitchen Equipment - Clients",
https://alusteel.net/en,https://alusteel.net/media/ic0lkuzs/our-customers-website-23.jpg,"Alusteel For Hotel, Restaurant, kitchen Equipment - Clients",
https://alusteel.net/en,https://alusteel.net/media/4aalu4bo/our-customers-website-24.jpg,"Alusteel For Hotel, Restaurant, kitchen Equipment - Clients",
https://alusteel.net/en,https://alusteel.net/media/knzh4lu5/our-customers-website-25.jpg,"Alusteel For Hotel, Restaurant, kitchen Equipment - Clients",
https://alusteel.net/en,https://alusteel.net/media/jprptdxn/our-customers-website-26.jpg,"Alusteel For Hotel, Restaurant, kitchen Equipment - Clients",
https://alusteel.net/en,https://alusteel.net/media/mxukuatd/our-customers-website-27.jpg,"Alusteel For Hotel, Restaurant, kitchen Equipment - Clients",
https://alusteel.net/en,https://alusteel.net/media/i4spaqln/our-customers-website-28.jpg,"Alusteel For Hotel, Restaurant, kitchen Equipment - Clients",
https://alusteel.net/en,https://alusteel.net/media/i0cdhm4w/our-customers-website-29.jpg,"Alusteel For Hotel, Restaurant, kitchen Equipment - Clients",
https://alusteel.net/en,https://alusteel.net/media/0bapdv3j/our-customers-website-30.jpg,"Alusteel For Hotel, Restaurant, kitchen Equipment - Clients",
https://alusteel.net/en,https://alusteel.net/media/htwijuzt/our-customers-website-31.jpg,"Alusteel For Hotel, Restaurant, kitchen Equipment - Clients",
https://alusteel.net/en,https://alusteel.net/media/ujudzmuw/our-customers-website-32.jpg,"Alusteel For Hotel, Restaurant, kitchen Equipment - Clients",
https://alusteel.net/en,https://alusteel.net/media/xzplmyqc/our-customers-website-33.jpg,"Alusteel For Hotel, Restaurant, kitchen Equipment - Clients",
https://alusteel.net/en,https://alusteel.net/media/otujlypd/our-customers-website-34.jpg,"Alusteel For Hotel, Restaurant, kitchen Equipment - Clients",
https://alusteel.net/en,https://alusteel.net/media/olsfsbiy/our-customers-website-35.jpg,"Alusteel For Hotel, Restaurant, kitchen Equipment - Clients",
https://alusteel.net/en,https://alusteel.net/media/r2zj1cln/our-customers-website-36.jpg,"Alusteel For Hotel, Restaurant, kitchen Equipment - Clients",
https://alusteel.net/en,https://alusteel.net/media/hoffevbs/our-customers-website-37.jpg,"Alusteel For Hotel, Restaurant, kitchen Equipment - Clients",
https://alusteel.net/en,https://alusteel.net/media/zttb4dso/our-customers-website-38.jpg,"Alusteel For Hotel, Restaurant, kitchen Equipment - Clients",
https://alusteel.net/en,https://alusteel.net/media/tjodnsey/our-customers-website-39.jpg,"Alusteel For Hotel, Restaurant, kitchen Equipment - Clients",
https://alusteel.net/en,https://alusteel.net/media/apdjkq3h/our-customers-website-40.jpg,"Alusteel For Hotel, Restaurant, kitchen Equipment - Clients",
https://alusteel.net/en,https://alusteel.net/media/2wvlrzw2/our-customers-website-41.jpg,"Alusteel For Hotel, Restaurant, kitchen Equipment - Clients",
https://alusteel.net/en,https://alusteel.net/media/po3lnc2w/our-customers-website-42.jpg,"Alusteel For Hotel, Restaurant, kitchen Equipment - Clients",
https://alusteel.net/en,https://alusteel.net/media/w3dlgwko/our-customers-website-43.jpg,"Alusteel For Hotel, Restaurant, kitchen Equipment - Clients",
https://alusteel.net/en,https://alusteel.net/media/q3ckuk0i/our-customers-website-44.jpg,"Alusteel For Hotel, Restaurant, kitchen Equipment - Clients",
https://alusteel.net/en,https://alusteel.net/media/1rxdziau/our-customers-website-45.jpg,"Alusteel For Hotel, Restaurant, kitchen Equipment - Clients",
https://alusteel.net/en,https://alusteel.net/media/egipjd3x/our-customers-website-46.jpg,"Alusteel For Hotel, Restaurant, kitchen Equipment - Clients",
https://alusteel.net/en,https://alusteel.net/media/kb0b0dwp/our-customers-website-47.jpg,"Alusteel For Hotel, Restaurant, kitchen Equipment - Clients",
https://alusteel.net/en,https://alusteel.net/media/rn4bpvgd/our-customers-website-48.jpg,"Alusteel For Hotel, Restaurant, kitchen Equipment - Clients",
https://alusteel.net/en,https://alusteel.net/media/hd2fzz2c/our-customers-website-49.jpg,"Alusteel For Hotel, Restaurant, kitchen Equipment - Clients",
https://alusteel.net/en,https://alusteel.net/media/sx1jycyi/our-customers-website-50.jpg,"Alusteel For Hotel, Restaurant, kitchen Equipment - Clients",
https://alusteel.net/en,https://alusteel.net/media/vtrnss2l/our-customers-website-51.jpg,"Alusteel For Hotel, Restaurant, kitchen Equipment - Clients",
https://alusteel.net/en,https://alusteel.net/media/d4hdmb45/our-customers-website-52.jpg,"Alusteel For Hotel, Restaurant, kitchen Equipment - Clients",
https://alusteel.net/en,https://alusteel.net/media/40dj3qtl/our-customers-website-53.jpg,"Alusteel For Hotel, Restaurant, kitchen Equipment - Clients",
https://alusteel.net/en,https://alusteel.net/media/jogmsrgc/our-customers-website-54.jpg,"Alusteel For Hotel, Restaurant, kitchen Equipment - Clients",
https://alusteel.net/en,https://alusteel.net/media/mqchbeza/our-customers-website-55.jpg,"Alusteel For Hotel, Restaurant, kitchen Equipment - Clients",
https://alusteel.net/en,https://alusteel.net/media/cf2btlgb/our-customers-website-56.jpg,"Alusteel For Hotel, Restaurant, kitchen Equipment - Clients",
https://alusteel.net/en,https://alusteel.net/media/2p0aj4t0/our-customers-website-57.jpg,"Alusteel For Hotel, Restaurant, kitchen Equipment - Clients",
https://alusteel.net/en,https://alusteel.net/media/wexbcbda/our-customers-website-58.jpg,"Alusteel For Hotel, Restaurant, kitchen Equipment - Clients",
https://alusteel.net/en,https://alusteel.net/media/ydvbq0t0/our-customers-website-59.jpg,"Alusteel For Hotel, Restaurant, kitchen Equipment - Clients",
https://alusteel.net/en,https://alusteel.net/media/s0sndpws/our-customers-website-60.jpg,"Alusteel For Hotel, Restaurant, kitchen Equipment - Clients",
https://alusteel.net/en,https://alusteel.net/media/he4mbwxx/our-customers-website-61.jpg,"Alusteel For Hotel, Restaurant, kitchen Equipment - Clients",
https://alusteel.net/en,https://alusteel.net/media/wmunaodk/our-customers-website-62.jpg,"Alusteel For Hotel, Restaurant, kitchen Equipment - Clients",
https://alusteel.net/en,https://alusteel.net/media/gdjoyyoh/our-customers-website-63.jpg,"Alusteel For Hotel, Restaurant, kitchen Equipment - Clients",
https://alusteel.net/en,https://alusteel.net/media/dqwj15yj/our-customers-website-64.jpg,"Alusteel For Hotel, Restaurant, kitchen Equipment - Clients",
https://alusteel.net/en,https://alusteel.net/media/gr2h3noj/our-customers-website-65.jpg,"Alusteel For Hotel, Restaurant, kitchen Equipment - Clients",
https://alusteel.net/en,https://alusteel.net/media/wmcbbss4/our-customers-website-66.jpg,"Alusteel For Hotel, Restaurant, kitchen Equipment - Clients",
https://alusteel.net/en,https://alusteel.net/media/fzkda3ao/our-customers-website-67.jpg,"Alusteel For Hotel, Restaurant, kitchen Equipment - Clients",
https://alusteel.net/en,https://alusteel.net/media/34fhbbe0/our-customers-website-68.jpg,"Alusteel For Hotel, Restaurant, kitchen Equipment - Clients",
https://alusteel.net/en,https://alusteel.net/media/1axarbqm/our-customers-website-69.jpg,"Alusteel For Hotel, Restaurant, kitchen Equipment - Clients",
https://alusteel.net/en,https://alusteel.net/media/lm1ps5hk/our-customers-website-70.jpg,"Alusteel For Hotel, Restaurant, kitchen Equipment - Clients",
https://alusteel.net/en,https://alusteel.net/media/wmwfiorb/our-customers-website-71.jpg,"Alusteel For Hotel, Restaurant, kitchen Equipment - Clients",
https://alusteel.net/en,https://alusteel.net/media/4t5fdnse/our-customers-website-72.jpg,"Alusteel For Hotel, Restaurant, kitchen Equipment - Clients",
https://alusteel.net/en,https://alusteel.net/media/xu0lz4cz/our-customers-website-73.jpg,"Alusteel For Hotel, Restaurant, kitchen Equipment - Clients",
https://alusteel.net/en,https://alusteel.net/media/ji3punsm/our-customers-website-74.jpg,"Alusteel For Hotel, Restaurant, kitchen Equipment - Clients",
https://alusteel.net/en,https://alusteel.net/media/psqbvbw5/our-customers-website-2.jpg,"Alusteel For Hotel, Restaurant, kitchen Equipment - Clients",
https://alusteel.net/en,https://alusteel.net/media/0q4c31lk/our-customers-website-88.jpg,"Alusteel For Hotel, Restaurant, kitchen Equipment - Clients",
https://alusteel.net/en,https://alusteel.net/media/hjxh1uyv/our-customers-website-76.jpg,"Alusteel For Hotel, Restaurant, kitchen Equipment - Clients",
https://alusteel.net/en,https://alusteel.net/media/2w2djg0t/our-customers-website-77.jpg,"Alusteel For Hotel, Restaurant, kitchen Equipment - Clients",
https://alusteel.net/en,https://alusteel.net/media/v32ga22d/our-customers-website-78.jpg,"Alusteel For Hotel, Restaurant, kitchen Equipment - Clients",
https://alusteel.net/en,https://alusteel.net/media/wvmjr24h/our-customers-website-79.jpg,"Alusteel For Hotel, Restaurant, kitchen Equipment - Clients",
https://alusteel.net/en,https://alusteel.net/media/lchnljfe/our-customers-website-80.jpg,"Alusteel For Hotel, Restaurant, kitchen Equipment - Clients",
https://alusteel.net/en,https://alusteel.net/media/a1qlbmkw/our-customers-website-81.jpg,"Alusteel For Hotel, Restaurant, kitchen Equipment - Clients",
https://alusteel.net/en,https://alusteel.net/media/hx2biuno/our-customers-website-82.jpg,"Alusteel For Hotel, Restaurant, kitchen Equipment - Clients",
https://alusteel.net/en,https://alusteel.net/media/yexp44fo/our-customers-website-83.jpg,"Alusteel For Hotel, Restaurant, kitchen Equipment - Clients",
https://alusteel.net/en,https://alusteel.net/media/nang3lqx/our-customers-website-84.jpg,"Alusteel For Hotel, Restaurant, kitchen Equipment - Clients",
https://alusteel.net/en,https://alusteel.net/media/hpfg4kp1/our-customers-website-85.jpg,"Alusteel For Hotel, Restaurant, kitchen Equipment - Clients",
https://alusteel.net/en,https://alusteel.net/media/s2pjilyi/our-customers-website-86.jpg,"Alusteel For Hotel, Restaurant, kitchen Equipment - Clients",
https://alusteel.net/en,https://alusteel.net/media/bubdjwp4/our-customers-website-87.jpg,"Alusteel For Hotel, Restaurant, kitchen Equipment - Clients",
https://alusteel.net/en,https://alusteel.net/media/u12k5phd/our-customers-website-89.jpg,"Alusteel For Hotel, Restaurant, kitchen Equipment - Clients",
https://alusteel.net/en,https://alusteel.net/media/0uzdbxyn/our-customers-website-91.jpg,"Alusteel For Hotel, Restaurant, kitchen Equipment - Clients",
https://alusteel.net/en,https://alusteel.net/media/43lburnd/our-customers-website-92.jpg,"Alusteel For Hotel, Restaurant, kitchen Equipment - Clients",
https://alusteel.net/en,https://alusteel.net/media/3x0jxejs/our-customers-website-93.jpg,"Alusteel For Hotel, Restaurant, kitchen Equipment - Clients",
https://alusteel.net/en,https://alusteel.net/media/oqai5bfy/our-customers-website-94.jpg,"Alusteel For Hotel, Restaurant, kitchen Equipment - Clients",
https://alusteel.net/من-نحن,https://alusteel.net/media/j2nmz1zm/مصنع-الوستيل-لمعدات-المطاعم-والفنادق.jpg,الوستيل لتجهيزات المطابخ والفنادق والمطاعم,
https://alusteel.net/من-نحن,https://alusteel.net/assets/image/b1.jpg,,
https://alusteel.net/من-نحن,https://alusteel.net/assets/image/b2.jpg,,
https://alusteel.net/من-نحن,https://alusteel.net/assets/image/b3.jpg,,
https://alusteel.net/من-نحن,https://alusteel.net/assets/image/b4.jpg,,
https://alusteel.net/من-نحن,https://alusteel.net/assets/image/2.jpg,Alusteel-Eng/magdy the owner,
https://alusteel.net/المنتجات,https://alusteel.net/media/p2aoaftu/hot-line-cover-post-web-site.jpg,الوستيل لتجهيزات المطابخ والفنادق والمطاعم,
https://alusteel.net/المنتجات,https://alusteel.net/media/tusc0nai/refrigerator-cover-post-web-site.jpg,الوستيل لتجهيزات المطابخ والفنادق والمطاعم,
https://alusteel.net/المنتجات,https://alusteel.net/media/fa4plv3a/صورة-كفر-خط-متعادل.jpg,الوستيل لتجهيزات المطابخ والفنادق والمطاعم,
https://alusteel.net/المنتجات,https://alusteel.net/media/fb0jfobp/منتجات-مميزة.jpg,الوستيل لتجهيزات المطابخ والفنادق والمطاعم,
https://alusteel.net/المنتجات,https://alusteel.net/media/l3bp2aqj/بوفيه-1.jpg,الوستيل لتجهيزات المطابخ والفنادق والمطاعم,
https://alusteel.net/المنتجات,https://alusteel.net/media/qzepjfrd/snacke-line.jpg,الوستيل لتجهيزات المطابخ والفنادق والمطاعم,
https://alusteel.net/المنتجات/خطوط-طهي-الوستيل,https://alusteel.net/media/s1cj4ls4/بان-مارى-اوفر-كونتر.jpg,الوستيل لتجهيزات المطابخ والفنادق والمطاعم,
https://alusteel.net/المنتجات/خطوط-طهي-الوستيل,https://alusteel.net/media/kljihi0d/حلة-بخارية.jpg,الوستيل لتجهيزات المطابخ والفنادق والمطاعم,
https://alusteel.net/المنتجات/خطوط-طهي-الوستيل,https://alusteel.net/media/do1d0wya/موقد-4-بلاطة-دائرة.jpg,الوستيل لتجهيزات المطابخ والفنادق والمطاعم,
https://alusteel.net/المنتجات/خطوط-طهي-الوستيل,https://alusteel.net/media/45okq2pr/قلاية-2-عين.jpg,الوستيل لتجهيزات المطابخ والفنادق والمطاعم,
https://alusteel.net/المنتجات/خطوط-طهي-الوستيل,https://alusteel.net/media/ovgpy0ev/بوتجاز-4-شعلة.jpg,الوستيل لتجهيزات المطابخ والفنادق والمطاعم,
https://alusteel.net/المنتجات/خطوط-طهي-الوستيل,https://alusteel.net/media/kzkhoe1x/جريل.jpg,الوستيل لتجهيزات المطابخ والفنادق والمطاعم,
https://alusteel.net/المنتجات/خطوط-طهي-الوستيل,https://alusteel.net/media/p2aoaftu/hot-line-cover-post-web-site.jpg,الوستيل لتجهيزات المطابخ والفنادق والمطاعم,
https://alusteel.net/المنتجات/خطوط-طهي-الوستيل,https://alusteel.net/media/xekbadbx/احدث-فرن-بيتزا.jpg,الوستيل لتجهيزات المطابخ والفنادق والمطاعم,
https://alusteel.net/المنتجات/خطوط-طهي-الوستيل,https://alusteel.net/media/fmjbevps/باستا-كوكر-اوفر-كونتر.jpg,الوستيل لتجهيزات المطابخ والفنادق والمطاعم,
https://alusteel.net/المنتجات/خطوط-طهي-الوستيل,https://alusteel.net/media/xuaa4atr/حلة-قلابة-مربع-رز.jpg,الوستيل لتجهيزات المطابخ والفنادق والمطاعم,
https://alusteel.net/المنتجات/خطوط-طهي-الوستيل/بان-ماري,https://alusteel.net/media/0xyc44jr/بان-مارى.jpg,الوستيل لتجهيزات المطابخ والفنادق والمطاعم - بان ماري - خطوط طهي الوستيل,
https://alusteel.net/المنتجات/خطوط-طهي-الوستيل/بان-ماري,https://alusteel.net/media/s1cj4ls4/بان-مارى-اوفر-كونتر.jpg,الوستيل لتجهيزات المطابخ والفنادق والمطاعم - بان ماري - خطوط طهي الوستيل,
https://alusteel.net/المنتجات/خطوط-طهي-الوستيل/بان-ماري,https://alusteel.net/media/bxnlzecx/فرن-بيتزا-حطب-2.jpg,الوستيل لتجهيزات المطابخ والفنادق والمطاعم,
https://alusteel.net/المنتجات/خطوط-طهي-الوستيل/بان-ماري,https://alusteel.net/media/vu4ng5ee/شوايات-حطب.jpg,الوستيل لتجهيزات المطابخ والفنادق والمطاعم,
https://alusteel.net/المنتجات/خطوط-طهي-الوستيل/بان-ماري,https://alusteel.net/media/0k2n2u0d/شوايات-دوارة.jpg,الوستيل لتجهيزات المطابخ والفنادق والمطاعم,
https://alusteel.net/المنتجات/خطوط-طهي-الوستيل/بان-ماري,https://alusteel.net/media/mg3h3bva/فرن-بطاطس-كومبير-2.jpg,الوستيل لتجهيزات المطابخ والفنادق والمطاعم,
https://alusteel.net/المنتجات/خطوط-طهي-الوستيل/بان-ماري,https://alusteel.net/media/grxcakgd/فرن-عيش.jpg,الوستيل لتجهيزات المطابخ والفنادق والمطاعم,
https://alusteel.net/المنتجات/خطوط-طهي-الوستيل/بان-ماري,https://alusteel.net/media/jkvbzvv4/فرن-تدخين.jpg,الوستيل لتجهيزات المطابخ والفنادق والمطاعم,
https://alusteel.net/المنتجات/خطوط-طهي-الوستيل/بان-ماري,https://alusteel.net/media/lzvnpozm/شواية-فراخ-كهرباء.jpg,الوستيل لتجهيزات المطابخ والفنادق والمطاعم,
https://alusteel.net/المنتجات/خطوط-طهي-الوستيل/حلة-طهي-بالبخار,https://alusteel.net/media/kljihi0d/حلة-بخارية.jpg,الوستيل لتجهيزات المطابخ والفنادق والمطاعم - حلة طهي بالبخار - خطوط طهي الوستيل,
https://alusteel.net/المنتجات/خطوط-طهي-الوستيل/حلة-طهي-بالبخار,https://alusteel.net/media/bxnlzecx/فرن-بيتزا-حطب-2.jpg,الوستيل لتجهيزات المطابخ والفنادق والمطاعم,
https://alusteel.net/المنتجات/خطوط-طهي-الوستيل/حلة-طهي-بالبخار,https://alusteel.net/media/vu4ng5ee/شوايات-حطب.jpg,الوستيل لتجهيزات المطابخ والفنادق والمطاعم,
https://alusteel.net/المنتجات/خطوط-طهي-الوستيل/حلة-طهي-بالبخار,https://alusteel.net/media/0k2n2u0d/شوايات-دوارة.jpg,الوستيل لتجهيزات المطابخ والفنادق والمطاعم,
https://alusteel.net/المنتجات/خطوط-طهي-الوستيل/حلة-طهي-بالبخار,https://alusteel.net/media/mg3h3bva/فرن-بطاطس-كومبير-2.jpg,الوستيل لتجهيزات المطابخ والفنادق والمطاعم,
https://alusteel.net/المنتجات/خطوط-طهي-الوستيل/حلة-طهي-بالبخار,https://alusteel.net/media/grxcakgd/فرن-عيش.jpg,الوستيل لتجهيزات المطابخ والفنادق والمطاعم,
https://alusteel.net/المنتجات/خطوط-طهي-الوستيل/حلة-طهي-بالبخار,https://alusteel.net/media/jkvbzvv4/فرن-تدخين.jpg,الوستيل لتجهيزات المطابخ والفنادق والمطاعم,
https://alusteel.net/المنتجات/خطوط-طهي-الوستيل/حلة-طهي-بالبخار,https://alusteel.net/media/lzvnpozm/شواية-فراخ-كهرباء.jpg,الوستيل لتجهيزات المطابخ والفنادق والمطاعم,
https://alusteel.net/المنتجات/خطوط-طهي-الوستيل/مواقد-كهرباء,https://alusteel.net/media/do1d0wya/موقد-4-بلاطة-دائرة.jpg,الوستيل لتجهيزات المطابخ والفنادق والمطاعم - مواقد كهرباء - خطوط طهي الوستيل,
https://alusteel.net/المنتجات/خطوط-طهي-الوستيل/مواقد-كهرباء,https://alusteel.net/media/fueo4r4d/موقد-4-بلاطة-مربعه.jpg,الوستيل لتجهيزات المطابخ والفنادق والمطاعم - مواقد كهرباء - خطوط طهي الوستيل,
https://alusteel.net/المنتجات/خطوط-طهي-الوستيل/مواقد-كهرباء,https://alusteel.net/media/xygfipal/موقد-6-بلاطة-دائرة.jpg,الوستيل لتجهيزات المطابخ والفنادق والمطاعم - مواقد كهرباء - خطوط طهي الوستيل,
https://alusteel.net/المنتجات/خطوط-طهي-الوستيل/مواقد-كهرباء,https://alusteel.net/media/fehcw0v0/موقد-6-بلاطة-مربعه.jpg,الوستيل لتجهيزات المطابخ والفنادق والمطاعم - مواقد كهرباء - خطوط طهي الوستيل,
https://alusteel.net/المنتجات/خطوط-طهي-الوستيل/مواقد-كهرباء,https://alusteel.net/media/ccfepx3p/اوفر-كونتر-موقد-2-بلاطة.jpg,الوستيل لتجهيزات المطابخ والفنادق والمطاعم - مواقد كهرباء - خطوط طهي الوستيل,
https://alusteel.net/المنتجات/خطوط-طهي-الوستيل/مواقد-كهرباء,https://alusteel.net/media/bxnlzecx/فرن-بيتزا-حطب-2.jpg,الوستيل لتجهيزات المطابخ والفنادق والمطاعم,
https://alusteel.net/المنتجات/خطوط-طهي-الوستيل/مواقد-كهرباء,https://alusteel.net/media/vu4ng5ee/شوايات-حطب.jpg,الوستيل لتجهيزات المطابخ والفنادق والمطاعم,
https://alusteel.net/المنتجات/خطوط-طهي-الوستيل/مواقد-كهرباء,https://alusteel.net/media/0k2n2u0d/شوايات-دوارة.jpg,الوستيل لتجهيزات المطابخ والفنادق والمطاعم,
https://alusteel.net/المنتجات/خطوط-طهي-الوستيل/مواقد-كهرباء,https://alusteel.net/media/mg3h3bva/فرن-بطاطس-كومبير-2.jpg,الوستيل لتجهيزات المطابخ والفنادق والمطاعم,
https://alusteel.net/المنتجات/خطوط-طهي-الوستيل/مواقد-كهرباء,https://alusteel.net/media/grxcakgd/فرن-عيش.jpg,الوستيل لتجهيزات المطابخ والفنادق والمطاعم,
https://alusteel.net/المنتجات/خطوط-طهي-الوستيل/مواقد-كهرباء,https://alusteel.net/media/jkvbzvv4/فرن-تدخين.jpg,الوستيل لتجهيزات المطابخ والفنادق والمطاعم,
https://alusteel.net/المنتجات/خطوط-طهي-الوستيل/مواقد-كهرباء,https://alusteel.net/media/lzvnpozm/شواية-فراخ-كهرباء.jpg,الوستيل لتجهيزات المطابخ والفنادق والمطاعم,
https://alusteel.net/المنتجات/خطوط-طهي-الوستيل/القلايات,https://alusteel.net/media/45okq2pr/قلاية-2-عين.jpg,الوستيل لتجهيزات المطابخ والفنادق والمطاعم - القلايات - خطوط طهي الوستيل,
https://alusteel.net/المنتجات/خطوط-طهي-الوستيل/القلايات,https://alusteel.net/media/tdmdovab/قلاية-1-عين-اوفر-كونتر.jpg,الوستيل لتجهيزات المطابخ والفنادق والمطاعم - القلايات - خطوط طهي الوستيل,
https://alusteel.net/المنتجات/خطوط-طهي-الوستيل/القلايات,https://alusteel.net/media/bxnlzecx/فرن-بيتزا-حطب-2.jpg,الوستيل لتجهيزات المطابخ والفنادق والمطاعم,
https://alusteel.net/المنتجات/خطوط-طهي-الوستيل/القلايات,https://alusteel.net/media/vu4ng5ee/شوايات-حطب.jpg,الوستيل لتجهيزات المطابخ والفنادق والمطاعم,
https://alusteel.net/المنتجات/خطوط-طهي-الوستيل/القلايات,https://alusteel.net/media/0k2n2u0d/شوايات-دوارة.jpg,الوستيل لتجهيزات المطابخ والفنادق والمطاعم,
https://alusteel.net/المنتجات/خطوط-طهي-الوستيل/القلايات,https://alusteel.net/media/mg3h3bva/فرن-بطاطس-كومبير-2.jpg,الوستيل لتجهيزات المطابخ والفنادق والمطاعم,
https://alusteel.net/المنتجات/خطوط-طهي-الوستيل/القلايات,https://alusteel.net/media/grxcakgd/فرن-عيش.jpg,الوستيل لتجهيزات المطابخ والفنادق والمطاعم,
https://alusteel.net/المنتجات/خطوط-طهي-الوستيل/القلايات,https://alusteel.net/media/jkvbzvv4/فرن-تدخين.jpg,الوستيل لتجهيزات المطابخ والفنادق والمطاعم,
https://alusteel.net/المنتجات/خطوط-طهي-الوستيل/القلايات,https://alusteel.net/media/lzvnpozm/شواية-فراخ-كهرباء.jpg,الوستيل لتجهيزات المطابخ والفنادق والمطاعم,
https://alusteel.net/المنتجات/خطوط-طهي-الوستيل/بوتجازات-غاز,https://alusteel.net/media/ovgpy0ev/بوتجاز-4-شعلة.jpg,الوستيل لتجهيزات المطابخ والفنادق والمطاعم - بوتجازات غاز - خطوط طهي الوستيل,
https://alusteel.net/المنتجات/خطوط-طهي-الوستيل/بوتجازات-غاز,https://alusteel.net/media/1bec0ji5/بوتجاز-6-شعلة.jpg,الوستيل لتجهيزات المطابخ والفنادق والمطاعم - بوتجازات غاز - خطوط طهي الوستيل,
https://alusteel.net/المنتجات/خطوط-طهي-الوستيل/بوتجازات-غاز,https://alusteel.net/media/g3innvhb/بوتجاز-2-شعلة-اوفر-كونتر.jpg,الوستيل لتجهيزات المطابخ والفنادق والمطاعم - بوتجازات غاز - خطوط طهي الوستيل,
https://alusteel.net/المنتجات/خطوط-طهي-الوستيل/بوتجازات-غاز,https://alusteel.net/media/fu5gz112/بوتجاز-2-شعلة-بدون-فرن.jpg,الوستيل لتجهيزات المطابخ والفنادق والمطاعم - بوتجازات غاز - خطوط طهي الوستيل,
https://alusteel.net/المنتجات/خطوط-طهي-الوستيل/بوتجازات-غاز,https://alusteel.net/media/uhtlppbq/بوتجاز-4-شعلة-بدون-فرن.jpg,الوستيل لتجهيزات المطابخ والفنادق والمطاعم - بوتجازات غاز - خطوط طهي الوستيل,
https://alusteel.net/المنتجات/خطوط-طهي-الوستيل/بوتجازات-غاز,https://alusteel.net/media/bxnlzecx/فرن-بيتزا-حطب-2.jpg,الوستيل لتجهيزات المطابخ والفنادق والمطاعم,
https://alusteel.net/المنتجات/خطوط-طهي-الوستيل/بوتجازات-غاز,https://alusteel.net/media/vu4ng5ee/شوايات-حطب.jpg,الوستيل لتجهيزات المطابخ والفنادق والمطاعم,
https://alusteel.net/المنتجات/خطوط-طهي-الوستيل/بوتجازات-غاز,https://alusteel.net/media/0k2n2u0d/شوايات-دوارة.jpg,الوستيل لتجهيزات المطابخ والفنادق والمطاعم,
https://alusteel.net/المنتجات/خطوط-طهي-الوستيل/بوتجازات-غاز,https://alusteel.net/media/mg3h3bva/فرن-بطاطس-كومبير-2.jpg,الوستيل لتجهيزات المطابخ والفنادق والمطاعم,
https://alusteel.net/المنتجات/خطوط-طهي-الوستيل/بوتجازات-غاز,https://alusteel.net/media/grxcakgd/فرن-عيش.jpg,الوستيل لتجهيزات المطابخ والفنادق والمطاعم,
https://alusteel.net/المنتجات/خطوط-طهي-الوستيل/بوتجازات-غاز,https://alusteel.net/media/jkvbzvv4/فرن-تدخين.jpg,الوستيل لتجهيزات المطابخ والفنادق والمطاعم,
https://alusteel.net/المنتجات/خطوط-طهي-الوستيل/بوتجازات-غاز,https://alusteel.net/media/lzvnpozm/شواية-فراخ-كهرباء.jpg,الوستيل لتجهيزات المطابخ والفنادق والمطاعم,
https://alusteel.net/المنتجات/خطوط-طهي-الوستيل/جريلات-و-شاورما,https://alusteel.net/media/kzkhoe1x/جريل.jpg,الوستيل لتجهيزات المطابخ والفنادق والمطاعم - جريلات و شاورما - خطوط طهي الوستيل,
https://alusteel.net/المنتجات/خطوط-طهي-الوستيل/جريلات-و-شاورما,https://alusteel.net/media/0ltlpxon/جريل-شاركل.jpg,الوستيل لتجهيزات المطابخ والفنادق والمطاعم - جريلات و شاورما - خطوط طهي الوستيل,
https://alusteel.net/المنتجات/خطوط-طهي-الوستيل/جريلات-و-شاورما,https://alusteel.net/media/4lojb15r/شاورما-1-و-2-سيخ.jpg,الوستيل لتجهيزات المطابخ والفنادق والمطاعم - جريلات و شاورما - خطوط طهي الوستيل,
https://alusteel.net/المنتجات/خطوط-طهي-الوستيل/جريلات-و-شاورما,https://alusteel.net/media/2jyfm01p/جريل-اوفر-كونتر.jpg,الوستيل لتجهيزات المطابخ والفنادق والمطاعم - جريلات و شاورما - خطوط طهي الوستيل,
https://alusteel.net/المنتجات/خطوط-طهي-الوستيل/جريلات-و-شاورما,https://alusteel.net/media/bxnlzecx/فرن-بيتزا-حطب-2.jpg,الوستيل لتجهيزات المطابخ والفنادق والمطاعم,
https://alusteel.net/المنتجات/خطوط-طهي-الوستيل/جريلات-و-شاورما,https://alusteel.net/media/vu4ng5ee/شوايات-حطب.jpg,الوستيل لتجهيزات المطابخ والفنادق والمطاعم,
https://alusteel.net/المنتجات/خطوط-طهي-الوستيل/جريلات-و-شاورما,https://alusteel.net/media/0k2n2u0d/شوايات-دوارة.jpg,الوستيل لتجهيزات المطابخ والفنادق والمطاعم,
https://alusteel.net/المنتجات/خطوط-طهي-الوستيل/جريلات-و-شاورما,https://alusteel.net/media/mg3h3bva/فرن-بطاطس-كومبير-2.jpg,الوستيل لتجهيزات المطابخ والفنادق والمطاعم,
https://alusteel.net/المنتجات/خطوط-طهي-الوستيل/جريلات-و-شاورما,https://alusteel.net/media/grxcakgd/فرن-عيش.jpg,الوستيل لتجهيزات المطابخ والفنادق والمطاعم,
https://alusteel.net/المنتجات/خطوط-طهي-الوستيل/جريلات-و-شاورما,https://alusteel.net/media/jkvbzvv4/فرن-تدخين.jpg,الوستيل لتجهيزات المطابخ والفنادق والمطاعم,
https://alusteel.net/المنتجات/خطوط-طهي-الوستيل/جريلات-و-شاورما,https://alusteel.net/media/lzvnpozm/شواية-فراخ-كهرباء.jpg,الوستيل لتجهيزات المطابخ والفنادق والمطاعم,
https://alusteel.net/المنتجات/خطوط-طهي-الوستيل/خط-ساخن-90,https://alusteel.net/media/p2aoaftu/hot-line-cover-post-web-site.jpg,الوستيل لتجهيزات المطابخ والفنادق والمطاعم - خط ساخن 90 - خطوط طهي الوستيل,
https://alusteel.net/المنتجات/خطوط-طهي-الوستيل/خط-ساخن-90,https://alusteel.net/media/bxnlzecx/فرن-بيتزا-حطب-2.jpg,الوستيل لتجهيزات المطابخ والفنادق والمطاعم,
https://alusteel.net/المنتجات/خطوط-طهي-الوستيل/خط-ساخن-90,https://alusteel.net/media/vu4ng5ee/شوايات-حطب.jpg,الوستيل لتجهيزات المطابخ والفنادق والمطاعم,
https://alusteel.net/المنتجات/خطوط-طهي-الوستيل/خط-ساخن-90,https://alusteel.net/media/0k2n2u0d/شوايات-دوارة.jpg,الوستيل لتجهيزات المطابخ والفنادق والمطاعم,
https://alusteel.net/المنتجات/خطوط-طهي-الوستيل/خط-ساخن-90,https://alusteel.net/media/mg3h3bva/فرن-بطاطس-كومبير-2.jpg,الوستيل لتجهيزات المطابخ والفنادق والمطاعم,
https://alusteel.net/المنتجات/خطوط-طهي-الوستيل/خط-ساخن-90,https://alusteel.net/media/grxcakgd/فرن-عيش.jpg,الوستيل لتجهيزات المطابخ والفنادق والمطاعم,
https://alusteel.net/المنتجات/خطوط-طهي-الوستيل/خط-ساخن-90,https://alusteel.net/media/jkvbzvv4/فرن-تدخين.jpg,الوستيل لتجهيزات المطابخ والفنادق والمطاعم,
https://alusteel.net/المنتجات/خطوط-طهي-الوستيل/خط-ساخن-90,https://alusteel.net/media/lzvnpozm/شواية-فراخ-كهرباء.jpg,الوستيل لتجهيزات المطابخ والفنادق والمطاعم,
https://alusteel.net/المنتجات/خطوط-طهي-الوستيل/افران,https://alusteel.net/media/bxnlzecx/فرن-بيتزا-حطب-2.jpg,الوستيل لتجهيزات المطابخ والفنادق والمطاعم - افران - خطوط طهي الوستيل,
https://alusteel.net/المنتجات/خطوط-طهي-الوستيل/افران,https://alusteel.net/media/zefbvzum/فرن-بيتزا-حطب-1.jpg,الوستيل لتجهيزات المطابخ والفنادق والمطاعم - افران - خطوط طهي الوستيل,
https://alusteel.net/المنتجات/خطوط-طهي-الوستيل/افران,https://alusteel.net/media/4l3mzd0y/فرن-بيتزا-حطب-2.jpg,الوستيل لتجهيزات المطابخ والفنادق والمطاعم - افران - خطوط طهي الوستيل,
https://alusteel.net/المنتجات/خطوط-طهي-الوستيل/افران,https://alusteel.net/media/otdaablv/فرن-بيتزا-حطب-3.jpg,الوستيل لتجهيزات المطابخ والفنادق والمطاعم - افران - خطوط طهي الوستيل,
https://alusteel.net/المنتجات/خطوط-طهي-الوستيل/افران,https://alusteel.net/media/sa1dk0gp/فرن-بيتزا-حطب-4.jpg,الوستيل لتجهيزات المطابخ والفنادق والمطاعم - افران - خطوط طهي الوستيل,
https://alusteel.net/المنتجات/خطوط-طهي-الوستيل/افران,https://alusteel.net/media/ka1hr2gu/فرن-بيتزا-حطب-5.jpg,الوستيل لتجهيزات المطابخ والفنادق والمطاعم - افران - خطوط طهي الوستيل,
https://alusteel.net/المنتجات/خطوط-طهي-الوستيل/افران,https://alusteel.net/media/qgjfuoel/فرن-دك-بيتزا.jpg,الوستيل لتجهيزات المطابخ والفنادق والمطاعم - افران - خطوط طهي الوستيل,
https://alusteel.net/المنتجات/خطوط-طهي-الوستيل/افران,https://alusteel.net/media/vu4ng5ee/شوايات-حطب.jpg,الوستيل لتجهيزات المطابخ والفنادق والمطاعم,
https://alusteel.net/المنتجات/خطوط-طهي-الوستيل/افران,https://alusteel.net/media/0k2n2u0d/شوايات-دوارة.jpg,الوستيل لتجهيزات المطابخ والفنادق والمطاعم,
https://alusteel.net/المنتجات/خطوط-طهي-الوستيل/افران,https://alusteel.net/media/mg3h3bva/فرن-بطاطس-كومبير-2.jpg,الوستيل لتجهيزات المطابخ والفنادق والمطاعم,
https://alusteel.net/المنتجات/خطوط-طهي-الوستيل/افران,https://alusteel.net/media/grxcakgd/فرن-عيش.jpg,الوستيل لتجهيزات المطابخ والفنادق والمطاعم,
https://alusteel.net/المنتجات/خطوط-طهي-الوستيل/افران,https://alusteel.net/media/jkvbzvv4/فرن-تدخين.jpg,الوستيل لتجهيزات المطابخ والفنادق والمطاعم,
https://alusteel.net/المنتجات/خطوط-طهي-الوستيل/افران,https://alusteel.net/media/lzvnpozm/شواية-فراخ-كهرباء.jpg,الوستيل لتجهيزات المطابخ والفنادق والمطاعم,
https://alusteel.net/المنتجات/خطوط-طهي-الوستيل/باستا-كوكر,https://alusteel.net/media/fmjbevps/باستا-كوكر-اوفر-كونتر.jpg,الوستيل لتجهيزات المطابخ والفنادق والمطاعم - باستا كوكر - خطوط طهي الوستيل,
https://alusteel.net/المنتجات/خطوط-طهي-الوستيل/باستا-كوكر,https://alusteel.net/media/bxnlzecx/فرن-بيتزا-حطب-2.jpg,الوستيل لتجهيزات المطابخ والفنادق والمطاعم,
https://alusteel.net/المنتجات/خطوط-طهي-الوستيل/باستا-كوكر,https://alusteel.net/media/vu4ng5ee/شوايات-حطب.jpg,الوستيل لتجهيزات المطابخ والفنادق والمطاعم,
https://alusteel.net/المنتجات/خطوط-طهي-الوستيل/باستا-كوكر,https://alusteel.net/media/0k2n2u0d/شوايات-دوارة.jpg,الوستيل لتجهيزات المطابخ والفنادق والمطاعم,
https://alusteel.net/المنتجات/خطوط-طهي-الوستيل/باستا-كوكر,https://alusteel.net/media/mg3h3bva/فرن-بطاطس-كومبير-2.jpg,الوستيل لتجهيزات المطابخ والفنادق والمطاعم,
https://alusteel.net/المنتجات/خطوط-طهي-الوستيل/باستا-كوكر,https://alusteel.net/media/grxcakgd/فرن-عيش.jpg,الوستيل لتجهيزات المطابخ والفنادق والمطاعم,
https://alusteel.net/المنتجات/خطوط-طهي-الوستيل/باستا-كوكر,https://alusteel.net/media/jkvbzvv4/فرن-تدخين.jpg,الوستيل لتجهيزات المطابخ والفنادق والمطاعم,
https://alusteel.net/المنتجات/خطوط-طهي-الوستيل/باستا-كوكر,https://alusteel.net/media/lzvnpozm/شواية-فراخ-كهرباء.jpg,الوستيل لتجهيزات المطابخ والفنادق والمطاعم,
https://alusteel.net/المنتجات/ثلاجات-الوستيل,https://alusteel.net/media/0t2jufe3/ثلاجة-افقية-2.jpg,الوستيل لتجهيزات المطابخ والفنادق والمطاعم,
https://alusteel.net/المنتجات/ثلاجات-الوستيل,https://alusteel.net/media/ybinclav/ثلاجة-تحضير-بيتزا.jpg,الوستيل لتجهيزات المطابخ والفنادق والمطاعم,
https://alusteel.net/المنتجات/ثلاجات-الوستيل,https://alusteel.net/media/kw2pjb03/ثلاجة-رأسية-2-باب.jpg,الوستيل لتجهيزات المطابخ والفنادق والمطاعم,
https://alusteel.net/المنتجات/ثلاجات-الوستيل/ثلاجات-افقية,https://alusteel.net/media/0t2jufe3/ثلاجة-افقية-2.jpg,الوستيل لتجهيزات المطابخ والفنادق والمطاعم - ثلاجات افقية - ثلاجات الوستيل,
https://alusteel.net/المنتجات/ثلاجات-الوستيل/ثلاجات-افقية,https://alusteel.net/media/114p2rkg/ثلاجة-افقية.jpg,الوستيل لتجهيزات المطابخ والفنادق والمطاعم - ثلاجات افقية - ثلاجات الوستيل,
https://alusteel.net/المنتجات/ثلاجات-الوستيل/ثلاجات-افقية,https://alusteel.net/media/bxnlzecx/فرن-بيتزا-حطب-2.jpg,الوستيل لتجهيزات المطابخ والفنادق والمطاعم,
https://alusteel.net/المنتجات/ثلاجات-الوستيل/ثلاجات-افقية,https://alusteel.net/media/vu4ng5ee/شوايات-حطب.jpg,الوستيل لتجهيزات المطابخ والفنادق والمطاعم,
https://alusteel.net/المنتجات/ثلاجات-الوستيل/ثلاجات-افقية,https://alusteel.net/media/0k2n2u0d/شوايات-دوارة.jpg,الوستيل لتجهيزات المطابخ والفنادق والمطاعم,
https://alusteel.net/المنتجات/ثلاجات-الوستيل/ثلاجات-افقية,https://alusteel.net/media/mg3h3bva/فرن-بطاطس-كومبير-2.jpg,الوستيل لتجهيزات المطابخ والفنادق والمطاعم,
https://alusteel.net/المنتجات/ثلاجات-الوستيل/ثلاجات-افقية,https://alusteel.net/media/grxcakgd/فرن-عيش.jpg,الوستيل لتجهيزات المطابخ والفنادق والمطاعم,
https://alusteel.net/المنتجات/ثلاجات-الوستيل/ثلاجات-افقية,https://alusteel.net/media/jkvbzvv4/فرن-تدخين.jpg,الوستيل لتجهيزات المطابخ والفنادق والمطاعم,
https://alusteel.net/المنتجات/ثلاجات-الوستيل/ثلاجات-افقية,https://alusteel.net/media/lzvnpozm/شواية-فراخ-كهرباء.jpg,الوستيل لتجهيزات المطابخ والفنادق والمطاعم,
https://alusteel.net/المنتجات/ثلاجات-الوستيل/ثلاجات-سلطات,https://alusteel.net/media/ybinclav/ثلاجة-تحضير-بيتزا.jpg,الوستيل لتجهيزات المطابخ والفنادق والمطاعم - ثلاجات سلطات - ثلاجات الوستيل,
https://alusteel.net/المنتجات/ثلاجات-الوستيل/ثلاجات-سلطات,https://alusteel.net/media/gksf1phw/ثلاجـة-سلطات.jpg,الوستيل لتجهيزات المطابخ والفنادق والمطاعم - ثلاجات سلطات - ثلاجات الوستيل,
https://alusteel.net/المنتجات/ثلاجات-الوستيل/ثلاجات-سلطات,https://alusteel.net/media/bxnlzecx/فرن-بيتزا-حطب-2.jpg,الوستيل لتجهيزات المطابخ والفنادق والمطاعم,
https://alusteel.net/المنتجات/ثلاجات-الوستيل/ثلاجات-سلطات,https://alusteel.net/media/vu4ng5ee/شوايات-حطب.jpg,الوستيل لتجهيزات المطابخ والفنادق والمطاعم,
https://alusteel.net/المنتجات/ثلاجات-الوستيل/ثلاجات-سلطات,https://alusteel.net/media/0k2n2u0d/شوايات-دوارة.jpg,الوستيل لتجهيزات المطابخ والفنادق والمطاعم,
https://alusteel.net/المنتجات/ثلاجات-الوستيل/ثلاجات-سلطات,https://alusteel.net/media/mg3h3bva/فرن-بطاطس-كومبير-2.jpg,الوستيل لتجهيزات المطابخ والفنادق والمطاعم,
https://alusteel.net/المنتجات/ثلاجات-الوستيل/ثلاجات-سلطات,https://alusteel.net/media/grxcakgd/فرن-عيش.jpg,الوستيل لتجهيزات المطابخ والفنادق والمطاعم,
https://alusteel.net/المنتجات/ثلاجات-الوستيل/ثلاجات-سلطات,https://alusteel.net/media/jkvbzvv4/فرن-تدخين.jpg,الوستيل لتجهيزات المطابخ والفنادق والمطاعم,
https://alusteel.net/المنتجات/ثلاجات-الوستيل/ثلاجات-سلطات,https://alusteel.net/media/lzvnpozm/شواية-فراخ-كهرباء.jpg,الوستيل لتجهيزات المطابخ والفنادق والمطاعم,
https://alusteel.net/المنتجات/ثلاجات-الوستيل/ثلاجات-راسية,https://alusteel.net/media/4syhov2k/ثلاجة-رأسية-1-باب.jpg,الوستيل لتجهيزات المطابخ والفنادق والمطاعم - ثلاجات راسية - ثلاجات الوستيل,
https://alusteel.net/المنتجات/ثلاجات-الوستيل/ثلاجات-راسية,https://alusteel.net/media/kw2pjb03/ثلاجة-رأسية-2-باب.jpg,الوستيل لتجهيزات المطابخ والفنادق والمطاعم - ثلاجات راسية - ثلاجات الوستيل,
https://alusteel.net/المنتجات/ثلاجات-الوستيل/ثلاجات-راسية,https://alusteel.net/media/bxnlzecx/فرن-بيتزا-حطب-2.jpg,الوستيل لتجهيزات المطابخ والفنادق والمطاعم,
https://alusteel.net/المنتجات/ثلاجات-الوستيل/ثلاجات-راسية,https://alusteel.net/media/vu4ng5ee/شوايات-حطب.jpg,الوستيل لتجهيزات المطابخ والفنادق والمطاعم,
https://alusteel.net/المنتجات/ثلاجات-الوستيل/ثلاجات-راسية,https://alusteel.net/media/0k2n2u0d/شوايات-دوارة.jpg,الوستيل لتجهيزات المطابخ والفنادق والمطاعم,
https://alusteel.net/المنتجات/ثلاجات-الوستيل/ثلاجات-راسية,https://alusteel.net/media/mg3h3bva/فرن-بطاطس-كومبير-2.jpg,الوستيل لتجهيزات المطابخ والفنادق والمطاعم,
https://alusteel.net/المنتجات/ثلاجات-الوستيل/ثلاجات-راسية,https://alusteel.net/media/grxcakgd/فرن-عيش.jpg,الوستيل لتجهيزات المطابخ والفنادق والمطاعم,
https://alusteel.net/المنتجات/ثلاجات-الوستيل/ثلاجات-راسية,https://alusteel.net/media/jkvbzvv4/فرن-تدخين.jpg,الوستيل لتجهيزات المطابخ والفنادق والمطاعم,
https://alusteel.net/المنتجات/ثلاجات-الوستيل/ثلاجات-راسية,https://alusteel.net/media/lzvnpozm/شواية-فراخ-كهرباء.jpg,الوستيل لتجهيزات المطابخ والفنادق والمطاعم,
https://alusteel.net/المنتجات/خطوط-متعادل-الوستيل,https://alusteel.net/media/beadbobt/22l.jpg,الوستيل لتجهيزات المطابخ والفنادق والمطاعم,
https://alusteel.net/المنتجات/خطوط-متعادل-الوستيل,https://alusteel.net/media/x35mfnky/24l.jpg,الوستيل لتجهيزات المطابخ والفنادق والمطاعم,
https://alusteel.net/المنتجات/خطوط-متعادل-الوستيل,https://alusteel.net/media/3u1jde1y/25l.jpg,الوستيل لتجهيزات المطابخ والفنادق والمطاعم,
https://alusteel.net/المنتجات/خطوط-متعادل-الوستيل,https://alusteel.net/media/szgegqut/26l.jpg,الوستيل لتجهيزات المطابخ والفنادق والمطاعم,
https://alusteel.net/المنتجات/خطوط-متعادل-الوستيل,https://alusteel.net/media/rlrlsnb0/27l.jpg,الوستيل لتجهيزات المطابخ والفنادق والمطاعم,
https://alusteel.net/المنتجات/خطوط-متعادل-الوستيل,https://alusteel.net/media/wi0lkbbu/28l.jpg,الوستيل لتجهيزات المطابخ والفنادق والمطاعم,
https://alusteel.net/المنتجات/خطوط-متعادل-الوستيل,https://alusteel.net/media/lvtdsvbg/29l.jpg,الوستيل لتجهيزات المطابخ والفنادق والمطاعم,
https://alusteel.net/المنتجات/خطوط-متعادل-الوستيل/دواليب,https://alusteel.net/media/ftwae4xu/62l.jpg,الوستيل لتجهيزات المطابخ والفنادق والمطاعم - دواليب - خطوط متعادل الوستيل,
https://alusteel.net/المنتجات/خطوط-متعادل-الوستيل/دواليب,https://alusteel.net/media/rdenbo0i/63l.jpg,الوستيل لتجهيزات المطابخ والفنادق والمطاعم - دواليب - خطوط متعادل الوستيل,
https://alusteel.net/المنتجات/خطوط-متعادل-الوستيل/دواليب,https://alusteel.net/media/ifhdu5lp/64l.jpg,الوستيل لتجهيزات المطابخ والفنادق والمطاعم - دواليب - خطوط متعادل الوستيل,
https://alusteel.net/المنتجات/خطوط-متعادل-الوستيل/دواليب,https://alusteel.net/media/5rvlfcj1/65l.jpg,الوستيل لتجهيزات المطابخ والفنادق والمطاعم - دواليب - خطوط متعادل الوستيل,
https://alusteel.net/المنتجات/خطوط-متعادل-الوستيل/دواليب,https://alusteel.net/media/lp0jlh3u/66l.jpg,الوستيل لتجهيزات المطابخ والفنادق والمطاعم - دواليب - خطوط متعادل الوستيل,
https://alusteel.net/المنتجات/خطوط-متعادل-الوستيل/دواليب,https://alusteel.net/media/tbjhmxnv/67l.jpg,الوستيل لتجهيزات المطابخ والفنادق والمطاعم - دواليب - خطوط متعادل الوستيل,
https://alusteel.net/المنتجات/خطوط-متعادل-الوستيل/دواليب,https://alusteel.net/media/v0jjmc54/68l.jpg,الوستيل لتجهيزات المطابخ والفنادق والمطاعم - دواليب - خطوط متعادل الوستيل,
https://alusteel.net/المنتجات/خطوط-متعادل-الوستيل/دواليب,https://alusteel.net/media/u2rfagyg/69l.jpg,الوستيل لتجهيزات المطابخ والفنادق والمطاعم - دواليب - خطوط متعادل الوستيل,
https://alusteel.net/المنتجات/خطوط-متعادل-الوستيل/دواليب,https://alusteel.net/media/jknda2l2/70l.jpg,الوستيل لتجهيزات المطابخ والفنادق والمطاعم - دواليب - خطوط متعادل الوستيل,
https://alusteel.net/المنتجات/خطوط-متعادل-الوستيل/دواليب,https://alusteel.net/umbraco/backoffice/UmbracoApi/Images/GetBigThumbnail?width=197&height=140&mode=max,62L (1),
https://alusteel.net/المنتجات/خطوط-متعادل-الوستيل/دواليب,https://alusteel.net/media/bxnlzecx/فرن-بيتزا-حطب-2.jpg,الوستيل لتجهيزات المطابخ والفنادق والمطاعم,
https://alusteel.net/المنتجات/خطوط-متعادل-الوستيل/دواليب,https://alusteel.net/media/vu4ng5ee/شوايات-حطب.jpg,الوستيل لتجهيزات المطابخ والفنادق والمطاعم,
https://alusteel.net/المنتجات/خطوط-متعادل-الوستيل/دواليب,https://alusteel.net/media/0k2n2u0d/شوايات-دوارة.jpg,الوستيل لتجهيزات المطابخ والفنادق والمطاعم,
https://alusteel.net/المنتجات/خطوط-متعادل-الوستيل/دواليب,https://alusteel.net/media/mg3h3bva/فرن-بطاطس-كومبير-2.jpg,الوستيل لتجهيزات المطابخ والفنادق والمطاعم,
https://alusteel.net/المنتجات/خطوط-متعادل-الوستيل/دواليب,https://alusteel.net/media/grxcakgd/فرن-عيش.jpg,الوستيل لتجهيزات المطابخ والفنادق والمطاعم,
https://alusteel.net/المنتجات/خطوط-متعادل-الوستيل/دواليب,https://alusteel.net/media/jkvbzvv4/فرن-تدخين.jpg,الوستيل لتجهيزات المطابخ والفنادق والمطاعم,
https://alusteel.net/المنتجات/خطوط-متعادل-الوستيل/دواليب,https://alusteel.net/media/lzvnpozm/شواية-فراخ-كهرباء.jpg,الوستيل لتجهيزات المطابخ والفنادق والمطاعم,
https://alusteel.net/المنتجات/خطوط-متعادل-الوستيل/جريلات-صرف-ارضية,https://alusteel.net/media/c0gfmywp/24l.jpg,الوستيل لتجهيزات المطابخ والفنادق والمطاعم - جريلات صرف ارضية - خطوط متعادل الوستيل,
https://alusteel.net/المنتجات/خطوط-متعادل-الوستيل/جريلات-صرف-ارضية,https://alusteel.net/media/jwecjqt1/80l.jpg,الوستيل لتجهيزات المطابخ والفنادق والمطاعم - جريلات صرف ارضية - خطوط متعادل الوستيل,
https://alusteel.net/المنتجات/خطوط-متعادل-الوستيل/جريلات-صرف-ارضية,https://alusteel.net/media/mgtg4vn5/81l.jpg,الوستيل لتجهيزات المطابخ والفنادق والمطاعم - جريلات صرف ارضية - خطوط متعادل الوستيل,
https://alusteel.net/المنتجات/خطوط-متعادل-الوستيل/جريلات-صرف-ارضية,https://alusteel.net/media/2o5fusvd/83l.jpg,الوستيل لتجهيزات المطابخ والفنادق والمطاعم - جريلات صرف ارضية - خطوط متعادل الوستيل,
https://alusteel.net/المنتجات/خطوط-متعادل-الوستيل/جريلات-صرف-ارضية,https://alusteel.net/media/bxnlzecx/فرن-بيتزا-حطب-2.jpg,الوستيل لتجهيزات المطابخ والفنادق والمطاعم,
https://alusteel.net/المنتجات/خطوط-متعادل-الوستيل/جريلات-صرف-ارضية,https://alusteel.net/media/vu4ng5ee/شوايات-حطب.jpg,الوستيل لتجهيزات المطابخ والفنادق والمطاعم,
https://alusteel.net/المنتجات/خطوط-متعادل-الوستيل/جريلات-صرف-ارضية,https://alusteel.net/media/0k2n2u0d/شوايات-دوارة.jpg,الوستيل لتجهيزات المطابخ والفنادق والمطاعم,
https://alusteel.net/المنتجات/خطوط-متعادل-الوستيل/جريلات-صرف-ارضية,https://alusteel.net/media/mg3h3bva/فرن-بطاطس-كومبير-2.jpg,الوستيل لتجهيزات المطابخ والفنادق والمطاعم,
https://alusteel.net/المنتجات/خطوط-متعادل-الوستيل/جريلات-صرف-ارضية,https://alusteel.net/media/grxcakgd/فرن-عيش.jpg,الوستيل لتجهيزات المطابخ والفنادق والمطاعم,
https://alusteel.net/المنتجات/خطوط-متعادل-الوستيل/جريلات-صرف-ارضية,https://alusteel.net/media/jkvbzvv4/فرن-تدخين.jpg,الوستيل لتجهيزات المطابخ والفنادق والمطاعم,
https://alusteel.net/المنتجات/خطوط-متعادل-الوستيل/جريلات-صرف-ارضية,https://alusteel.net/media/lzvnpozm/شواية-فراخ-كهرباء.jpg,الوستيل لتجهيزات المطابخ والفنادق والمطاعم,
https://alusteel.net/المنتجات/خطوط-متعادل-الوستيل/تروليات-خدمة,https://alusteel.net/media/dmrhr50b/25l.jpg,الوستيل لتجهيزات المطابخ والفنادق والمطاعم - تروليات خدمة - خطوط متعادل الوستيل,
https://alusteel.net/المنتجات/خطوط-متعادل-الوستيل/تروليات-خدمة,https://alusteel.net/media/k03f3nqb/88l.jpg,الوستيل لتجهيزات المطابخ والفنادق والمطاعم - تروليات خدمة - خطوط متعادل الوستيل,
https://alusteel.net/المنتجات/خطوط-متعادل-الوستيل/تروليات-خدمة,https://alusteel.net/media/ww5hvgay/89l.jpg,الوستيل لتجهيزات المطابخ والفنادق والمطاعم - تروليات خدمة - خطوط متعادل الوستيل,
https://alusteel.net/المنتجات/خطوط-متعادل-الوستيل/تروليات-خدمة,https://alusteel.net/media/dn1d02nn/90l.jpg,الوستيل لتجهيزات المطابخ والفنادق والمطاعم - تروليات خدمة - خطوط متعادل الوستيل,
https://alusteel.net/المنتجات/خطوط-متعادل-الوستيل/تروليات-خدمة,https://alusteel.net/media/bxnlzecx/فرن-بيتزا-حطب-2.jpg,الوستيل لتجهيزات المطابخ والفنادق والمطاعم,
https://alusteel.net/المنتجات/خطوط-متعادل-الوستيل/تروليات-خدمة,https://alusteel.net/media/vu4ng5ee/شوايات-حطب.jpg,الوستيل لتجهيزات المطابخ والفنادق والمطاعم,
https://alusteel.net/المنتجات/خطوط-متعادل-الوستيل/تروليات-خدمة,https://alusteel.net/media/0k2n2u0d/شوايات-دوارة.jpg,الوستيل لتجهيزات المطابخ والفنادق والمطاعم,
https://alusteel.net/المنتجات/خطوط-متعادل-الوستيل/تروليات-خدمة,https://alusteel.net/media/mg3h3bva/فرن-بطاطس-كومبير-2.jpg,الوستيل لتجهيزات المطابخ والفنادق والمطاعم,
https://alusteel.net/المنتجات/خطوط-متعادل-الوستيل/تروليات-خدمة,https://alusteel.net/media/grxcakgd/فرن-عيش.jpg,الوستيل لتجهيزات المطابخ والفنادق والمطاعم,
https://alusteel.net/المنتجات/خطوط-متعادل-الوستيل/تروليات-خدمة,https://alusteel.net/media/jkvbzvv4/فرن-تدخين.jpg,الوستيل لتجهيزات المطابخ والفنادق والمطاعم,
https://alusteel.net/المنتجات/خطوط-متعادل-الوستيل/تروليات-خدمة,https://alusteel.net/media/lzvnpozm/شواية-فراخ-كهرباء.jpg,الوستيل لتجهيزات المطابخ والفنادق والمطاعم,
https://alusteel.net/المنتجات/خطوط-متعادل-الوستيل/ترابيزات-خدمة,https://alusteel.net/media/ltudavr5/26l.jpg,الوستيل لتجهيزات المطابخ والفنادق والمطاعم - ترابيزات خدمة - خطوط متعادل الوستيل,
https://alusteel.net/المنتجات/خطوط-متعادل-الوستيل/ترابيزات-خدمة,https://alusteel.net/media/uqndwz31/96l.jpg,الوستيل لتجهيزات المطابخ والفنادق والمطاعم - ترابيزات خدمة - خطوط متعادل الوستيل,
https://alusteel.net/المنتجات/خطوط-متعادل-الوستيل/ترابيزات-خدمة,https://alusteel.net/media/sqafwelc/97l.jpg,الوستيل لتجهيزات المطابخ والفنادق والمطاعم - ترابيزات خدمة - خطوط متعادل الوستيل,
https://alusteel.net/المنتجات/خطوط-متعادل-الوستيل/ترابيزات-خدمة,https://alusteel.net/media/4hklhpn3/98l.jpg,الوستيل لتجهيزات المطابخ والفنادق والمطاعم - ترابيزات خدمة - خطوط متعادل الوستيل,
https://alusteel.net/المنتجات/خطوط-متعادل-الوستيل/ترابيزات-خدمة,https://alusteel.net/media/sg0bbisf/99l.jpg,الوستيل لتجهيزات المطابخ والفنادق والمطاعم - ترابيزات خدمة - خطوط متعادل الوستيل,
https://alusteel.net/المنتجات/خطوط-متعادل-الوستيل/ترابيزات-خدمة,https://alusteel.net/media/lxifwk1b/100l.jpg,الوستيل لتجهيزات المطابخ والفنادق والمطاعم - ترابيزات خدمة - خطوط متعادل الوستيل,
https://alusteel.net/المنتجات/خطوط-متعادل-الوستيل/ترابيزات-خدمة,https://alusteel.net/media/z3mlzfm4/101l.jpg,الوستيل لتجهيزات المطابخ والفنادق والمطاعم - ترابيزات خدمة - خطوط متعادل الوستيل,
https://alusteel.net/المنتجات/خطوط-متعادل-الوستيل/ترابيزات-خدمة,https://alusteel.net/media/i22pzbbk/102l.jpg,الوستيل لتجهيزات المطابخ والفنادق والمطاعم - ترابيزات خدمة - خطوط متعادل الوستيل,
https://alusteel.net/المنتجات/خطوط-متعادل-الوستيل/ترابيزات-خدمة,https://alusteel.net/media/c5cfjrft/103l.jpg,الوستيل لتجهيزات المطابخ والفنادق والمطاعم - ترابيزات خدمة - خطوط متعادل الوستيل,
https://alusteel.net/المنتجات/خطوط-متعادل-الوستيل/ترابيزات-خدمة,https://alusteel.net/media/2x4hfguy/104l.jpg,الوستيل لتجهيزات المطابخ والفنادق والمطاعم - ترابيزات خدمة - خطوط متعادل الوستيل,
https://alusteel.net/المنتجات/خطوط-متعادل-الوستيل/ترابيزات-خدمة,https://alusteel.net/media/bxnlzecx/فرن-بيتزا-حطب-2.jpg,الوستيل لتجهيزات المطابخ والفنادق والمطاعم,
https://alusteel.net/المنتجات/خطوط-متعادل-الوستيل/ترابيزات-خدمة,https://alusteel.net/media/vu4ng5ee/شوايات-حطب.jpg,الوستيل لتجهيزات المطابخ والفنادق والمطاعم,
https://alusteel.net/المنتجات/خطوط-متعادل-الوستيل/ترابيزات-خدمة,https://alusteel.net/media/0k2n2u0d/شوايات-دوارة.jpg,الوستيل لتجهيزات المطابخ والفنادق والمطاعم,
https://alusteel.net/المنتجات/خطوط-متعادل-الوستيل/ترابيزات-خدمة,https://alusteel.net/media/mg3h3bva/فرن-بطاطس-كومبير-2.jpg,الوستيل لتجهيزات المطابخ والفنادق والمطاعم,
https://alusteel.net/المنتجات/خطوط-متعادل-الوستيل/ترابيزات-خدمة,https://alusteel.net/media/grxcakgd/فرن-عيش.jpg,الوستيل لتجهيزات المطابخ والفنادق والمطاعم,
https://alusteel.net/المنتجات/خطوط-متعادل-الوستيل/ترابيزات-خدمة,https://alusteel.net/media/jkvbzvv4/فرن-تدخين.jpg,الوستيل لتجهيزات المطابخ والفنادق والمطاعم,
https://alusteel.net/المنتجات/خطوط-متعادل-الوستيل/ترابيزات-خدمة,https://alusteel.net/media/lzvnpozm/شواية-فراخ-كهرباء.jpg,الوستيل لتجهيزات المطابخ والفنادق والمطاعم,
https://alusteel.net/المنتجات/خطوط-متعادل-الوستيل/ارفف,https://alusteel.net/media/0uzobgks/114l.jpg,الوستيل لتجهيزات المطابخ والفنادق والمطاعم - ارفف - خطوط متعادل الوستيل,
https://alusteel.net/المنتجات/خطوط-متعادل-الوستيل/ارفف,https://alusteel.net/media/vbplw2ud/115l.jpg,الوستيل لتجهيزات المطابخ والفنادق والمطاعم - ارفف - خطوط متعادل الوستيل,
https://alusteel.net/المنتجات/خطوط-متعادل-الوستيل/ارفف,https://alusteel.net/media/uomj5koj/116l.jpg,الوستيل لتجهيزات المطابخ والفنادق والمطاعم - ارفف - خطوط متعادل الوستيل,
https://alusteel.net/المنتجات/خطوط-متعادل-الوستيل/ارفف,https://alusteel.net/media/bxnlzecx/فرن-بيتزا-حطب-2.jpg,الوستيل لتجهيزات المطابخ والفنادق والمطاعم,
https://alusteel.net/المنتجات/خطوط-متعادل-الوستيل/ارفف,https://alusteel.net/media/vu4ng5ee/شوايات-حطب.jpg,الوستيل لتجهيزات المطابخ والفنادق والمطاعم,
https://alusteel.net/المنتجات/خطوط-متعادل-الوستيل/ارفف,https://alusteel.net/media/0k2n2u0d/شوايات-دوارة.jpg,الوستيل لتجهيزات المطابخ والفنادق والمطاعم,
https://alusteel.net/المنتجات/خطوط-متعادل-الوستيل/ارفف,https://alusteel.net/media/mg3h3bva/فرن-بطاطس-كومبير-2.jpg,الوستيل لتجهيزات المطابخ والفنادق والمطاعم,
https://alusteel.net/المنتجات/خطوط-متعادل-الوستيل/ارفف,https://alusteel.net/media/grxcakgd/فرن-عيش.jpg,الوستيل لتجهيزات المطابخ والفنادق والمطاعم,
https://alusteel.net/المنتجات/خطوط-متعادل-الوستيل/ارفف,https://alusteel.net/media/jkvbzvv4/فرن-تدخين.jpg,الوستيل لتجهيزات المطابخ والفنادق والمطاعم,
https://alusteel.net/المنتجات/خطوط-متعادل-الوستيل/ارفف,https://alusteel.net/media/lzvnpozm/شواية-فراخ-كهرباء.jpg,الوستيل لتجهيزات المطابخ والفنادق والمطاعم,
https://alusteel.net/المنتجات/خطوط-متعادل-الوستيل/اهواد-الشفط,https://alusteel.net/media/h4ob43st/28l.jpg,الوستيل لتجهيزات المطابخ والفنادق والمطاعم - اهواد الشفط - خطوط متعادل الوستيل,
https://alusteel.net/المنتجات/خطوط-متعادل-الوستيل/اهواد-الشفط,https://alusteel.net/media/34nbhqru/120l.jpg,الوستيل لتجهيزات المطابخ والفنادق والمطاعم - اهواد الشفط - خطوط متعادل الوستيل,
https://alusteel.net/المنتجات/خطوط-متعادل-الوستيل/اهواد-الشفط,https://alusteel.net/media/ebwhah0q/121l-1.jpg,الوستيل لتجهيزات المطابخ والفنادق والمطاعم - اهواد الشفط - خطوط متعادل الوستيل,
https://alusteel.net/المنتجات/خطوط-متعادل-الوستيل/اهواد-الشفط,https://alusteel.net/media/knrosz44/121l.jpg,الوستيل لتجهيزات المطابخ والفنادق والمطاعم - اهواد الشفط - خطوط متعادل الوستيل,
https://alusteel.net/المنتجات/خطوط-متعادل-الوستيل/اهواد-الشفط,https://alusteel.net/media/scgi42pt/122l-1.jpg,الوستيل لتجهيزات المطابخ والفنادق والمطاعم - اهواد الشفط - خطوط متعادل الوستيل,
https://alusteel.net/المنتجات/خطوط-متعادل-الوستيل/اهواد-الشفط,https://alusteel.net/media/cynbuna0/123l.jpg,الوستيل لتجهيزات المطابخ والفنادق والمطاعم - اهواد الشفط - خطوط متعادل الوستيل,
https://alusteel.net/المنتجات/خطوط-متعادل-الوستيل/اهواد-الشفط,https://alusteel.net/media/gdwaf0hn/124l.jpg,الوستيل لتجهيزات المطابخ والفنادق والمطاعم - اهواد الشفط - خطوط متعادل الوستيل,
https://alusteel.net/المنتجات/خطوط-متعادل-الوستيل/اهواد-الشفط,https://alusteel.net/media/ccmd2a1k/127l.jpg,الوستيل لتجهيزات المطابخ والفنادق والمطاعم - اهواد الشفط - خطوط متعادل الوستيل,
https://alusteel.net/المنتجات/خطوط-متعادل-الوستيل/اهواد-الشفط,https://alusteel.net/media/diejaoam/128l.jpg,الوستيل لتجهيزات المطابخ والفنادق والمطاعم - اهواد الشفط - خطوط متعادل الوستيل,
https://alusteel.net/المنتجات/خطوط-متعادل-الوستيل/اهواد-الشفط,https://alusteel.net/umbraco/backoffice/UmbracoApi/Images/GetBigThumbnail?originalImagePath=%2Fmedia%2Fdiejaoam%2F128l.jpg&rnd=0.8239212659341741,128L (1),
https://alusteel.net/المنتجات/خطوط-متعادل-الوستيل/اهواد-الشفط,https://alusteel.net/media/bxnlzecx/فرن-بيتزا-حطب-2.jpg,الوستيل لتجهيزات المطابخ والفنادق والمطاعم,
https://alusteel.net/المنتجات/خطوط-متعادل-الوستيل/اهواد-الشفط,https://alusteel.net/media/vu4ng5ee/شوايات-حطب.jpg,الوستيل لتجهيزات المطابخ والفنادق والمطاعم,
https://alusteel.net/المنتجات/خطوط-متعادل-الوستيل/اهواد-الشفط,https://alusteel.net/media/0k2n2u0d/شوايات-دوارة.jpg,الوستيل لتجهيزات المطابخ والفنادق والمطاعم,
https://alusteel.net/المنتجات/خطوط-متعادل-الوستيل/اهواد-الشفط,https://alusteel.net/media/mg3h3bva/فرن-بطاطس-كومبير-2.jpg,الوستيل لتجهيزات المطابخ والفنادق والمطاعم,
https://alusteel.net/المنتجات/خطوط-متعادل-الوستيل/اهواد-الشفط,https://alusteel.net/media/grxcakgd/فرن-عيش.jpg,الوستيل لتجهيزات المطابخ والفنادق والمطاعم,
https://alusteel.net/المنتجات/خطوط-متعادل-الوستيل/اهواد-الشفط,https://alusteel.net/media/jkvbzvv4/فرن-تدخين.jpg,الوستيل لتجهيزات المطابخ والفنادق والمطاعم,
https://alusteel.net/المنتجات/خطوط-متعادل-الوستيل/اهواد-الشفط,https://alusteel.net/media/lzvnpozm/شواية-فراخ-كهرباء.jpg,الوستيل لتجهيزات المطابخ والفنادق والمطاعم,
https://alusteel.net/المنتجات/خطوط-متعادل-الوستيل/احواض,https://alusteel.net/media/lxsdvmvs/29l.jpg,الوستيل لتجهيزات المطابخ والفنادق والمطاعم - احواض - خطوط متعادل الوستيل,
https://alusteel.net/المنتجات/خطوط-متعادل-الوستيل/احواض,https://alusteel.net/media/am5bq3gr/136l.jpg,الوستيل لتجهيزات المطابخ والفنادق والمطاعم - احواض - خطوط متعادل الوستيل,
https://alusteel.net/المنتجات/خطوط-متعادل-الوستيل/احواض,https://alusteel.net/media/hifdgz2j/137l.jpg,الوستيل لتجهيزات المطابخ والفنادق والمطاعم - احواض - خطوط متعادل الوستيل,
https://alusteel.net/المنتجات/خطوط-متعادل-الوستيل/احواض,https://alusteel.net/media/l3tlafjs/138l.jpg,الوستيل لتجهيزات المطابخ والفنادق والمطاعم - احواض - خطوط متعادل الوستيل,
https://alusteel.net/المنتجات/خطوط-متعادل-الوستيل/احواض,https://alusteel.net/media/sqhbdd2u/139l.jpg,الوستيل لتجهيزات المطابخ والفنادق والمطاعم - احواض - خطوط متعادل الوستيل,
https://alusteel.net/المنتجات/خطوط-متعادل-الوستيل/احواض,https://alusteel.net/media/qxsnpduh/140l.jpg,الوستيل لتجهيزات المطابخ والفنادق والمطاعم - احواض - خطوط متعادل الوستيل,
https://alusteel.net/المنتجات/خطوط-متعادل-الوستيل/احواض,https://alusteel.net/media/z1tpzwyw/141l.jpg,الوستيل لتجهيزات المطابخ والفنادق والمطاعم - احواض - خطوط متعادل الوستيل,
https://alusteel.net/المنتجات/خطوط-متعادل-الوستيل/احواض,https://alusteel.net/media/kd1g3mv5/142l.jpg,الوستيل لتجهيزات المطابخ والفنادق والمطاعم - احواض - خطوط متعادل الوستيل,
https://alusteel.net/المنتجات/خطوط-متعادل-الوستيل/احواض,https://alusteel.net/media/xmbhnnrh/143l.jpg,الوستيل لتجهيزات المطابخ والفنادق والمطاعم - احواض - خطوط متعادل الوستيل,
https://alusteel.net/المنتجات/خطوط-متعادل-الوستيل/احواض,https://alusteel.net/media/1mfibg3r/144l.jpg,الوستيل لتجهيزات المطابخ والفنادق والمطاعم - احواض - خطوط متعادل الوستيل,
https://alusteel.net/المنتجات/خطوط-متعادل-الوستيل/احواض,https://alusteel.net/umbraco/backoffice/UmbracoApi/Images/GetBigThumbnail?width=156&height=120&mode=max,141L (1),
https://alusteel.net/المنتجات/خطوط-متعادل-الوستيل/احواض,https://alusteel.net/umbraco/backoffice/UmbracoApi/Images/GetBigThumbnail?width=175&height=135&mode=max,140L (1),
https://alusteel.net/المنتجات/خطوط-متعادل-الوستيل/احواض,https://alusteel.net/media/bxnlzecx/فرن-بيتزا-حطب-2.jpg,الوستيل لتجهيزات المطابخ والفنادق والمطاعم,
https://alusteel.net/المنتجات/خطوط-متعادل-الوستيل/احواض,https://alusteel.net/media/vu4ng5ee/شوايات-حطب.jpg,الوستيل لتجهيزات المطابخ والفنادق والمطاعم,
https://alusteel.net/المنتجات/خطوط-متعادل-الوستيل/احواض,https://alusteel.net/media/0k2n2u0d/شوايات-دوارة.jpg,الوستيل لتجهيزات المطابخ والفنادق والمطاعم,
https://alusteel.net/المنتجات/خطوط-متعادل-الوستيل/احواض,https://alusteel.net/media/mg3h3bva/فرن-بطاطس-كومبير-2.jpg,الوستيل لتجهيزات المطابخ والفنادق والمطاعم,
https://alusteel.net/المنتجات/خطوط-متعادل-الوستيل/احواض,https://alusteel.net/media/grxcakgd/فرن-عيش.jpg,الوستيل لتجهيزات المطابخ والفنادق والمطاعم,
https://alusteel.net/المنتجات/خطوط-متعادل-الوستيل/احواض,https://alusteel.net/media/jkvbzvv4/فرن-تدخين.jpg,الوستيل لتجهيزات المطابخ والفنادق والمطاعم,
https://alusteel.net/المنتجات/خطوط-متعادل-الوستيل/احواض,https://alusteel.net/media/lzvnpozm/شواية-فراخ-كهرباء.jpg,الوستيل لتجهيزات المطابخ والفنادق والمطاعم,
https://alusteel.net/المنتجات/منتجات-متميزة,https://alusteel.net/media/bxnlzecx/فرن-بيتزا-حطب-2.jpg,الوستيل لتجهيزات المطابخ والفنادق والمطاعم,
https://alusteel.net/المنتجات/منتجات-متميزة,https://alusteel.net/media/vu4ng5ee/شوايات-حطب.jpg,الوستيل لتجهيزات المطابخ والفنادق والمطاعم,
https://alusteel.net/المنتجات/منتجات-متميزة,https://alusteel.net/media/0k2n2u0d/شوايات-دوارة.jpg,الوستيل لتجهيزات المطابخ والفنادق والمطاعم,
https://alusteel.net/المنتجات/منتجات-متميزة,https://alusteel.net/media/mg3h3bva/فرن-بطاطس-كومبير-2.jpg,الوستيل لتجهيزات المطابخ والفنادق والمطاعم,
https://alusteel.net/المنتجات/منتجات-متميزة,https://alusteel.net/media/grxcakgd/فرن-عيش.jpg,الوستيل لتجهيزات المطابخ والفنادق والمطاعم,
https://alusteel.net/المنتجات/منتجات-متميزة,https://alusteel.net/media/jkvbzvv4/فرن-تدخين.jpg,الوستيل لتجهيزات المطابخ والفنادق والمطاعم,
https://alusteel.net/المنتجات/منتجات-متميزة,https://alusteel.net/media/lzvnpozm/شواية-فراخ-كهرباء.jpg,الوستيل لتجهيزات المطابخ والفنادق والمطاعم,
https://alusteel.net/المنتجات/منتجات-متميزة/افران-بيتزا-حطب,https://alusteel.net/media/zefbvzum/فرن-بيتزا-حطب-1.jpg,الوستيل لتجهيزات المطابخ والفنادق والمطاعم - افران بيتزا حطب - منتجات متميزة,
https://alusteel.net/المنتجات/منتجات-متميزة/افران-بيتزا-حطب,https://alusteel.net/media/otdaablv/فرن-بيتزا-حطب-3.jpg,الوستيل لتجهيزات المطابخ والفنادق والمطاعم - افران بيتزا حطب - منتجات متميزة,
https://alusteel.net/المنتجات/منتجات-متميزة/افران-بيتزا-حطب,https://alusteel.net/media/ka1hr2gu/فرن-بيتزا-حطب-5.jpg,الوستيل لتجهيزات المطابخ والفنادق والمطاعم - افران بيتزا حطب - منتجات متميزة,
https://alusteel.net/المنتجات/منتجات-متميزة/افران-بيتزا-حطب,https://alusteel.net/media/sa1dk0gp/فرن-بيتزا-حطب-4.jpg,الوستيل لتجهيزات المطابخ والفنادق والمطاعم - افران بيتزا حطب - منتجات متميزة,
https://alusteel.net/المنتجات/منتجات-متميزة/افران-بيتزا-حطب,https://alusteel.net/media/dacphpby/احدث-فرن-بيتزا.jpg,الوستيل لتجهيزات المطابخ والفنادق والمطاعم - افران بيتزا حطب - منتجات متميزة,
https://alusteel.net/المنتجات/منتجات-متميزة/افران-بيتزا-حطب,https://alusteel.net/media/bxnlzecx/فرن-بيتزا-حطب-2.jpg,الوستيل لتجهيزات المطابخ والفنادق والمطاعم,
https://alusteel.net/المنتجات/منتجات-متميزة/افران-بيتزا-حطب,https://alusteel.net/media/vu4ng5ee/شوايات-حطب.jpg,الوستيل لتجهيزات المطابخ والفنادق والمطاعم,
https://alusteel.net/المنتجات/منتجات-متميزة/افران-بيتزا-حطب,https://alusteel.net/media/0k2n2u0d/شوايات-دوارة.jpg,الوستيل لتجهيزات المطابخ والفنادق والمطاعم,
https://alusteel.net/المنتجات/منتجات-متميزة/افران-بيتزا-حطب,https://alusteel.net/media/mg3h3bva/فرن-بطاطس-كومبير-2.jpg,الوستيل لتجهيزات المطابخ والفنادق والمطاعم,
https://alusteel.net/المنتجات/منتجات-متميزة/افران-بيتزا-حطب,https://alusteel.net/media/grxcakgd/فرن-عيش.jpg,الوستيل لتجهيزات المطابخ والفنادق والمطاعم,
https://alusteel.net/المنتجات/منتجات-متميزة/افران-بيتزا-حطب,https://alusteel.net/media/jkvbzvv4/فرن-تدخين.jpg,الوستيل لتجهيزات المطابخ والفنادق والمطاعم,
https://alusteel.net/المنتجات/منتجات-متميزة/افران-بيتزا-حطب,https://alusteel.net/media/lzvnpozm/شواية-فراخ-كهرباء.jpg,الوستيل لتجهيزات المطابخ والفنادق والمطاعم,
https://alusteel.net/المنتجات/منتجات-متميزة/شوايات-حطب,https://alusteel.net/media/vu4ng5ee/شوايات-حطب.jpg,الوستيل لتجهيزات المطابخ والفنادق والمطاعم - شوايات حطب - منتجات متميزة,
https://alusteel.net/المنتجات/منتجات-متميزة/شوايات-حطب,https://alusteel.net/media/fxhodoaj/شواية-فراخ-برازيلي.jpg,الوستيل لتجهيزات المطابخ والفنادق والمطاعم - شوايات حطب - منتجات متميزة,
https://alusteel.net/المنتجات/منتجات-متميزة/شوايات-حطب,https://alusteel.net/media/bxnlzecx/فرن-بيتزا-حطب-2.jpg,الوستيل لتجهيزات المطابخ والفنادق والمطاعم,
https://alusteel.net/المنتجات/منتجات-متميزة/شوايات-حطب,https://alusteel.net/media/0k2n2u0d/شوايات-دوارة.jpg,الوستيل لتجهيزات المطابخ والفنادق والمطاعم,
https://alusteel.net/المنتجات/منتجات-متميزة/شوايات-حطب,https://alusteel.net/media/mg3h3bva/فرن-بطاطس-كومبير-2.jpg,الوستيل لتجهيزات المطابخ والفنادق والمطاعم,
https://alusteel.net/المنتجات/منتجات-متميزة/شوايات-حطب,https://alusteel.net/media/grxcakgd/فرن-عيش.jpg,الوستيل لتجهيزات المطابخ والفنادق والمطاعم,
https://alusteel.net/المنتجات/منتجات-متميزة/شوايات-حطب,https://alusteel.net/media/jkvbzvv4/فرن-تدخين.jpg,الوستيل لتجهيزات المطابخ والفنادق والمطاعم,
https://alusteel.net/المنتجات/منتجات-متميزة/شوايات-حطب,https://alusteel.net/media/lzvnpozm/شواية-فراخ-كهرباء.jpg,الوستيل لتجهيزات المطابخ والفنادق والمطاعم,
https://alusteel.net/المنتجات/منتجات-متميزة/شوايات-دوارة-مميزة,https://alusteel.net/media/crmgovdm/شوايات-دوارة-2.jpg,الوستيل لتجهيزات المطابخ والفنادق والمطاعم - شوايات دوارة مميزة - منتجات متميزة,
https://alusteel.net/المنتجات/منتجات-متميزة/شوايات-دوارة-مميزة,https://alusteel.net/media/0k2n2u0d/شوايات-دوارة.jpg,الوستيل لتجهيزات المطابخ والفنادق والمطاعم - شوايات دوارة مميزة - منتجات متميزة,
https://alusteel.net/المنتجات/منتجات-متميزة/شوايات-دوارة-مميزة,https://alusteel.net/media/bxnlzecx/فرن-بيتزا-حطب-2.jpg,الوستيل لتجهيزات المطابخ والفنادق والمطاعم,
https://alusteel.net/المنتجات/منتجات-متميزة/شوايات-دوارة-مميزة,https://alusteel.net/media/vu4ng5ee/شوايات-حطب.jpg,الوستيل لتجهيزات المطابخ والفنادق والمطاعم,
https://alusteel.net/المنتجات/منتجات-متميزة/شوايات-دوارة-مميزة,https://alusteel.net/media/mg3h3bva/فرن-بطاطس-كومبير-2.jpg,الوستيل لتجهيزات المطابخ والفنادق والمطاعم,
https://alusteel.net/المنتجات/منتجات-متميزة/شوايات-دوارة-مميزة,https://alusteel.net/media/grxcakgd/فرن-عيش.jpg,الوستيل لتجهيزات المطابخ والفنادق والمطاعم,
https://alusteel.net/المنتجات/منتجات-متميزة/شوايات-دوارة-مميزة,https://alusteel.net/media/jkvbzvv4/فرن-تدخين.jpg,الوستيل لتجهيزات المطابخ والفنادق والمطاعم,
https://alusteel.net/المنتجات/منتجات-متميزة/شوايات-دوارة-مميزة,https://alusteel.net/media/lzvnpozm/شواية-فراخ-كهرباء.jpg,الوستيل لتجهيزات المطابخ والفنادق والمطاعم,
https://alusteel.net/المنتجات/منتجات-متميزة/فرن-بطاطس-كومبير,https://alusteel.net/media/v0ma0bjs/فرن-كومبير-للبطاطـس.jpg,الوستيل لتجهيزات المطابخ والفنادق والمطاعم - فرن بطاطس كومبير - منتجات متميزة,
https://alusteel.net/المنتجات/منتجات-متميزة/فرن-بطاطس-كومبير,https://alusteel.net/media/mg3h3bva/فرن-بطاطس-كومبير-2.jpg,الوستيل لتجهيزات المطابخ والفنادق والمطاعم - فرن بطاطس كومبير - منتجات متميزة,
https://alusteel.net/المنتجات/منتجات-متميزة/فرن-بطاطس-كومبير,https://alusteel.net/media/bxnlzecx/فرن-بيتزا-حطب-2.jpg,الوستيل لتجهيزات المطابخ والفنادق والمطاعم,
https://alusteel.net/المنتجات/منتجات-متميزة/فرن-بطاطس-كومبير,https://alusteel.net/media/vu4ng5ee/شوايات-حطب.jpg,الوستيل لتجهيزات المطابخ والفنادق والمطاعم,
https://alusteel.net/المنتجات/منتجات-متميزة/فرن-بطاطس-كومبير,https://alusteel.net/media/0k2n2u0d/شوايات-دوارة.jpg,الوستيل لتجهيزات المطابخ والفنادق والمطاعم,
https://alusteel.net/المنتجات/منتجات-متميزة/فرن-بطاطس-كومبير,https://alusteel.net/media/grxcakgd/فرن-عيش.jpg,الوستيل لتجهيزات المطابخ والفنادق والمطاعم,
https://alusteel.net/المنتجات/منتجات-متميزة/فرن-بطاطس-كومبير,https://alusteel.net/media/jkvbzvv4/فرن-تدخين.jpg,الوستيل لتجهيزات المطابخ والفنادق والمطاعم,
https://alusteel.net/المنتجات/منتجات-متميزة/فرن-بطاطس-كومبير,https://alusteel.net/media/lzvnpozm/شواية-فراخ-كهرباء.jpg,الوستيل لتجهيزات المطابخ والفنادق والمطاعم,
https://alusteel.net/المنتجات/منتجات-متميزة/فرن-عيش,https://alusteel.net/media/grxcakgd/فرن-عيش.jpg,الوستيل لتجهيزات المطابخ والفنادق والمطاعم - فرن عيش - منتجات متميزة,
https://alusteel.net/المنتجات/منتجات-متميزة/فرن-عيش,https://alusteel.net/media/bxnlzecx/فرن-بيتزا-حطب-2.jpg,الوستيل لتجهيزات المطابخ والفنادق والمطاعم,
https://alusteel.net/المنتجات/منتجات-متميزة/فرن-عيش,https://alusteel.net/media/vu4ng5ee/شوايات-حطب.jpg,الوستيل لتجهيزات المطابخ والفنادق والمطاعم,
https://alusteel.net/المنتجات/منتجات-متميزة/فرن-عيش,https://alusteel.net/media/0k2n2u0d/شوايات-دوارة.jpg,الوستيل لتجهيزات المطابخ والفنادق والمطاعم,
https://alusteel.net/المنتجات/منتجات-متميزة/فرن-عيش,https://alusteel.net/media/mg3h3bva/فرن-بطاطس-كومبير-2.jpg,الوستيل لتجهيزات المطابخ والفنادق والمطاعم,
https://alusteel.net/المنتجات/منتجات-متميزة/فرن-عيش,https://alusteel.net/media/jkvbzvv4/فرن-تدخين.jpg,الوستيل لتجهيزات المطابخ والفنادق والمطاعم,
https://alusteel.net/المنتجات/منتجات-متميزة/فرن-عيش,https://alusteel.net/media/lzvnpozm/شواية-فراخ-كهرباء.jpg,الوستيل لتجهيزات المطابخ والفنادق والمطاعم,
https://alusteel.net/المنتجات/منتجات-متميزة/فرن-تدخين,https://alusteel.net/media/jkvbzvv4/فرن-تدخين.jpg,الوستيل لتجهيزات المطابخ والفنادق والمطاعم - فرن تدخين - منتجات متميزة,
https://alusteel.net/المنتجات/منتجات-متميزة/فرن-تدخين,https://alusteel.net/media/bxnlzecx/فرن-بيتزا-حطب-2.jpg,الوستيل لتجهيزات المطابخ والفنادق والمطاعم,
https://alusteel.net/المنتجات/منتجات-متميزة/فرن-تدخين,https://alusteel.net/media/vu4ng5ee/شوايات-حطب.jpg,الوستيل لتجهيزات المطابخ والفنادق والمطاعم,
https://alusteel.net/المنتجات/منتجات-متميزة/فرن-تدخين,https://alusteel.net/media/0k2n2u0d/شوايات-دوارة.jpg,الوستيل لتجهيزات المطابخ والفنادق والمطاعم,
https://alusteel.net/المنتجات/منتجات-متميزة/فرن-تدخين,https://alusteel.net/media/mg3h3bva/فرن-بطاطس-كومبير-2.jpg,الوستيل لتجهيزات المطابخ والفنادق والمطاعم,
https://alusteel.net/المنتجات/منتجات-متميزة/فرن-تدخين,https://alusteel.net/media/grxcakgd/فرن-عيش.jpg,الوستيل لتجهيزات المطابخ والفنادق والمطاعم,
https://alusteel.net/المنتجات/منتجات-متميزة/فرن-تدخين,https://alusteel.net/media/lzvnpozm/شواية-فراخ-كهرباء.jpg,الوستيل لتجهيزات المطابخ والفنادق والمطاعم,
https://alusteel.net/المنتجات/منتجات-متميزة/شواية-فراخ-كهرباء,https://alusteel.net/media/lzvnpozm/شواية-فراخ-كهرباء.jpg,الوستيل لتجهيزات المطابخ والفنادق والمطاعم - شواية فراخ كهرباء - منتجات متميزة,
https://alusteel.net/المنتجات/منتجات-متميزة/شواية-فراخ-كهرباء,https://alusteel.net/media/bxnlzecx/فرن-بيتزا-حطب-2.jpg,الوستيل لتجهيزات المطابخ والفنادق والمطاعم,
https://alusteel.net/المنتجات/منتجات-متميزة/شواية-فراخ-كهرباء,https://alusteel.net/media/vu4ng5ee/شوايات-حطب.jpg,الوستيل لتجهيزات المطابخ والفنادق والمطاعم,
https://alusteel.net/المنتجات/منتجات-متميزة/شواية-فراخ-كهرباء,https://alusteel.net/media/0k2n2u0d/شوايات-دوارة.jpg,الوستيل لتجهيزات المطابخ والفنادق والمطاعم,
https://alusteel.net/المنتجات/منتجات-متميزة/شواية-فراخ-كهرباء,https://alusteel.net/media/mg3h3bva/فرن-بطاطس-كومبير-2.jpg,الوستيل لتجهيزات المطابخ والفنادق والمطاعم,
https://alusteel.net/المنتجات/منتجات-متميزة/شواية-فراخ-كهرباء,https://alusteel.net/media/grxcakgd/فرن-عيش.jpg,الوستيل لتجهيزات المطابخ والفنادق والمطاعم,
https://alusteel.net/المنتجات/منتجات-متميزة/شواية-فراخ-كهرباء,https://alusteel.net/media/jkvbzvv4/فرن-تدخين.jpg,الوستيل لتجهيزات المطابخ والفنادق والمطاعم,
https://alusteel.net/المنتجات/بوفيهات,https://alusteel.net/media/l3bp2aqj/بوفيه-1.jpg,الوستيل لتجهيزات المطابخ والفنادق والمطاعم,
https://alusteel.net/المنتجات/بوفيهات/البوفيه-متعدد-الانواع,https://alusteel.net/media/l3bp2aqj/بوفيه-1.jpg,الوستيل لتجهيزات المطابخ والفنادق والمطاعم - البوفيه ( متعدد الانواع ) - بوفيهات,
https://alusteel.net/المنتجات/بوفيهات/البوفيه-متعدد-الانواع,https://alusteel.net/media/y5dngbuh/بوفيه-كهرباء-باستا-كوكر-و-موقد-كهرباء-2-بلاطة.jpg,الوستيل لتجهيزات المطابخ والفنادق والمطاعم - البوفيه ( متعدد الانواع ) - بوفيهات,
https://alusteel.net/المنتجات/بوفيهات/البوفيه-متعدد-الانواع,https://alusteel.net/media/bxnlzecx/فرن-بيتزا-حطب-2.jpg,الوستيل لتجهيزات المطابخ والفنادق والمطاعم,
https://alusteel.net/المنتجات/بوفيهات/البوفيه-متعدد-الانواع,https://alusteel.net/media/vu4ng5ee/شوايات-حطب.jpg,الوستيل لتجهيزات المطابخ والفنادق والمطاعم,
https://alusteel.net/المنتجات/بوفيهات/البوفيه-متعدد-الانواع,https://alusteel.net/media/0k2n2u0d/شوايات-دوارة.jpg,الوستيل لتجهيزات المطابخ والفنادق والمطاعم,
https://alusteel.net/المنتجات/بوفيهات/البوفيه-متعدد-الانواع,https://alusteel.net/media/mg3h3bva/فرن-بطاطس-كومبير-2.jpg,الوستيل لتجهيزات المطابخ والفنادق والمطاعم,
https://alusteel.net/المنتجات/بوفيهات/البوفيه-متعدد-الانواع,https://alusteel.net/media/grxcakgd/فرن-عيش.jpg,الوستيل لتجهيزات المطابخ والفنادق والمطاعم,
https://alusteel.net/المنتجات/بوفيهات/البوفيه-متعدد-الانواع,https://alusteel.net/media/jkvbzvv4/فرن-تدخين.jpg,الوستيل لتجهيزات المطابخ والفنادق والمطاعم,
https://alusteel.net/المنتجات/بوفيهات/البوفيه-متعدد-الانواع,https://alusteel.net/media/lzvnpozm/شواية-فراخ-كهرباء.jpg,الوستيل لتجهيزات المطابخ والفنادق والمطاعم,
https://alusteel.net/المنتجات/خط-سناك,https://alusteel.net/media/s1cj4ls4/بان-مارى-اوفر-كونتر.jpg,الوستيل لتجهيزات المطابخ والفنادق والمطاعم,
https://alusteel.net/المنتجات/خط-سناك,https://alusteel.net/media/g3innvhb/بوتجاز-2-شعلة-اوفر-كونتر.jpg,الوستيل لتجهيزات المطابخ والفنادق والمطاعم,
https://alusteel.net/المنتجات/خط-سناك,https://alusteel.net/media/2jyfm01p/جريل-اوفر-كونتر.jpg,الوستيل لتجهيزات المطابخ والفنادق والمطاعم,
https://alusteel.net/المنتجات/خط-سناك,https://alusteel.net/media/fmjbevps/باستا-كوكر-اوفر-كونتر.jpg,الوستيل لتجهيزات المطابخ والفنادق والمطاعم,
https://alusteel.net/المنتجات/خط-سناك,https://alusteel.net/media/y1xg14zj/دامب-ستيشن-بطاطس.jpg,الوستيل لتجهيزات المطابخ والفنادق والمطاعم,
https://alusteel.net/المنتجات/خط-سناك,https://alusteel.net/media/tdmdovab/قلاية-1-عين-اوفر-كونتر.jpg,الوستيل لتجهيزات المطابخ والفنادق والمطاعم,
https://alusteel.net/المنتجات/خط-سناك,https://alusteel.net/media/ccfepx3p/اوفر-كونتر-موقد-2-بلاطة.jpg,الوستيل لتجهيزات المطابخ والفنادق والمطاعم,
https://alusteel.net/المنتجات/خط-سناك/بان-مارى-كاونتر-سعة-gn1-1,https://alusteel.net/media/s1cj4ls4/بان-مارى-اوفر-كونتر.jpg,الوستيل لتجهيزات المطابخ والفنادق والمطاعم - بان مارى كاونتر سعة GN1/1 - خط سناك,
https://alusteel.net/المنتجات/خط-سناك/بان-مارى-كاونتر-سعة-gn1-1,https://alusteel.net/media/bxnlzecx/فرن-بيتزا-حطب-2.jpg,الوستيل لتجهيزات المطابخ والفنادق والمطاعم,
https://alusteel.net/المنتجات/خط-سناك/بان-مارى-كاونتر-سعة-gn1-1,https://alusteel.net/media/vu4ng5ee/شوايات-حطب.jpg,الوستيل لتجهيزات المطابخ والفنادق والمطاعم,
https://alusteel.net/المنتجات/خط-سناك/بان-مارى-كاونتر-سعة-gn1-1,https://alusteel.net/media/0k2n2u0d/شوايات-دوارة.jpg,الوستيل لتجهيزات المطابخ والفنادق والمطاعم,
https://alusteel.net/المنتجات/خط-سناك/بان-مارى-كاونتر-سعة-gn1-1,https://alusteel.net/media/mg3h3bva/فرن-بطاطس-كومبير-2.jpg,الوستيل لتجهيزات المطابخ والفنادق والمطاعم,
https://alusteel.net/المنتجات/خط-سناك/بان-مارى-كاونتر-سعة-gn1-1,https://alusteel.net/media/grxcakgd/فرن-عيش.jpg,الوستيل لتجهيزات المطابخ والفنادق والمطاعم,
https://alusteel.net/المنتجات/خط-سناك/بان-مارى-كاونتر-سعة-gn1-1,https://alusteel.net/media/jkvbzvv4/فرن-تدخين.jpg,الوستيل لتجهيزات المطابخ والفنادق والمطاعم,
https://alusteel.net/المنتجات/خط-سناك/بان-مارى-كاونتر-سعة-gn1-1,https://alusteel.net/media/lzvnpozm/شواية-فراخ-كهرباء.jpg,الوستيل لتجهيزات المطابخ والفنادق والمطاعم,
https://alusteel.net/المنتجات/خط-سناك/بوتجاز-ستانلس-ستيل-2-شعلة-كاونتر,https://alusteel.net/media/g3innvhb/بوتجاز-2-شعلة-اوفر-كونتر.jpg,الوستيل لتجهيزات المطابخ والفنادق والمطاعم - بوتجاز ستانلس ستيل 2 شعلة كاونتر - خط سناك,
https://alusteel.net/المنتجات/خط-سناك/بوتجاز-ستانلس-ستيل-2-شعلة-كاونتر,https://alusteel.net/media/bxnlzecx/فرن-بيتزا-حطب-2.jpg,الوستيل لتجهيزات المطابخ والفنادق والمطاعم,
https://alusteel.net/المنتجات/خط-سناك/بوتجاز-ستانلس-ستيل-2-شعلة-كاونتر,https://alusteel.net/media/vu4ng5ee/شوايات-حطب.jpg,الوستيل لتجهيزات المطابخ والفنادق والمطاعم,
https://alusteel.net/المنتجات/خط-سناك/بوتجاز-ستانلس-ستيل-2-شعلة-كاونتر,https://alusteel.net/media/0k2n2u0d/شوايات-دوارة.jpg,الوستيل لتجهيزات المطابخ والفنادق والمطاعم,
https://alusteel.net/المنتجات/خط-سناك/بوتجاز-ستانلس-ستيل-2-شعلة-كاونتر,https://alusteel.net/media/mg3h3bva/فرن-بطاطس-كومبير-2.jpg,الوستيل لتجهيزات المطابخ والفنادق والمطاعم,
https://alusteel.net/المنتجات/خط-سناك/بوتجاز-ستانلس-ستيل-2-شعلة-كاونتر,https://alusteel.net/media/grxcakgd/فرن-عيش.jpg,الوستيل لتجهيزات المطابخ والفنادق والمطاعم,
https://alusteel.net/المنتجات/خط-سناك/بوتجاز-ستانلس-ستيل-2-شعلة-كاونتر,https://alusteel.net/media/jkvbzvv4/فرن-تدخين.jpg,الوستيل لتجهيزات المطابخ والفنادق والمطاعم,
https://alusteel.net/المنتجات/خط-سناك/بوتجاز-ستانلس-ستيل-2-شعلة-كاونتر,https://alusteel.net/media/lzvnpozm/شواية-فراخ-كهرباء.jpg,الوستيل لتجهيزات المطابخ والفنادق والمطاعم,
https://alusteel.net/المنتجات/خط-سناك/شواية-جريل-سادة-كاونتر,https://alusteel.net/media/2jyfm01p/جريل-اوفر-كونتر.jpg,الوستيل لتجهيزات المطابخ والفنادق والمطاعم - شواية جريل سادة  كاونتر - خط سناك,
https://alusteel.net/المنتجات/خط-سناك/شواية-جريل-سادة-كاونتر,https://alusteel.net/media/bxnlzecx/فرن-بيتزا-حطب-2.jpg,الوستيل لتجهيزات المطابخ والفنادق والمطاعم,
https://alusteel.net/المنتجات/خط-سناك/شواية-جريل-سادة-كاونتر,https://alusteel.net/media/vu4ng5ee/شوايات-حطب.jpg,الوستيل لتجهيزات المطابخ والفنادق والمطاعم,
https://alusteel.net/المنتجات/خط-سناك/شواية-جريل-سادة-كاونتر,https://alusteel.net/media/0k2n2u0d/شوايات-دوارة.jpg,الوستيل لتجهيزات المطابخ والفنادق والمطاعم,
https://alusteel.net/المنتجات/خط-سناك/شواية-جريل-سادة-كاونتر,https://alusteel.net/media/mg3h3bva/فرن-بطاطس-كومبير-2.jpg,الوستيل لتجهيزات المطابخ والفنادق والمطاعم,
https://alusteel.net/المنتجات/خط-سناك/شواية-جريل-سادة-كاونتر,https://alusteel.net/media/grxcakgd/فرن-عيش.jpg,الوستيل لتجهيزات المطابخ والفنادق والمطاعم,
https://alusteel.net/المنتجات/خط-سناك/شواية-جريل-سادة-كاونتر,https://alusteel.net/media/jkvbzvv4/فرن-تدخين.jpg,الوستيل لتجهيزات المطابخ والفنادق والمطاعم,
https://alusteel.net/المنتجات/خط-سناك/شواية-جريل-سادة-كاونتر,https://alusteel.net/media/lzvnpozm/شواية-فراخ-كهرباء.jpg,الوستيل لتجهيزات المطابخ والفنادق والمطاعم,
https://alusteel.net/المنتجات/خط-سناك/باستا-كوكر-كهرباء-فوق-الكاونتر-مزودة-بمصافى-لطهي-المكرونة,https://alusteel.net/media/fmjbevps/باستا-كوكر-اوفر-كونتر.jpg,الوستيل لتجهيزات المطابخ والفنادق والمطاعم - باستا كوكر كهرباء فوق الكاونتر مزودة بمصافى لطهي المكرونة - خط سناك,
https://alusteel.net/المنتجات/خط-سناك/باستا-كوكر-كهرباء-فوق-الكاونتر-مزودة-بمصافى-لطهي-المكرونة,https://alusteel.net/media/bxnlzecx/فرن-بيتزا-حطب-2.jpg,الوستيل لتجهيزات المطابخ والفنادق والمطاعم,
https://alusteel.net/المنتجات/خط-سناك/باستا-كوكر-كهرباء-فوق-الكاونتر-مزودة-بمصافى-لطهي-المكرونة,https://alusteel.net/media/vu4ng5ee/شوايات-حطب.jpg,الوستيل لتجهيزات المطابخ والفنادق والمطاعم,
https://alusteel.net/المنتجات/خط-سناك/باستا-كوكر-كهرباء-فوق-الكاونتر-مزودة-بمصافى-لطهي-المكرونة,https://alusteel.net/media/0k2n2u0d/شوايات-دوارة.jpg,الوستيل لتجهيزات المطابخ والفنادق والمطاعم,
https://alusteel.net/المنتجات/خط-سناك/باستا-كوكر-كهرباء-فوق-الكاونتر-مزودة-بمصافى-لطهي-المكرونة,https://alusteel.net/media/mg3h3bva/فرن-بطاطس-كومبير-2.jpg,الوستيل لتجهيزات المطابخ والفنادق والمطاعم,
https://alusteel.net/المنتجات/خط-سناك/باستا-كوكر-كهرباء-فوق-الكاونتر-مزودة-بمصافى-لطهي-المكرونة,https://alusteel.net/media/grxcakgd/فرن-عيش.jpg,الوستيل لتجهيزات المطابخ والفنادق والمطاعم,
https://alusteel.net/المنتجات/خط-سناك/باستا-كوكر-كهرباء-فوق-الكاونتر-مزودة-بمصافى-لطهي-المكرونة,https://alusteel.net/media/jkvbzvv4/فرن-تدخين.jpg,الوستيل لتجهيزات المطابخ والفنادق والمطاعم,
https://alusteel.net/المنتجات/خط-سناك/باستا-كوكر-كهرباء-فوق-الكاونتر-مزودة-بمصافى-لطهي-المكرونة,https://alusteel.net/media/lzvnpozm/شواية-فراخ-كهرباء.jpg,الوستيل لتجهيزات المطابخ والفنادق والمطاعم,
https://alusteel.net/المنتجات/خط-سناك/مسخن-بطاطس-يعمل-لمبات-حرارية,https://alusteel.net/media/y1xg14zj/دامب-ستيشن-بطاطس.jpg,الوستيل لتجهيزات المطابخ والفنادق والمطاعم - مسخن بطاطس يعمل لمبات حرارية - خط سناك,
https://alusteel.net/المنتجات/خط-سناك/مسخن-بطاطس-يعمل-لمبات-حرارية,https://alusteel.net/media/bxnlzecx/فرن-بيتزا-حطب-2.jpg,الوستيل لتجهيزات المطابخ والفنادق والمطاعم,
https://alusteel.net/المنتجات/خط-سناك/مسخن-بطاطس-يعمل-لمبات-حرارية,https://alusteel.net/media/vu4ng5ee/شوايات-حطب.jpg,الوستيل لتجهيزات المطابخ والفنادق والمطاعم,
https://alusteel.net/المنتجات/خط-سناك/مسخن-بطاطس-يعمل-لمبات-حرارية,https://alusteel.net/media/0k2n2u0d/شوايات-دوارة.jpg,الوستيل لتجهيزات المطابخ والفنادق والمطاعم,
https://alusteel.net/المنتجات/خط-سناك/مسخن-بطاطس-يعمل-لمبات-حرارية,https://alusteel.net/media/mg3h3bva/فرن-بطاطس-كومبير-2.jpg,الوستيل لتجهيزات المطابخ والفنادق والمطاعم,
https://alusteel.net/المنتجات/خط-سناك/مسخن-بطاطس-يعمل-لمبات-حرارية,https://alusteel.net/media/grxcakgd/فرن-عيش.jpg,الوستيل لتجهيزات المطابخ والفنادق والمطاعم,
https://alusteel.net/المنتجات/خط-سناك/مسخن-بطاطس-يعمل-لمبات-حرارية,https://alusteel.net/media/jkvbzvv4/فرن-تدخين.jpg,الوستيل لتجهيزات المطابخ والفنادق والمطاعم,
https://alusteel.net/المنتجات/خط-سناك/مسخن-بطاطس-يعمل-لمبات-حرارية,https://alusteel.net/media/lzvnpozm/شواية-فراخ-كهرباء.jpg,الوستيل لتجهيزات المطابخ والفنادق والمطاعم,
https://alusteel.net/المنتجات/خط-سناك/قلاية-1-عين-كونتر,https://alusteel.net/media/tdmdovab/قلاية-1-عين-اوفر-كونتر.jpg,الوستيل لتجهيزات المطابخ والفنادق والمطاعم - قلاية 1 عين كونتر - خط سناك,
https://alusteel.net/المنتجات/خط-سناك/قلاية-1-عين-كونتر,https://alusteel.net/media/bxnlzecx/فرن-بيتزا-حطب-2.jpg,الوستيل لتجهيزات المطابخ والفنادق والمطاعم,
https://alusteel.net/المنتجات/خط-سناك/قلاية-1-عين-كونتر,https://alusteel.net/media/vu4ng5ee/شوايات-حطب.jpg,الوستيل لتجهيزات المطابخ والفنادق والمطاعم,
https://alusteel.net/المنتجات/خط-سناك/قلاية-1-عين-كونتر,https://alusteel.net/media/0k2n2u0d/شوايات-دوارة.jpg,الوستيل لتجهيزات المطابخ والفنادق والمطاعم,
https://alusteel.net/المنتجات/خط-سناك/قلاية-1-عين-كونتر,https://alusteel.net/media/mg3h3bva/فرن-بطاطس-كومبير-2.jpg,الوستيل لتجهيزات المطابخ والفنادق والمطاعم,
https://alusteel.net/المنتجات/خط-سناك/قلاية-1-عين-كونتر,https://alusteel.net/media/grxcakgd/فرن-عيش.jpg,الوستيل لتجهيزات المطابخ والفنادق والمطاعم,
https://alusteel.net/المنتجات/خط-سناك/قلاية-1-عين-كونتر,https://alusteel.net/media/jkvbzvv4/فرن-تدخين.jpg,الوستيل لتجهيزات المطابخ والفنادق والمطاعم,
https://alusteel.net/المنتجات/خط-سناك/قلاية-1-عين-كونتر,https://alusteel.net/media/lzvnpozm/شواية-فراخ-كهرباء.jpg,الوستيل لتجهيزات المطابخ والفنادق والمطاعم,
https://alusteel.net/المنتجات/خط-سناك/موقد-كهرباء-2-بلاطة-دائرة-مستديرة-كونتر,https://alusteel.net/media/ccfepx3p/اوفر-كونتر-موقد-2-بلاطة.jpg,الوستيل لتجهيزات المطابخ والفنادق والمطاعم - موقد كهرباء 2 بلاطة دائرة مستديرة كونتر - خط سناك,
https://alusteel.net/المنتجات/خط-سناك/موقد-كهرباء-2-بلاطة-دائرة-مستديرة-كونتر,https://alusteel.net/media/bxnlzecx/فرن-بيتزا-حطب-2.jpg,الوستيل لتجهيزات المطابخ والفنادق والمطاعم,
https://alusteel.net/المنتجات/خط-سناك/موقد-كهرباء-2-بلاطة-دائرة-مستديرة-كونتر,https://alusteel.net/media/vu4ng5ee/شوايات-حطب.jpg,الوستيل لتجهيزات المطابخ والفنادق والمطاعم,
https://alusteel.net/المنتجات/خط-سناك/موقد-كهرباء-2-بلاطة-دائرة-مستديرة-كونتر,https://alusteel.net/media/0k2n2u0d/شوايات-دوارة.jpg,الوستيل لتجهيزات المطابخ والفنادق والمطاعم,
https://alusteel.net/المنتجات/خط-سناك/موقد-كهرباء-2-بلاطة-دائرة-مستديرة-كونتر,https://alusteel.net/media/mg3h3bva/فرن-بطاطس-كومبير-2.jpg,الوستيل لتجهيزات المطابخ والفنادق والمطاعم,
https://alusteel.net/المنتجات/خط-سناك/موقد-كهرباء-2-بلاطة-دائرة-مستديرة-كونتر,https://alusteel.net/media/grxcakgd/فرن-عيش.jpg,الوستيل لتجهيزات المطابخ والفنادق والمطاعم,
https://alusteel.net/المنتجات/خط-سناك/موقد-كهرباء-2-بلاطة-دائرة-مستديرة-كونتر,https://alusteel.net/media/jkvbzvv4/فرن-تدخين.jpg,الوستيل لتجهيزات المطابخ والفنادق والمطاعم,
https://alusteel.net/المنتجات/خط-سناك/موقد-كهرباء-2-بلاطة-دائرة-مستديرة-كونتر,https://alusteel.net/media/lzvnpozm/شواية-فراخ-كهرباء.jpg,الوستيل لتجهيزات المطابخ والفنادق والمطاعم,
https://alusteel.net/الفعاليات-والاحداث,https://alusteel.net/media/nouhpuxq/hace-logo.jpg,الوستيل لتجهيزات المطابخ والفنادق والمطاعم,
https://alusteel.net/الفعاليات-والاحداث,https://alusteel.net/media/x11dcuuh/horeca-logo.jpg,الوستيل لتجهيزات المطابخ والفنادق والمطاعم,
https://alusteel.net/الفعاليات-والاحداث,https://alusteel.net/media/g5uieqaz/cafex-logo.jpg,الوستيل لتجهيزات المطابخ والفنادق والمطاعم,
https://alusteel.net/الفعاليات-والاحداث,https://alusteel.net/media/v52g1wky/iatf-logo.jpg,الوستيل لتجهيزات المطابخ والفنادق والمطاعم,
https://alusteel.net/الفعاليات-والاحداث/هيس,https://alusteel.net/media/pvilomsn/alusteel-hace2018.jpg,الوستيل لتجهيزات المطابخ والفنادق والمطاعم,
https://alusteel.net/الفعاليات-والاحداث/هيس,https://alusteel.net/media/rndgdv4j/alusteel-hace2020.jpg,الوستيل لتجهيزات المطابخ والفنادق والمطاعم,
https://alusteel.net/الفعاليات-والاحداث/هيس,https://alusteel.net/media/ebhmulgw/alusteel-hace2021.jpg,الوستيل لتجهيزات المطابخ والفنادق والمطاعم,
https://alusteel.net/الفعاليات-والاحداث/هيس,https://alusteel.net/media/ieybhekg/alusteel-hace2017.jpg,الوستيل لتجهيزات المطابخ والفنادق والمطاعم,
https://alusteel.net/الفعاليات-والاحداث/هيس,https://alusteel.net/media/reobf4s4/alusteel-hace2022.jpg,الوستيل لتجهيزات المطابخ والفنادق والمطاعم,
https://alusteel.net/الفعاليات-والاحداث/هيس,https://alusteel.net/media/5ceflm5n/hace-2024.png,الوستيل لتجهيزات المطابخ والفنادق والمطاعم,
https://alusteel.net/الفعاليات-والاحداث/هيس/هيس-2018,https://alusteel.net/media/jgeg0d5t/23376524_1487306221389610_7948860139497649361_n.jpg,الوستيل لتجهيزات المطابخ والفنادق والمطاعم - هيس 2018 - هيس,
https://alusteel.net/الفعاليات-والاحداث/هيس/هيس-2018,https://alusteel.net/media/m1fkr1ax/44093870_1900313670088861_8267099015804354560_n.jpg,الوستيل لتجهيزات المطابخ والفنادق والمطاعم - هيس 2018 - هيس,
https://alusteel.net/الفعاليات-والاحداث/هيس/هيس-2018,https://alusteel.net/media/y4xheooe/44317421_1900313466755548_1926769290158014464_n.jpg,الوستيل لتجهيزات المطابخ والفنادق والمطاعم - هيس 2018 - هيس,
https://alusteel.net/الفعاليات-والاحداث/هيس/هيس-2018,https://alusteel.net/media/iklky4jo/47264346_1967769433343284_1999437048724848640_n.jpg,الوستيل لتجهيزات المطابخ والفنادق والمطاعم - هيس 2018 - هيس,
https://alusteel.net/الفعاليات-والاحداث/هيس/هيس-2018,https://alusteel.net/media/shsl0302/47343351_1967769370009957_8976318018975956992_n.jpg,الوستيل لتجهيزات المطابخ والفنادق والمطاعم - هيس 2018 - هيس,
https://alusteel.net/الفعاليات-والاحداث/هيس/هيس-2018,https://alusteel.net/media/qaed4bbu/47388812_1967770023343225_7097966552275746816_n.jpg,الوستيل لتجهيزات المطابخ والفنادق والمطاعم - هيس 2018 - هيس,
https://alusteel.net/الفعاليات-والاحداث/هيس/هيس-2018,https://alusteel.net/media/1s5oclpl/47429205_1967768970009997_8095839479798956032_n.jpg,الوستيل لتجهيزات المطابخ والفنادق والمطاعم - هيس 2018 - هيس,
https://alusteel.net/الفعاليات-والاحداث/هيس/هيس-2018,https://alusteel.net/media/bocfmypc/47475893_1967769863343241_1350516916782891008_n.jpg,الوستيل لتجهيزات المطابخ والفنادق والمطاعم - هيس 2018 - هيس,
https://alusteel.net/الفعاليات-والاحداث/هيس/هيس-2018,https://alusteel.net/media/tewazhb3/47577435_1967769623343265_2591035318773743616_n.jpg,الوستيل لتجهيزات المطابخ والفنادق والمطاعم - هيس 2018 - هيس,
https://alusteel.net/الفعاليات-والاحداث/هيس/هيس-2020,https://alusteel.net/media/d00cxijr/ckkm1999.jpg,الوستيل لتجهيزات المطابخ والفنادق والمطاعم - هيس 2020 - هيس,
https://alusteel.net/الفعاليات-والاحداث/هيس/هيس-2020,https://alusteel.net/media/pwunz5jl/dcwu6041.jpg,الوستيل لتجهيزات المطابخ والفنادق والمطاعم - هيس 2020 - هيس,
https://alusteel.net/الفعاليات-والاحداث/هيس/هيس-2020,https://alusteel.net/media/xmwlcvt0/dwrk6065.jpg,الوستيل لتجهيزات المطابخ والفنادق والمطاعم - هيس 2020 - هيس,
https://alusteel.net/الفعاليات-والاحداث/هيس/هيس-2020,https://alusteel.net/media/k05jafw4/eiyl8764.jpg,الوستيل لتجهيزات المطابخ والفنادق والمطاعم - هيس 2020 - هيس,
https://alusteel.net/الفعاليات-والاحداث/هيس/هيس-2020,https://alusteel.net/media/52vnixml/faqt5617.jpg,الوستيل لتجهيزات المطابخ والفنادق والمطاعم - هيس 2020 - هيس,
https://alusteel.net/الفعاليات-والاحداث/هيس/هيس-2020,https://alusteel.net/media/ofrjx4dn/hwml8645.jpg,الوستيل لتجهيزات المطابخ والفنادق والمطاعم - هيس 2020 - هيس,
https://alusteel.net/الفعاليات-والاحداث/هيس/هيس-2020,https://alusteel.net/media/zvcb2bnv/img_0752.jpg,الوستيل لتجهيزات المطابخ والفنادق والمطاعم - هيس 2020 - هيس,
https://alusteel.net/الفعاليات-والاحداث/هيس/هيس-2020,https://alusteel.net/media/og2lg2om/img_0753.jpg,الوستيل لتجهيزات المطابخ والفنادق والمطاعم - هيس 2020 - هيس,
https://alusteel.net/الفعاليات-والاحداث/هيس/هيس-2020,https://alusteel.net/media/xqia3qep/img_0757.jpg,الوستيل لتجهيزات المطابخ والفنادق والمطاعم - هيس 2020 - هيس,
https://alusteel.net/الفعاليات-والاحداث/هيس/هيس-2020,https://alusteel.net/media/2limzmnr/img_0761.jpg,الوستيل لتجهيزات المطابخ والفنادق والمطاعم - هيس 2020 - هيس,
https://alusteel.net/الفعاليات-والاحداث/هيس/هيس-2020,https://alusteel.net/media/igcpp55x/img_0776.jpg,الوستيل لتجهيزات المطابخ والفنادق والمطاعم - هيس 2020 - هيس,
https://alusteel.net/الفعاليات-والاحداث/هيس/هيس-2020,https://alusteel.net/media/f3kizbpl/img_0778.jpg,الوستيل لتجهيزات المطابخ والفنادق والمطاعم - هيس 2020 - هيس,
https://alusteel.net/الفعاليات-والاحداث/هيس/هيس-2020,https://alusteel.net/media/lx4j122l/img_0780.jpg,الوستيل لتجهيزات المطابخ والفنادق والمطاعم - هيس 2020 - هيس,
https://alusteel.net/الفعاليات-والاحداث/هيس/هيس-2020,https://alusteel.net/media/taylh4of/img_0782.jpg,الوستيل لتجهيزات المطابخ والفنادق والمطاعم - هيس 2020 - هيس,
https://alusteel.net/الفعاليات-والاحداث/هيس/هيس-2020,https://alusteel.net/media/njuntrci/img_0783.jpg,الوستيل لتجهيزات المطابخ والفنادق والمطاعم - هيس 2020 - هيس,
https://alusteel.net/الفعاليات-والاحداث/هيس/هيس-2020,https://alusteel.net/media/rtigzrrq/img_0784.jpg,الوستيل لتجهيزات المطابخ والفنادق والمطاعم - هيس 2020 - هيس,
https://alusteel.net/الفعاليات-والاحداث/هيس/هيس-2020,https://alusteel.net/media/xoairu50/img_0819.jpg,الوستيل لتجهيزات المطابخ والفنادق والمطاعم - هيس 2020 - هيس,
https://alusteel.net/الفعاليات-والاحداث/هيس/هيس-2020,https://alusteel.net/media/hyfdthpq/img_0823.jpg,الوستيل لتجهيزات المطابخ والفنادق والمطاعم - هيس 2020 - هيس,
https://alusteel.net/الفعاليات-والاحداث/هيس/هيس-2020,https://alusteel.net/media/qkdcubau/img_0828-7.jpg,الوستيل لتجهيزات المطابخ والفنادق والمطاعم - هيس 2020 - هيس,
https://alusteel.net/الفعاليات-والاحداث/هيس/هيس-2020,https://alusteel.net/media/31sh2bnr/jdzr2785.jpg,الوستيل لتجهيزات المطابخ والفنادق والمطاعم - هيس 2020 - هيس,
https://alusteel.net/الفعاليات-والاحداث/هيس/هيس-2020,https://alusteel.net/media/qnsb3gm2/ouyb9105.jpg,الوستيل لتجهيزات المطابخ والفنادق والمطاعم - هيس 2020 - هيس,
https://alusteel.net/الفعاليات-والاحداث/هيس/هيس-2020,https://alusteel.net/media/4v1dj1he/pdhn6261.jpg,الوستيل لتجهيزات المطابخ والفنادق والمطاعم - هيس 2020 - هيس,
https://alusteel.net/الفعاليات-والاحداث/هيس/هيس-2020,https://alusteel.net/media/0s4ngxb0/shro5080.jpg,الوستيل لتجهيزات المطابخ والفنادق والمطاعم - هيس 2020 - هيس,
https://alusteel.net/الفعاليات-والاحداث/هيس/هيس-2020,https://alusteel.net/media/tjobof40/syzp6726.jpg,الوستيل لتجهيزات المطابخ والفنادق والمطاعم - هيس 2020 - هيس,
https://alusteel.net/الفعاليات-والاحداث/هيس/هيس-2020,https://alusteel.net/media/ryxnb1n0/wkht7208.jpg,الوستيل لتجهيزات المطابخ والفنادق والمطاعم - هيس 2020 - هيس,
https://alusteel.net/الفعاليات-والاحداث/هيس/هيس-2020,https://alusteel.net/media/p2vfcgo2/woks7697.jpg,الوستيل لتجهيزات المطابخ والفنادق والمطاعم - هيس 2020 - هيس,
https://alusteel.net/الفعاليات-والاحداث/هيس/هيس-2021,https://alusteel.net/media/ej4dase3/260453245_2655553187921639_7575883156030073767_n.jpg,الوستيل لتجهيزات المطابخ والفنادق والمطاعم - هيس 2021 - هيس,
https://alusteel.net/الفعاليات-والاحداث/هيس/هيس-2021,https://alusteel.net/media/xkrn2yqn/264657533_2668058210004470_6309319450764494039_n.jpg,الوستيل لتجهيزات المطابخ والفنادق والمطاعم - هيس 2021 - هيس,
https://alusteel.net/الفعاليات-والاحداث/هيس/هيس-2021,https://alusteel.net/media/fvph0wd5/265240629_2670719203071704_2288940543698331879_n.jpg,الوستيل لتجهيزات المطابخ والفنادق والمطاعم - هيس 2021 - هيس,
https://alusteel.net/الفعاليات-والاحداث/هيس/هيس-2021,https://alusteel.net/media/nbyopmck/265298229_2670721603071464_7569566775482248079_n.jpg,الوستيل لتجهيزات المطابخ والفنادق والمطاعم - هيس 2021 - هيس,
https://alusteel.net/الفعاليات-والاحداث/هيس/هيس-2021,https://alusteel.net/media/j1qhceh2/265300606_2670733089736982_8192476287917960318_n.jpg,الوستيل لتجهيزات المطابخ والفنادق والمطاعم - هيس 2021 - هيس,
https://alusteel.net/الفعاليات-والاحداث/هيس/هيس-2021,https://alusteel.net/media/npjht5vv/266121388_2672510936225864_4073541796279235317_n.jpg,الوستيل لتجهيزات المطابخ والفنادق والمطاعم - هيس 2021 - هيس,
https://alusteel.net/الفعاليات-والاحداث/هيس/هيس-2021,https://alusteel.net/media/b0cc5xxx/266981710_2670717929738498_8745508943561530423_n.jpg,الوستيل لتجهيزات المطابخ والفنادق والمطاعم - هيس 2021 - هيس,
https://alusteel.net/الفعاليات-والاحداث/هيس/هيس-2021,https://alusteel.net/media/xdtlbqks/267168747_2670720379738253_6170299806338101751_n.jpg,الوستيل لتجهيزات المطابخ والفنادق والمطاعم - هيس 2021 - هيس,
https://alusteel.net/الفعاليات-والاحداث/هيس/هيس-2021,https://alusteel.net/media/nhdlj4xt/267351099_2670734053070219_4789189995888573102_n.jpg,الوستيل لتجهيزات المطابخ والفنادق والمطاعم - هيس 2021 - هيس,
https://alusteel.net/الفعاليات-والاحداث/هيس/هيس-2021,https://alusteel.net/media/q2ynr5ts/267422913_2670722249738066_826248439461765658_n.jpg,الوستيل لتجهيزات المطابخ والفنادق والمطاعم - هيس 2021 - هيس,
https://alusteel.net/الفعاليات-والاحداث/هيس/هيس-2021,https://alusteel.net/media/m0ihylga/267454095_2670742209736070_5523764240089272158_n.jpg,الوستيل لتجهيزات المطابخ والفنادق والمطاعم - هيس 2021 - هيس,
https://alusteel.net/الفعاليات-والاحداث/هيس/هيس-2021,https://alusteel.net/media/y4efx1te/267590334_2670720966404861_5772469582177713183_n.jpg,الوستيل لتجهيزات المطابخ والفنادق والمطاعم - هيس 2021 - هيس,
https://alusteel.net/الفعاليات-والاحداث/هيس/هيس-2021,https://alusteel.net/media/0ezh1ilw/269898023_5030884487003167_8137552447859461362_n.jpg,الوستيل لتجهيزات المطابخ والفنادق والمطاعم - هيس 2021 - هيس,
https://alusteel.net/الفعاليات-والاحداث/هيس/هيس-2021,https://alusteel.net/media/ejnbwcyl/269898795_5030862813672001_7385696028905589680_n.jpg,الوستيل لتجهيزات المطابخ والفنادق والمطاعم - هيس 2021 - هيس,
https://alusteel.net/الفعاليات-والاحداث/هيس/هيس-2021,https://alusteel.net/media/4fkfdlvl/269931608_5022304287861187_7062751167078200068_n.jpg,الوستيل لتجهيزات المطابخ والفنادق والمطاعم - هيس 2021 - هيس,
https://alusteel.net/الفعاليات-والاحداث/هيس/هيس-2021,https://alusteel.net/media/zs1cohuz/269936544_5022563521168597_4303732687217219391_n.jpg,الوستيل لتجهيزات المطابخ والفنادق والمطاعم - هيس 2021 - هيس,
https://alusteel.net/الفعاليات-والاحداث/هيس/هيس-2021,https://alusteel.net/media/ewnn324w/269940117_5022566847834931_4797552888838824468_n.jpg,الوستيل لتجهيزات المطابخ والفنادق والمطاعم - هيس 2021 - هيس,
https://alusteel.net/الفعاليات-والاحداث/هيس/هيس-2021,https://alusteel.net/media/fqcpdetp/269956134_5022569487834667_7020952309833307243_n.jpg,الوستيل لتجهيزات المطابخ والفنادق والمطاعم - هيس 2021 - هيس,
https://alusteel.net/الفعاليات-والاحداث/هيس/هيس-2021,https://alusteel.net/media/ue5b0prk/269956976_5022307934527489_2934138635462584115_n.jpg,الوستيل لتجهيزات المطابخ والفنادق والمطاعم - هيس 2021 - هيس,
https://alusteel.net/الفعاليات-والاحداث/هيس/هيس-2021,https://alusteel.net/media/ofjf5cx5/269958144_5022299884528294_4851734043725659320_n.jpg,الوستيل لتجهيزات المطابخ والفنادق والمطاعم - هيس 2021 - هيس,
https://alusteel.net/الفعاليات-والاحداث/هيس/هيس-2021,https://alusteel.net/media/egcddmbm/270085685_5030868480338101_8161419801455891693_n.jpg,الوستيل لتجهيزات المطابخ والفنادق والمطاعم - هيس 2021 - هيس,
https://alusteel.net/الفعاليات-والاحداث/هيس/هيس-2021,https://alusteel.net/media/jfxnhblx/270093203_5030889570335992_4823680086276276881_n.jpg,الوستيل لتجهيزات المطابخ والفنادق والمطاعم - هيس 2021 - هيس,
https://alusteel.net/الفعاليات-والاحداث/هيس/هيس-2021,https://alusteel.net/media/5kkpi1oe/270099702_5030917600333189_9130739422379902493_n.jpg,الوستيل لتجهيزات المطابخ والفنادق والمطاعم - هيس 2021 - هيس,
https://alusteel.net/الفعاليات-والاحداث/هيس/هيس-2021,https://alusteel.net/media/ggbjhscw/270104675_5030935163664766_1695346596809610156_n.jpg,الوستيل لتجهيزات المطابخ والفنادق والمطاعم - هيس 2021 - هيس,
https://alusteel.net/الفعاليات-والاحداث/هيس/هيس-2021,https://alusteel.net/media/b1vpipsx/270105285_5030907997000816_2808759067941689371_n.jpg,الوستيل لتجهيزات المطابخ والفنادق والمطاعم - هيس 2021 - هيس,
https://alusteel.net/الفعاليات-والاحداث/هيس/هيس-2021,https://alusteel.net/media/v5tezscz/270116264_5030855057006110_4858048877585667862_n.jpg,الوستيل لتجهيزات المطابخ والفنادق والمطاعم - هيس 2021 - هيس,
https://alusteel.net/الفعاليات-والاحداث/هيس/هيس-2021,https://alusteel.net/media/egkdppfy/270116866_5030911037000512_221910764287268506_n.jpg,الوستيل لتجهيزات المطابخ والفنادق والمطاعم - هيس 2021 - هيس,
https://alusteel.net/الفعاليات-والاحداث/هيس/هيس-2021,https://alusteel.net/media/f0hba3p4/270118037_5030860867005529_971985384238567069_n.jpg,الوستيل لتجهيزات المطابخ والفنادق والمطاعم - هيس 2021 - هيس,
https://alusteel.net/الفعاليات-والاحداث/هيس/هيس-2021,https://alusteel.net/media/slepzewd/270124708_5030914903666792_50978941993640470_n.jpg,الوستيل لتجهيزات المطابخ والفنادق والمطاعم - هيس 2021 - هيس,
https://alusteel.net/الفعاليات-والاحداث/هيس/هيس-2021,https://alusteel.net/media/ogafobwi/270126740_5030858167005799_7178758529194679882_n.jpg,الوستيل لتجهيزات المطابخ والفنادق والمطاعم - هيس 2021 - هيس,
https://alusteel.net/الفعاليات-والاحداث/هيس/هيس-2021,https://alusteel.net/media/k2olvmjz/270168827_5030899943668288_7732763813886307461_n.jpg,الوستيل لتجهيزات المطابخ والفنادق والمطاعم - هيس 2021 - هيس,
https://alusteel.net/الفعاليات-والاحداث/هيس/هيس-2017,https://alusteel.net/media/pxcdh1o5/20171029_154902.jpg,الوستيل لتجهيزات المطابخ والفنادق والمطاعم - هيس 2017 - هيس,
https://alusteel.net/الفعاليات-والاحداث/هيس/هيس-2017,https://alusteel.net/media/vugja3oc/20171029_154909.jpg,الوستيل لتجهيزات المطابخ والفنادق والمطاعم - هيس 2017 - هيس,
https://alusteel.net/الفعاليات-والاحداث/هيس/هيس-2017,https://alusteel.net/media/k3fftqvz/20171030_130920.jpg,الوستيل لتجهيزات المطابخ والفنادق والمطاعم - هيس 2017 - هيس,
https://alusteel.net/الفعاليات-والاحداث/هيس/هيس-2017,https://alusteel.net/media/jy4pmrbw/20171030_201404-0.jpg,الوستيل لتجهيزات المطابخ والفنادق والمطاعم - هيس 2017 - هيس,
https://alusteel.net/الفعاليات-والاحداث/هيس/هيس-2017,https://alusteel.net/media/xlgnwkti/20171030_201527.jpg,الوستيل لتجهيزات المطابخ والفنادق والمطاعم - هيس 2017 - هيس,
https://alusteel.net/الفعاليات-والاحداث/هيس/هيس-2017,https://alusteel.net/media/hs2d1mdq/20171030_201530.jpg,الوستيل لتجهيزات المطابخ والفنادق والمطاعم - هيس 2017 - هيس,
https://alusteel.net/الفعاليات-والاحداث/هيس/هيس-2017,https://alusteel.net/media/nnlllvfa/20171030_201755-0.jpg,الوستيل لتجهيزات المطابخ والفنادق والمطاعم - هيس 2017 - هيس,
https://alusteel.net/الفعاليات-والاحداث/هيس/هيس-2017,https://alusteel.net/media/gilcmidt/20171030_201805.jpg,الوستيل لتجهيزات المطابخ والفنادق والمطاعم - هيس 2017 - هيس,
https://alusteel.net/الفعاليات-والاحداث/هيس/هيس-2017,https://alusteel.net/media/bwwdoefl/20171030_201811.jpg,الوستيل لتجهيزات المطابخ والفنادق والمطاعم - هيس 2017 - هيس,
https://alusteel.net/الفعاليات-والاحداث/هيس/هيس-2017,https://alusteel.net/media/qxdbzryl/20171030_201833.jpg,الوستيل لتجهيزات المطابخ والفنادق والمطاعم - هيس 2017 - هيس,
https://alusteel.net/الفعاليات-والاحداث/هيس/هيس-2017,https://alusteel.net/media/grrnl0me/20171031_110725.jpg,الوستيل لتجهيزات المطابخ والفنادق والمطاعم - هيس 2017 - هيس,
https://alusteel.net/الفعاليات-والاحداث/هيس/هيس-2017,https://alusteel.net/media/ylyft3sl/20171031_110736.jpg,الوستيل لتجهيزات المطابخ والفنادق والمطاعم - هيس 2017 - هيس,
https://alusteel.net/الفعاليات-والاحداث/هيس/هيس-2017,https://alusteel.net/media/li1jidaj/20171102_184118.jpg,الوستيل لتجهيزات المطابخ والفنادق والمطاعم - هيس 2017 - هيس,
https://alusteel.net/الفعاليات-والاحداث/هيس/هيس-2017,https://alusteel.net/media/wqkordwz/20171102_184158.jpg,الوستيل لتجهيزات المطابخ والفنادق والمطاعم - هيس 2017 - هيس,
https://alusteel.net/الفعاليات-والاحداث/هيس/هيس-2017,https://alusteel.net/media/xfzebhji/20171102_184913.jpg,الوستيل لتجهيزات المطابخ والفنادق والمطاعم - هيس 2017 - هيس,
https://alusteel.net/الفعاليات-والاحداث/هيس/هيس-2017,https://alusteel.net/media/yg3hgsmk/20171102_185013.jpg,الوستيل لتجهيزات المطابخ والفنادق والمطاعم - هيس 2017 - هيس,
https://alusteel.net/الفعاليات-والاحداث/هيس/هيس-2022,https://alusteel.net/media/3hkf1wqn/3.png,الوستيل لتجهيزات المطابخ والفنادق والمطاعم - هيس 2022 - هيس,
https://alusteel.net/الفعاليات-والاحداث/هيس/هيس-2022,https://alusteel.net/media/guwpcmae/19.png,الوستيل لتجهيزات المطابخ والفنادق والمطاعم - هيس 2022 - هيس,
https://alusteel.net/الفعاليات-والاحداث/هيس/هيس-2022,https://alusteel.net/media/kmhbbdov/20.png,الوستيل لتجهيزات المطابخ والفنادق والمطاعم - هيس 2022 - هيس,
https://alusteel.net/الفعاليات-والاحداث/هيس/هيس-2022,https://alusteel.net/media/w5xp4qxt/30.png,الوستيل لتجهيزات المطابخ والفنادق والمطاعم - هيس 2022 - هيس,
https://alusteel.net/الفعاليات-والاحداث/هيس/هيس-2022,https://alusteel.net/media/zadnw54m/33.png,الوستيل لتجهيزات المطابخ والفنادق والمطاعم - هيس 2022 - هيس,
https://alusteel.net/الفعاليات-والاحداث/هيس/هيس-2022,https://alusteel.net/media/n1bnq0nx/34.png,الوستيل لتجهيزات المطابخ والفنادق والمطاعم - هيس 2022 - هيس,
https://alusteel.net/الفعاليات-والاحداث/هيس/هيس-2022,https://alusteel.net/media/pxefquuo/35.png,الوستيل لتجهيزات المطابخ والفنادق والمطاعم - هيس 2022 - هيس,
https://alusteel.net/الفعاليات-والاحداث/هيس/هيس-2022,https://alusteel.net/media/pmva1ank/49.png,الوستيل لتجهيزات المطابخ والفنادق والمطاعم - هيس 2022 - هيس,
https://alusteel.net/الفعاليات-والاحداث/هيس/هيس-2022,https://alusteel.net/media/fwlgkx53/51.png,الوستيل لتجهيزات المطابخ والفنادق والمطاعم - هيس 2022 - هيس,
https://alusteel.net/الفعاليات-والاحداث/هيس/هيس-2022,https://alusteel.net/media/xt3fo5ms/270189279_5030920703666212_7885087062954906810_n.jpg,الوستيل لتجهيزات المطابخ والفنادق والمطاعم - هيس 2022 - هيس,
https://alusteel.net/الفعاليات-والاحداث/هيس/هيس-2022,https://alusteel.net/media/5snfi4cs/dfa7c945-f2da-4383-b0a0-b154c178e683.jpg,الوستيل لتجهيزات المطابخ والفنادق والمطاعم - هيس 2022 - هيس,
https://alusteel.net/الفعاليات-والاحداث/هيس/هيس-2022,https://alusteel.net/media/n5xi53wa/dsc01147.jpg,الوستيل لتجهيزات المطابخ والفنادق والمطاعم - هيس 2022 - هيس,
https://alusteel.net/الفعاليات-والاحداث/هيس/هيس-2022,https://alusteel.net/media/c5tn1lrk/dsc01149.jpg,الوستيل لتجهيزات المطابخ والفنادق والمطاعم - هيس 2022 - هيس,
https://alusteel.net/الفعاليات-والاحداث/هيس/هيس-2022,https://alusteel.net/media/d5wkdj4a/dsc01173.jpg,الوستيل لتجهيزات المطابخ والفنادق والمطاعم - هيس 2022 - هيس,
https://alusteel.net/الفعاليات-والاحداث/هيس/هيس-2022,https://alusteel.net/media/dqjpi21z/dsc01179.jpg,الوستيل لتجهيزات المطابخ والفنادق والمطاعم - هيس 2022 - هيس,
https://alusteel.net/الفعاليات-والاحداث/هيس/هيس-2023,https://alusteel.net/media/y4efx1te/267590334_2670720966404861_5772469582177713183_n.jpg,الوستيل لتجهيزات المطابخ والفنادق والمطاعم - هيس 2023 - هيس,
https://alusteel.net/الفعاليات-والاحداث/هيس/هيس-2023,https://alusteel.net/media/0ezh1ilw/269898023_5030884487003167_8137552447859461362_n.jpg,الوستيل لتجهيزات المطابخ والفنادق والمطاعم - هيس 2023 - هيس,
https://alusteel.net/الفعاليات-والاحداث/هيس/هيس-2023,https://alusteel.net/media/ejnbwcyl/269898795_5030862813672001_7385696028905589680_n.jpg,الوستيل لتجهيزات المطابخ والفنادق والمطاعم - هيس 2023 - هيس,
https://alusteel.net/الفعاليات-والاحداث/هيس/هيس-2023,https://alusteel.net/media/4fkfdlvl/269931608_5022304287861187_7062751167078200068_n.jpg,الوستيل لتجهيزات المطابخ والفنادق والمطاعم - هيس 2023 - هيس,
https://alusteel.net/الفعاليات-والاحداث/هيس/هيس-2023,https://alusteel.net/media/zs1cohuz/269936544_5022563521168597_4303732687217219391_n.jpg,الوستيل لتجهيزات المطابخ والفنادق والمطاعم - هيس 2023 - هيس,
https://alusteel.net/الفعاليات-والاحداث/هيس/هيس-2023,https://alusteel.net/media/ewnn324w/269940117_5022566847834931_4797552888838824468_n.jpg,الوستيل لتجهيزات المطابخ والفنادق والمطاعم - هيس 2023 - هيس,
https://alusteel.net/الفعاليات-والاحداث/هيس/هيس-2023,https://alusteel.net/media/fqcpdetp/269956134_5022569487834667_7020952309833307243_n.jpg,الوستيل لتجهيزات المطابخ والفنادق والمطاعم - هيس 2023 - هيس,
https://alusteel.net/الفعاليات-والاحداث/هيس/هيس-2023,https://alusteel.net/media/ue5b0prk/269956976_5022307934527489_2934138635462584115_n.jpg,الوستيل لتجهيزات المطابخ والفنادق والمطاعم - هيس 2023 - هيس,
https://alusteel.net/الفعاليات-والاحداث/هيس/هيس-2023,https://alusteel.net/media/ofjf5cx5/269958144_5022299884528294_4851734043725659320_n.jpg,الوستيل لتجهيزات المطابخ والفنادق والمطاعم - هيس 2023 - هيس,
https://alusteel.net/الفعاليات-والاحداث/هيس/هيس-2023,https://alusteel.net/media/egcddmbm/270085685_5030868480338101_8161419801455891693_n.jpg,الوستيل لتجهيزات المطابخ والفنادق والمطاعم - هيس 2023 - هيس,
https://alusteel.net/الفعاليات-والاحداث/هيس/هيس-2023,https://alusteel.net/media/jfxnhblx/270093203_5030889570335992_4823680086276276881_n.jpg,الوستيل لتجهيزات المطابخ والفنادق والمطاعم - هيس 2023 - هيس,
https://alusteel.net/الفعاليات-والاحداث/هيس/هيس-2023,https://alusteel.net/media/5kkpi1oe/270099702_5030917600333189_9130739422379902493_n.jpg,الوستيل لتجهيزات المطابخ والفنادق والمطاعم - هيس 2023 - هيس,
https://alusteel.net/الفعاليات-والاحداث/هيس/هيس-2023,https://alusteel.net/media/ggbjhscw/270104675_5030935163664766_1695346596809610156_n.jpg,الوستيل لتجهيزات المطابخ والفنادق والمطاعم - هيس 2023 - هيس,
https://alusteel.net/الفعاليات-والاحداث/هيس/هيس-2023,https://alusteel.net/media/b1vpipsx/270105285_5030907997000816_2808759067941689371_n.jpg,الوستيل لتجهيزات المطابخ والفنادق والمطاعم - هيس 2023 - هيس,
https://alusteel.net/الفعاليات-والاحداث/هيس/هيس-2023,https://alusteel.net/media/v5tezscz/270116264_5030855057006110_4858048877585667862_n.jpg,الوستيل لتجهيزات المطابخ والفنادق والمطاعم - هيس 2023 - هيس,
https://alusteel.net/الفعاليات-والاحداث/هيس/هيس-2023,https://alusteel.net/media/egkdppfy/270116866_5030911037000512_221910764287268506_n.jpg,الوستيل لتجهيزات المطابخ والفنادق والمطاعم - هيس 2023 - هيس,
https://alusteel.net/الفعاليات-والاحداث/هيس/هيس-2023,https://alusteel.net/media/f0hba3p4/270118037_5030860867005529_971985384238567069_n.jpg,الوستيل لتجهيزات المطابخ والفنادق والمطاعم - هيس 2023 - هيس,
https://alusteel.net/الفعاليات-والاحداث/هيس/هيس-2023,https://alusteel.net/media/slepzewd/270124708_5030914903666792_50978941993640470_n.jpg,الوستيل لتجهيزات المطابخ والفنادق والمطاعم - هيس 2023 - هيس,
https://alusteel.net/الفعاليات-والاحداث/هيس/هيس-2023,https://alusteel.net/media/ogafobwi/270126740_5030858167005799_7178758529194679882_n.jpg,الوستيل لتجهيزات المطابخ والفنادق والمطاعم - هيس 2023 - هيس,
https://alusteel.net/الفعاليات-والاحداث/هيس/هيس-2023,https://alusteel.net/media/k2olvmjz/270168827_5030899943668288_7732763813886307461_n.jpg,الوستيل لتجهيزات المطابخ والفنادق والمطاعم - هيس 2023 - هيس,
https://alusteel.net/الفعاليات-والاحداث/هيس/هيس-2024,https://alusteel.net/media/jg2l3pnh/img-20241017-wa0009.jpg,الوستيل لتجهيزات المطابخ والفنادق والمطاعم - هيس 2024 - هيس,
https://alusteel.net/الفعاليات-والاحداث/هيس/هيس-2024,https://alusteel.net/media/xwudttzm/img-20241017-wa0013.jpg,الوستيل لتجهيزات المطابخ والفنادق والمطاعم - هيس 2024 - هيس,
https://alusteel.net/الفعاليات-والاحداث/هيس/هيس-2024,https://alusteel.net/media/0jfncngd/img-20241017-wa0016.jpg,الوستيل لتجهيزات المطابخ والفنادق والمطاعم - هيس 2024 - هيس,
https://alusteel.net/الفعاليات-والاحداث/هيس/هيس-2024,https://alusteel.net/media/lpwirzor/img-20241017-wa0019.jpg,الوستيل لتجهيزات المطابخ والفنادق والمطاعم - هيس 2024 - هيس,
https://alusteel.net/الفعاليات-والاحداث/هيس/هيس-2024,https://alusteel.net/media/hajkkkyg/img-20241017-wa0007.jpg,الوستيل لتجهيزات المطابخ والفنادق والمطاعم - هيس 2024 - هيس,
https://alusteel.net/الفعاليات-والاحداث/هيس/هيس-2024,https://alusteel.net/media/ebhmulgw/alusteel-hace2021.jpg,الوستيل لتجهيزات المطابخ والفنادق والمطاعم - هيس 2024 - هيس,
https://alusteel.net/الفعاليات-والاحداث/هيس/هيس-2024,https://alusteel.net/media/j2nmz1zm/مصنع-الوستيل-لمعدات-المطاعم-والفنادق.jpg,الوستيل لتجهيزات المطابخ والفنادق والمطاعم - هيس 2024 - هيس,
https://alusteel.net/الفعاليات-والاحداث/هيس/هيس-2024,https://alusteel.net/media/rlnd1b2p/img-20240811-wa0007.jpg,الوستيل لتجهيزات المطابخ والفنادق والمطاعم - هيس 2024 - هيس,
https://alusteel.net/الفعاليات-والاحداث/هيس/هيس-2024,https://alusteel.net/media/evidlh5c/img-20240811-wa0004.jpg,الوستيل لتجهيزات المطابخ والفنادق والمطاعم - هيس 2024 - هيس,
https://alusteel.net/الفعاليات-والاحداث/هيس/هيس-2024,https://alusteel.net/media/w1vb5nw5/img-20240811-wa0006.jpg,الوستيل لتجهيزات المطابخ والفنادق والمطاعم - هيس 2024 - هيس,
https://alusteel.net/الفعاليات-والاحداث/هيس/هيس-2024,https://alusteel.net/media/xjphnice/معدات-مطابخ-الوستيل.jpg,الوستيل لتجهيزات المطابخ والفنادق والمطاعم - هيس 2024 - هيس,
https://alusteel.net/الفعاليات-والاحداث/هيس/هيس-2024,https://alusteel.net/media/dk3f5szg/img-20240327-wa0011.jpg,الوستيل لتجهيزات المطابخ والفنادق والمطاعم - هيس 2024 - هيس,
https://alusteel.net/الفعاليات-والاحداث/هيس/هيس-2024,https://alusteel.net/media/fhehs3u4/معرض-هيس-2024-الوستيل.jpg,الوستيل لتجهيزات المطابخ والفنادق والمطاعم - هيس 2024 - هيس,
https://alusteel.net/الفعاليات-والاحداث/هيس/هيس-2024,https://alusteel.net/media/kqtl4owo/img-20241017-wa0041.jpg,الوستيل لتجهيزات المطابخ والفنادق والمطاعم - هيس 2024 - هيس,
https://alusteel.net/الفعاليات-والاحداث/هيس/هيس-2024,https://alusteel.net/media/gbopc2iw/img-20241017-wa0030.jpg,الوستيل لتجهيزات المطابخ والفنادق والمطاعم - هيس 2024 - هيس,
https://alusteel.net/الفعاليات-والاحداث/هيس/هيس-2024,https://alusteel.net/media/fzaje400/img-20241017-wa0036.jpg,الوستيل لتجهيزات المطابخ والفنادق والمطاعم - هيس 2024 - هيس,
https://alusteel.net/الفعاليات-والاحداث/هيس/هيس-2024,https://alusteel.net/media/ugbmr3fd/img-20241017-wa0039.jpg,الوستيل لتجهيزات المطابخ والفنادق والمطاعم - هيس 2024 - هيس,
https://alusteel.net/الفعاليات-والاحداث/هيس/هيس-2024,https://alusteel.net/media/tavba4mn/img-20241017-wa0026.jpg,الوستيل لتجهيزات المطابخ والفنادق والمطاعم - هيس 2024 - هيس,
https://alusteel.net/الفعاليات-والاحداث/هوريكا,https://alusteel.net/media/avfnaolo/alusteel-horeca2023.jpg,الوستيل لتجهيزات المطابخ والفنادق والمطاعم,
https://alusteel.net/الفعاليات-والاحداث/هوريكا,https://alusteel.net/media/xudp0grm/alusteel-horecar2023.jpg,الوستيل لتجهيزات المطابخ والفنادق والمطاعم,
https://alusteel.net/الفعاليات-والاحداث/هوريكا/هوريكا-جدة-2023,https://alusteel.net/media/cxyeucbi/0ebd6276-08aa-4054-8960-e506cf9ce28b.jpg,الوستيل لتجهيزات المطابخ والفنادق والمطاعم - هوريكا جدة 2023 - هوريكا,
https://alusteel.net/الفعاليات-والاحداث/هوريكا/هوريكا-جدة-2023,https://alusteel.net/media/klof0rhy/6a5972b9-e9c1-40de-a27c-6167989db893.jpg,الوستيل لتجهيزات المطابخ والفنادق والمطاعم - هوريكا جدة 2023 - هوريكا,
https://alusteel.net/الفعاليات-والاحداث/هوريكا/هوريكا-جدة-2023,https://alusteel.net/media/k54pl1xq/6e8046d1-6b8f-4a72-8de8-3fc1e5a39864.jpg,الوستيل لتجهيزات المطابخ والفنادق والمطاعم - هوريكا جدة 2023 - هوريكا,
https://alusteel.net/الفعاليات-والاحداث/هوريكا/هوريكا-جدة-2023,https://alusteel.net/media/qf4gizc4/8fe938d7-6edc-45e8-bb48-4857db2f9fe0.jpg,الوستيل لتجهيزات المطابخ والفنادق والمطاعم - هوريكا جدة 2023 - هوريكا,
https://alusteel.net/الفعاليات-والاحداث/هوريكا/هوريكا-جدة-2023,https://alusteel.net/media/eyshqg0s/313f1838-4298-43b3-bf4c-d5743452edf7.jpg,الوستيل لتجهيزات المطابخ والفنادق والمطاعم - هوريكا جدة 2023 - هوريكا,
https://alusteel.net/الفعاليات-والاحداث/هوريكا/هوريكا-جدة-2023,https://alusteel.net/media/l01dteqv/17d58c8a-5912-42d6-afac-ed15f49da4f0.jpg,الوستيل لتجهيزات المطابخ والفنادق والمطاعم - هوريكا جدة 2023 - هوريكا,
https://alusteel.net/الفعاليات-والاحداث/هوريكا/هوريكا-جدة-2023,https://alusteel.net/media/i4cb1w2n/0ebd6276-08aa-4054-8960-e506cf9ce28b.jpg,الوستيل لتجهيزات المطابخ والفنادق والمطاعم - هوريكا جدة 2023 - هوريكا,
https://alusteel.net/الفعاليات-والاحداث/هوريكا/هوريكا-جدة-2023,https://alusteel.net/media/fwwnm0o5/6a5972b9-e9c1-40de-a27c-6167989db893.jpg,الوستيل لتجهيزات المطابخ والفنادق والمطاعم - هوريكا جدة 2023 - هوريكا,
https://alusteel.net/الفعاليات-والاحداث/هوريكا/هوريكا-جدة-2023,https://alusteel.net/media/40vd1cy2/6e8046d1-6b8f-4a72-8de8-3fc1e5a39864.jpg,الوستيل لتجهيزات المطابخ والفنادق والمطاعم - هوريكا جدة 2023 - هوريكا,
https://alusteel.net/الفعاليات-والاحداث/هوريكا/هوريكا-جدة-2023,https://alusteel.net/media/vlbpt4hv/8fe938d7-6edc-45e8-bb48-4857db2f9fe0.jpg,الوستيل لتجهيزات المطابخ والفنادق والمطاعم - هوريكا جدة 2023 - هوريكا,
https://alusteel.net/الفعاليات-والاحداث/هوريكا/هوريكا-جدة-2023,https://alusteel.net/media/usrhvjwn/17d58c8a-5912-42d6-afac-ed15f49da4f0.jpg,الوستيل لتجهيزات المطابخ والفنادق والمطاعم - هوريكا جدة 2023 - هوريكا,
https://alusteel.net/الفعاليات-والاحداث/هوريكا/هوريكا-جدة-2023,https://alusteel.net/media/vwndxqa4/313f1838-4298-43b3-bf4c-d5743452edf7.jpg,الوستيل لتجهيزات المطابخ والفنادق والمطاعم - هوريكا جدة 2023 - هوريكا,
https://alusteel.net/الفعاليات-والاحداث/هوريكا/هوريكا-جدة-2023,https://alusteel.net/media/hn4i3zok/33051ddf-8ca3-4ae7-b30f-c07f79216441.jpg,الوستيل لتجهيزات المطابخ والفنادق والمطاعم - هوريكا جدة 2023 - هوريكا,
https://alusteel.net/الفعاليات-والاحداث/هوريكا/هوريكا-جدة-2023,https://alusteel.net/media/qqlhyyju/a86ddf43-5f8e-4fe2-9ff7-6e0a068b9779.jpg,الوستيل لتجهيزات المطابخ والفنادق والمطاعم - هوريكا جدة 2023 - هوريكا,
https://alusteel.net/الفعاليات-والاحداث/هوريكا/هوريكا-جدة-2023,https://alusteel.net/media/nedls0pj/b02dbef2-ef41-4cbd-8fb3-6ed6a5e8bc2b.jpg,الوستيل لتجهيزات المطابخ والفنادق والمطاعم - هوريكا جدة 2023 - هوريكا,
https://alusteel.net/الفعاليات-والاحداث/هوريكا/هوريكا-جدة-2023,https://alusteel.net/media/cusmuqsx/c96a8904-5b62-4b8d-b53f-40a36218c140.jpg,الوستيل لتجهيزات المطابخ والفنادق والمطاعم - هوريكا جدة 2023 - هوريكا,
https://alusteel.net/الفعاليات-والاحداث/هوريكا/هوريكا-جدة-2023,https://alusteel.net/media/4zoit5h1/e6aeed54-fb4b-47c9-a4ab-d4be2e1484ed.jpg,الوستيل لتجهيزات المطابخ والفنادق والمطاعم - هوريكا جدة 2023 - هوريكا,
https://alusteel.net/الفعاليات-والاحداث/هوريكا/هوريكا-جدة-2023,https://alusteel.net/media/zq0nxxxs/ede0dfac-f190-44da-92ef-0ef284a28418.jpg,الوستيل لتجهيزات المطابخ والفنادق والمطاعم - هوريكا جدة 2023 - هوريكا,
https://alusteel.net/الفعاليات-والاحداث/هوريكا/هوريكا-جدة-2023,https://alusteel.net/media/2hndilix/ef720f10-07af-4768-8307-8257859049e1.jpg,الوستيل لتجهيزات المطابخ والفنادق والمطاعم - هوريكا جدة 2023 - هوريكا,
https://alusteel.net/الفعاليات-والاحداث/هوريكا/هوريكا-الرياض-2023,https://alusteel.net/media/ejnbwcyl/269898795_5030862813672001_7385696028905589680_n.jpg,الوستيل لتجهيزات المطابخ والفنادق والمطاعم - هوريكا الرياض 2023 - هوريكا,
https://alusteel.net/الفعاليات-والاحداث/هوريكا/هوريكا-الرياض-2023,https://alusteel.net/media/4fkfdlvl/269931608_5022304287861187_7062751167078200068_n.jpg,الوستيل لتجهيزات المطابخ والفنادق والمطاعم - هوريكا الرياض 2023 - هوريكا,
https://alusteel.net/الفعاليات-والاحداث/هوريكا/هوريكا-الرياض-2023,https://alusteel.net/media/zs1cohuz/269936544_5022563521168597_4303732687217219391_n.jpg,الوستيل لتجهيزات المطابخ والفنادق والمطاعم - هوريكا الرياض 2023 - هوريكا,
https://alusteel.net/الفعاليات-والاحداث/هوريكا/هوريكا-الرياض-2023,https://alusteel.net/media/ewnn324w/269940117_5022566847834931_4797552888838824468_n.jpg,الوستيل لتجهيزات المطابخ والفنادق والمطاعم - هوريكا الرياض 2023 - هوريكا,
https://alusteel.net/الفعاليات-والاحداث/هوريكا/هوريكا-الرياض-2023,https://alusteel.net/media/fqcpdetp/269956134_5022569487834667_7020952309833307243_n.jpg,الوستيل لتجهيزات المطابخ والفنادق والمطاعم - هوريكا الرياض 2023 - هوريكا,
https://alusteel.net/الفعاليات-والاحداث/هوريكا/هوريكا-الرياض-2023,https://alusteel.net/media/ue5b0prk/269956976_5022307934527489_2934138635462584115_n.jpg,الوستيل لتجهيزات المطابخ والفنادق والمطاعم - هوريكا الرياض 2023 - هوريكا,
https://alusteel.net/الفعاليات-والاحداث/هوريكا/هوريكا-الرياض-2023,https://alusteel.net/media/ofjf5cx5/269958144_5022299884528294_4851734043725659320_n.jpg,الوستيل لتجهيزات المطابخ والفنادق والمطاعم - هوريكا الرياض 2023 - هوريكا,
https://alusteel.net/الفعاليات-والاحداث/هوريكا/هوريكا-الرياض-2023,https://alusteel.net/media/egcddmbm/270085685_5030868480338101_8161419801455891693_n.jpg,الوستيل لتجهيزات المطابخ والفنادق والمطاعم - هوريكا الرياض 2023 - هوريكا,
https://alusteel.net/الفعاليات-والاحداث/هوريكا/هوريكا-الرياض-2023,https://alusteel.net/media/jfxnhblx/270093203_5030889570335992_4823680086276276881_n.jpg,الوستيل لتجهيزات المطابخ والفنادق والمطاعم - هوريكا الرياض 2023 - هوريكا,
https://alusteel.net/الفعاليات-والاحداث/هوريكا/هوريكا-الرياض-2023,https://alusteel.net/media/5kkpi1oe/270099702_5030917600333189_9130739422379902493_n.jpg,الوستيل لتجهيزات المطابخ والفنادق والمطاعم - هوريكا الرياض 2023 - هوريكا,
https://alusteel.net/الفعاليات-والاحداث/هوريكا/هوريكا-الرياض-2023,https://alusteel.net/media/ggbjhscw/270104675_5030935163664766_1695346596809610156_n.jpg,الوستيل لتجهيزات المطابخ والفنادق والمطاعم - هوريكا الرياض 2023 - هوريكا,
https://alusteel.net/الفعاليات-والاحداث/هوريكا/هوريكا-الرياض-2023,https://alusteel.net/media/b1vpipsx/270105285_5030907997000816_2808759067941689371_n.jpg,الوستيل لتجهيزات المطابخ والفنادق والمطاعم - هوريكا الرياض 2023 - هوريكا,
https://alusteel.net/الفعاليات-والاحداث/هوريكا/هوريكا-الرياض-2023,https://alusteel.net/media/v5tezscz/270116264_5030855057006110_4858048877585667862_n.jpg,الوستيل لتجهيزات المطابخ والفنادق والمطاعم - هوريكا الرياض 2023 - هوريكا,
https://alusteel.net/الفعاليات-والاحداث/هوريكا/هوريكا-الرياض-2023,https://alusteel.net/media/egkdppfy/270116866_5030911037000512_221910764287268506_n.jpg,الوستيل لتجهيزات المطابخ والفنادق والمطاعم - هوريكا الرياض 2023 - هوريكا,
https://alusteel.net/الفعاليات-والاحداث/هوريكا/هوريكا-الرياض-2023,https://alusteel.net/media/f0hba3p4/270118037_5030860867005529_971985384238567069_n.jpg,الوستيل لتجهيزات المطابخ والفنادق والمطاعم - هوريكا الرياض 2023 - هوريكا,
https://alusteel.net/الفعاليات-والاحداث/هوريكا/هوريكا-الرياض-2023,https://alusteel.net/media/slepzewd/270124708_5030914903666792_50978941993640470_n.jpg,الوستيل لتجهيزات المطابخ والفنادق والمطاعم - هوريكا الرياض 2023 - هوريكا,
https://alusteel.net/الفعاليات-والاحداث/هوريكا/هوريكا-الرياض-2023,https://alusteel.net/media/ogafobwi/270126740_5030858167005799_7178758529194679882_n.jpg,الوستيل لتجهيزات المطابخ والفنادق والمطاعم - هوريكا الرياض 2023 - هوريكا,
https://alusteel.net/الفعاليات-والاحداث/هوريكا/هوريكا-الرياض-2023,https://alusteel.net/media/k2olvmjz/270168827_5030899943668288_7732763813886307461_n.jpg,الوستيل لتجهيزات المطابخ والفنادق والمطاعم - هوريكا الرياض 2023 - هوريكا,
https://alusteel.net/الفعاليات-والاحداث/هوريكا/هوريكا-الرياض-2023,https://alusteel.net/media/ebhmulgw/alusteel-hace2021.jpg,الوستيل لتجهيزات المطابخ والفنادق والمطاعم - هوريكا الرياض 2023 - هوريكا,
https://alusteel.net/الفعاليات-والاحداث/هوريكا/هوريكا-الرياض-2023,https://alusteel.net/media/0i5ehzpr/1a894025-2a0f-4992-9cd0-6aa3e60580ef.jpg,الوستيل لتجهيزات المطابخ والفنادق والمطاعم - هوريكا الرياض 2023 - هوريكا,
https://alusteel.net/الفعاليات-والاحداث/هوريكا/هوريكا-الرياض-2023,https://alusteel.net/media/uqdin3od/1ce00fa8-a523-44d1-84f5-c1f7dd6b4cf8.jpg,الوستيل لتجهيزات المطابخ والفنادق والمطاعم - هوريكا الرياض 2023 - هوريكا,
https://alusteel.net/الفعاليات-والاحداث/هوريكا/هوريكا-الرياض-2023,https://alusteel.net/media/w3ahfjdb/3a3764bb-fd50-44a0-8315-86a460ff71e7.jpg,الوستيل لتجهيزات المطابخ والفنادق والمطاعم - هوريكا الرياض 2023 - هوريكا,
https://alusteel.net/الفعاليات-والاحداث/هوريكا/هوريكا-الرياض-2023,https://alusteel.net/media/quxpdmxz/3b1d4592-804c-4539-99b8-fd67968aa017.jpg,الوستيل لتجهيزات المطابخ والفنادق والمطاعم - هوريكا الرياض 2023 - هوريكا,
https://alusteel.net/الفعاليات-والاحداث/هوريكا/هوريكا-الرياض-2023,https://alusteel.net/media/km1bewwk/3e747a05-fd7a-41e1-84a7-42ba4b071626.jpg,الوستيل لتجهيزات المطابخ والفنادق والمطاعم - هوريكا الرياض 2023 - هوريكا,
https://alusteel.net/الفعاليات-والاحداث/هوريكا/هوريكا-الرياض-2023,https://alusteel.net/media/4agazyh5/46de39f2-7271-4aa4-8da1-a77be9534733.jpg,الوستيل لتجهيزات المطابخ والفنادق والمطاعم - هوريكا الرياض 2023 - هوريكا,
https://alusteel.net/الفعاليات-والاحداث/هوريكا/هوريكا-الرياض-2023,https://alusteel.net/media/eczj2i4v/7182fc4c-46c1-413a-bfc2-4c6b8c5d399c.jpg,الوستيل لتجهيزات المطابخ والفنادق والمطاعم - هوريكا الرياض 2023 - هوريكا,
https://alusteel.net/الفعاليات-والاحداث/هوريكا/هوريكا-الرياض-2023,https://alusteel.net/media/5xbpw412/98307077-fa83-4df2-8829-ac631714b8cf.jpg,الوستيل لتجهيزات المطابخ والفنادق والمطاعم - هوريكا الرياض 2023 - هوريكا,
https://alusteel.net/الفعاليات-والاحداث/هوريكا/هوريكا-الرياض-2023,https://alusteel.net/media/ebectf3v/a0c78806-204b-4644-9512-abfb1a5959c8.jpg,الوستيل لتجهيزات المطابخ والفنادق والمطاعم - هوريكا الرياض 2023 - هوريكا,
https://alusteel.net/الفعاليات-والاحداث/هوريكا/هوريكا-الرياض-2023,https://alusteel.net/media/yqihszlz/a3ba0dcd-f969-483d-bdad-d97a2592c481.jpg,الوستيل لتجهيزات المطابخ والفنادق والمطاعم - هوريكا الرياض 2023 - هوريكا,
https://alusteel.net/الفعاليات-والاحداث/هوريكا/هوريكا-الرياض-2023,https://alusteel.net/media/rtgdj0yr/a8be0db0-a3e3-46b1-9edf-68dc733e9661.jpg,الوستيل لتجهيزات المطابخ والفنادق والمطاعم - هوريكا الرياض 2023 - هوريكا,
https://alusteel.net/الفعاليات-والاحداث/هوريكا/هوريكا-الرياض-2023,https://alusteel.net/media/ymqh2zxj/a88d478f-189f-4029-8c4e-a3ffc86fa68d.jpg,الوستيل لتجهيزات المطابخ والفنادق والمطاعم - هوريكا الرياض 2023 - هوريكا,
https://alusteel.net/الفعاليات-والاحداث/هوريكا/هوريكا-الرياض-2023,https://alusteel.net/media/xmzkrtey/adf40aee-a4a8-4e46-8cc6-5b250b893839.jpg,الوستيل لتجهيزات المطابخ والفنادق والمطاعم - هوريكا الرياض 2023 - هوريكا,
https://alusteel.net/الفعاليات-والاحداث/هوريكا/هوريكا-الرياض-2023,https://alusteel.net/media/t4mj0xol/c86185f3-5bd1-4222-a528-c242a4c9b909.jpg,الوستيل لتجهيزات المطابخ والفنادق والمطاعم - هوريكا الرياض 2023 - هوريكا,
https://alusteel.net/الفعاليات-والاحداث/هوريكا/هوريكا-الرياض-2023,https://alusteel.net/media/4jkhlsvj/cd090010-369b-49d1-898f-81adf3fe3116.jpg,الوستيل لتجهيزات المطابخ والفنادق والمطاعم - هوريكا الرياض 2023 - هوريكا,
https://alusteel.net/الفعاليات-والاحداث/هوريكا/هوريكا-الرياض-2023,https://alusteel.net/media/2jnltpgj/ec3df34a-1848-4c4a-8888-88351d8fe90d.jpg,الوستيل لتجهيزات المطابخ والفنادق والمطاعم - هوريكا الرياض 2023 - هوريكا,
https://alusteel.net/الفعاليات-والاحداث/هوريكا/هوريكا-الرياض-2023,https://alusteel.net/media/emqepqo4/ede1a829-d126-4f3e-a508-91f1f0ed6049.jpg,الوستيل لتجهيزات المطابخ والفنادق والمطاعم - هوريكا الرياض 2023 - هوريكا,
https://alusteel.net/الفعاليات-والاحداث/هوريكا/هوريكا-الرياض-2023,https://alusteel.net/media/tuinlbes/f18f23e4-279f-4f1b-8d97-53bce975bd58.jpg,الوستيل لتجهيزات المطابخ والفنادق والمطاعم - هوريكا الرياض 2023 - هوريكا,
https://alusteel.net/الفعاليات-والاحداث/هوريكا/هوريكا-الرياض-2023,https://alusteel.net/media/1y0csdx0/fa757593-f6ec-4b00-83eb-5a451c36778b.jpg,الوستيل لتجهيزات المطابخ والفنادق والمطاعم - هوريكا الرياض 2023 - هوريكا,
https://alusteel.net/الفعاليات-والاحداث/كافيكس,https://alusteel.net/media/yykjuhou/alusteel-cafex2019.jpg,الوستيل لتجهيزات المطابخ والفنادق والمطاعم,
https://alusteel.net/الفعاليات-والاحداث/كافيكس,https://alusteel.net/media/frsma5xj/cafex-2025-2.jpg,الوستيل لتجهيزات المطابخ والفنادق والمطاعم,
https://alusteel.net/الفعاليات-والاحداث/كافيكس,https://alusteel.net/media/bqfbbljv/alusteel-cafex2018.jpg,الوستيل لتجهيزات المطابخ والفنادق والمطاعم,
https://alusteel.net/الفعاليات-والاحداث/كافيكس,https://alusteel.net/media/qvim2rld/alusteel-cafex2017.jpg,الوستيل لتجهيزات المطابخ والفنادق والمطاعم,
https://alusteel.net/الفعاليات-والاحداث/كافيكس,https://alusteel.net/media/qaugdfey/alusteel-cafex2016.jpg,الوستيل لتجهيزات المطابخ والفنادق والمطاعم,
https://alusteel.net/الفعاليات-والاحداث/كافيكس,https://alusteel.net/media/r2rpbjdi/alusteel-cafex2021.jpg,الوستيل لتجهيزات المطابخ والفنادق والمطاعم,
https://alusteel.net/الفعاليات-والاحداث/كافيكس,https://alusteel.net/media/ziqa244x/alusteel-cafex2022.jpg,الوستيل لتجهيزات المطابخ والفنادق والمطاعم,
https://alusteel.net/الفعاليات-والاحداث/كافيكس/كافيكس2019,https://alusteel.net/media/2wop33pv/56178511_2144888918964667_7123996433501388800_n.jpg,الوستيل لتجهيزات المطابخ والفنادق والمطاعم - كافيكس2019 - كافيكس,
https://alusteel.net/الفعاليات-والاحداث/كافيكس/كافيكس2019,https://alusteel.net/media/uydbbn2c/56314655_2144889068964652_2771344453951029248_n.jpg,الوستيل لتجهيزات المطابخ والفنادق والمطاعم - كافيكس2019 - كافيكس,
https://alusteel.net/الفعاليات-والاحداث/كافيكس/كافيكس2019,https://alusteel.net/media/244oquws/57649301_2173672212753004_3364340186098958336_n.jpg,الوستيل لتجهيزات المطابخ والفنادق والمطاعم - كافيكس2019 - كافيكس,
https://alusteel.net/الفعاليات-والاحداث/كافيكس/كافيكس2019,https://alusteel.net/media/x2hkb5zp/58372662_2173671739419718_4512033680419454976_n.jpg,الوستيل لتجهيزات المطابخ والفنادق والمطاعم - كافيكس2019 - كافيكس,
https://alusteel.net/الفعاليات-والاحداث/كافيكس/كافيكس2019,https://alusteel.net/media/njbbfutu/58444733_2173656159421276_6504214132789608448_n.jpg,الوستيل لتجهيزات المطابخ والفنادق والمطاعم - كافيكس2019 - كافيكس,
https://alusteel.net/الفعاليات-والاحداث/كافيكس/كافيكس2019,https://alusteel.net/media/k0dfzasm/58570741_2173649272755298_4024985909471477760_n.jpg,الوستيل لتجهيزات المطابخ والفنادق والمطاعم - كافيكس2019 - كافيكس,
https://alusteel.net/الفعاليات-والاحداث/كافيكس/كافيكس2019,https://alusteel.net/media/khfjj03y/58916913_2187704858016406_3582078196029325312_n.jpg,الوستيل لتجهيزات المطابخ والفنادق والمطاعم - كافيكس2019 - كافيكس,
https://alusteel.net/الفعاليات-والاحداث/كافيكس/كافيكس2019,https://alusteel.net/media/ibbbprip/59414585_2187702948016597_4737978853161435136_n.jpg,الوستيل لتجهيزات المطابخ والفنادق والمطاعم - كافيكس2019 - كافيكس,
https://alusteel.net/الفعاليات-والاحداث/كافيكس/كافيكس2019,https://alusteel.net/media/xvafollr/59418177_2187704391349786_1538491292978249728_n.jpg,الوستيل لتجهيزات المطابخ والفنادق والمطاعم - كافيكس2019 - كافيكس,
https://alusteel.net/الفعاليات-والاحداث/كافيكس/كافيكس2019,https://alusteel.net/media/pv4bxqnq/59436613_2187703968016495_8905245943838801920_n.jpg,الوستيل لتجهيزات المطابخ والفنادق والمطاعم - كافيكس2019 - كافيكس,
https://alusteel.net/الفعاليات-والاحداث/كافيكس/كافيكس-2025,https://alusteel.net/media/frsma5xj/cafex-2025-2.jpg,الوستيل لتجهيزات المطابخ والفنادق والمطاعم - كافيكس 2025 - كافيكس,
https://alusteel.net/الفعاليات-والاحداث/كافيكس/كافيكس-2025,https://alusteel.net/media/d3znhclh/cafex-2025-3.jpg,الوستيل لتجهيزات المطابخ والفنادق والمطاعم - كافيكس 2025 - كافيكس,
https://alusteel.net/الفعاليات-والاحداث/كافيكس/كافيكس-2025,https://alusteel.net/media/oixpbgzp/cafex-2025-4.jpg,الوستيل لتجهيزات المطابخ والفنادق والمطاعم - كافيكس 2025 - كافيكس,
https://alusteel.net/الفعاليات-والاحداث/كافيكس/كافيكس-2025,https://alusteel.net/media/tslnvjsv/cafex-2025-5.jpg,الوستيل لتجهيزات المطابخ والفنادق والمطاعم - كافيكس 2025 - كافيكس,
https://alusteel.net/الفعاليات-والاحداث/كافيكس/كافيكس-2025,https://alusteel.net/media/uqzdwrzk/cafex-2025-6.jpg,الوستيل لتجهيزات المطابخ والفنادق والمطاعم - كافيكس 2025 - كافيكس,
https://alusteel.net/الفعاليات-والاحداث/كافيكس/كافيكس-2025,https://alusteel.net/media/jzab1th0/cafex-2025-7.jpg,الوستيل لتجهيزات المطابخ والفنادق والمطاعم - كافيكس 2025 - كافيكس,
https://alusteel.net/الفعاليات-والاحداث/كافيكس/كافيكس-2025,https://alusteel.net/media/3b4ddtdr/cafex-2025-8.jpg,الوستيل لتجهيزات المطابخ والفنادق والمطاعم - كافيكس 2025 - كافيكس,
https://alusteel.net/الفعاليات-والاحداث/كافيكس/كافيكس-2025,https://alusteel.net/media/ot2pfnvo/cafex-2025-9.jpg,الوستيل لتجهيزات المطابخ والفنادق والمطاعم - كافيكس 2025 - كافيكس,
https://alusteel.net/الفعاليات-والاحداث/كافيكس/كافيكس-2025,https://alusteel.net/media/0xxcvvb2/cafex-2025-10.jpg,الوستيل لتجهيزات المطابخ والفنادق والمطاعم - كافيكس 2025 - كافيكس,
https://alusteel.net/الفعاليات-والاحداث/كافيكس/كافيكس-2025,https://alusteel.net/media/swnn1r4u/cafex-2025-11.jpg,الوستيل لتجهيزات المطابخ والفنادق والمطاعم - كافيكس 2025 - كافيكس,
https://alusteel.net/الفعاليات-والاحداث/كافيكس/كافيكس-2025,https://alusteel.net/media/r2kiiojr/cafex-2025-12.jpg,الوستيل لتجهيزات المطابخ والفنادق والمطاعم - كافيكس 2025 - كافيكس,
https://alusteel.net/الفعاليات-والاحداث/كافيكس/كافيكس-2025,https://alusteel.net/media/cupp4gg1/cafex-2025-13.jpg,الوستيل لتجهيزات المطابخ والفنادق والمطاعم - كافيكس 2025 - كافيكس,
https://alusteel.net/الفعاليات-والاحداث/كافيكس/كافيكس-2025,https://alusteel.net/media/cz5gu1w0/cafex-2025-14.jpg,الوستيل لتجهيزات المطابخ والفنادق والمطاعم - كافيكس 2025 - كافيكس,
https://alusteel.net/الفعاليات-والاحداث/كافيكس/كافيكس-2018,https://alusteel.net/media/knsdu33h/30762577_1536323703160215_5225592464575823872_n.jpg,الوستيل لتجهيزات المطابخ والفنادق والمطاعم - كافيكس 2018 - كافيكس,
https://alusteel.net/الفعاليات-والاحداث/كافيكس/كافيكس-2018,https://alusteel.net/media/rqcoppme/31113564_1536323753160210_7223308983761633280_n.jpg,الوستيل لتجهيزات المطابخ والفنادق والمطاعم - كافيكس 2018 - كافيكس,
https://alusteel.net/الفعاليات-والاحداث/كافيكس/كافيكس-2018,https://alusteel.net/media/23zousaa/31357685_1663247277128836_7111034183547355136_n.jpg,الوستيل لتجهيزات المطابخ والفنادق والمطاعم - كافيكس 2018 - كافيكس,
https://alusteel.net/الفعاليات-والاحداث/كافيكس/كافيكس-2018,https://alusteel.net/media/4z3fyb1s/37578108_1771423512977878_6980921065597829120_n.jpg,الوستيل لتجهيزات المطابخ والفنادق والمطاعم - كافيكس 2018 - كافيكس,
https://alusteel.net/الفعاليات-والاحداث/كافيكس/كافيكس-2018,https://alusteel.net/media/erudrynb/42205400_1865665083553720_3972598496850083840_n.jpg,الوستيل لتجهيزات المطابخ والفنادق والمطاعم - كافيكس 2018 - كافيكس,
https://alusteel.net/الفعاليات-والاحداث/كافيكس/كافيكس-2018,https://alusteel.net/media/yboi5qvf/42278058_1865667643553464_1949997452547325952_n.jpg,الوستيل لتجهيزات المطابخ والفنادق والمطاعم - كافيكس 2018 - كافيكس,
https://alusteel.net/الفعاليات-والاحداث/كافيكس/كافيكس-2018,https://alusteel.net/media/i0kdbb2f/42296282_1865666546886907_3173612615607779328_n.jpg,الوستيل لتجهيزات المطابخ والفنادق والمطاعم - كافيكس 2018 - كافيكس,
https://alusteel.net/الفعاليات-والاحداث/كافيكس/كافيكس-2018,https://alusteel.net/media/msoixb1n/42298538_1865666230220272_7766003085435994112_n.jpg,الوستيل لتجهيزات المطابخ والفنادق والمطاعم - كافيكس 2018 - كافيكس,
https://alusteel.net/الفعاليات-والاحداث/كافيكس/كافيكس-2018,https://alusteel.net/media/xjkomn4x/42369916_1865666700220225_4735670346894540800_n.jpg,الوستيل لتجهيزات المطابخ والفنادق والمطاعم - كافيكس 2018 - كافيكس,
https://alusteel.net/الفعاليات-والاحداث/كافيكس/كافيكس-2018,https://alusteel.net/media/xu1pv0ny/53211726_2102972029823023_7691965653208530944_n.jpg,الوستيل لتجهيزات المطابخ والفنادق والمطاعم - كافيكس 2018 - كافيكس,
https://alusteel.net/الفعاليات-والاحداث/كافيكس/كافيكس-2017,https://alusteel.net/media/eeqlewf2/dsc_0323.jpg,الوستيل لتجهيزات المطابخ والفنادق والمطاعم - كافيكس 2017 - كافيكس,
https://alusteel.net/الفعاليات-والاحداث/كافيكس/كافيكس-2017,https://alusteel.net/media/gm5fsl4s/dsc_0192.jpg,الوستيل لتجهيزات المطابخ والفنادق والمطاعم - كافيكس 2017 - كافيكس,
https://alusteel.net/الفعاليات-والاحداث/كافيكس/كافيكس-2017,https://alusteel.net/media/nm5hyade/dsc_0038.jpg,الوستيل لتجهيزات المطابخ والفنادق والمطاعم - كافيكس 2017 - كافيكس,
https://alusteel.net/الفعاليات-والاحداث/كافيكس/كافيكس-2017,https://alusteel.net/media/o4in251y/dsc_0039.jpg,الوستيل لتجهيزات المطابخ والفنادق والمطاعم - كافيكس 2017 - كافيكس,
https://alusteel.net/الفعاليات-والاحداث/كافيكس/كافيكس-2017,https://alusteel.net/media/lvklvd40/dsc_0040.jpg,الوستيل لتجهيزات المطابخ والفنادق والمطاعم - كافيكس 2017 - كافيكس,
https://alusteel.net/الفعاليات-والاحداث/كافيكس/كافيكس-2017,https://alusteel.net/media/03ihkfvo/dsc_0185.jpg,الوستيل لتجهيزات المطابخ والفنادق والمطاعم - كافيكس 2017 - كافيكس,
https://alusteel.net/الفعاليات-والاحداث/كافيكس/كافيكس-2017,https://alusteel.net/media/e4abncnt/dsc_0036.jpg,الوستيل لتجهيزات المطابخ والفنادق والمطاعم - كافيكس 2017 - كافيكس,
https://alusteel.net/الفعاليات-والاحداث/كافيكس/كافيكس-2017,https://alusteel.net/media/larhrgb5/dsc_0029.jpg,الوستيل لتجهيزات المطابخ والفنادق والمطاعم - كافيكس 2017 - كافيكس,
https://alusteel.net/الفعاليات-والاحداث/كافيكس/كافيكس-2017,https://alusteel.net/media/iwtjhd4d/dsc_0026.jpg,الوستيل لتجهيزات المطابخ والفنادق والمطاعم - كافيكس 2017 - كافيكس,
https://alusteel.net/الفعاليات-والاحداث/كافيكس/كافيكس-2017,https://alusteel.net/media/lldboa0t/dsc_0025.jpg,الوستيل لتجهيزات المطابخ والفنادق والمطاعم - كافيكس 2017 - كافيكس,
https://alusteel.net/الفعاليات-والاحداث/كافيكس/كافيكس-2017,https://alusteel.net/media/lijbqprc/dsc_0010.jpg,الوستيل لتجهيزات المطابخ والفنادق والمطاعم - كافيكس 2017 - كافيكس,
https://alusteel.net/الفعاليات-والاحداث/كافيكس/كافيكس-2017,https://alusteel.net/media/saoime12/dsc_0012.jpg,الوستيل لتجهيزات المطابخ والفنادق والمطاعم - كافيكس 2017 - كافيكس,
https://alusteel.net/الفعاليات-والاحداث/كافيكس/كافيكس-2017,https://alusteel.net/media/rvrhrg4u/dsc_0018.jpg,الوستيل لتجهيزات المطابخ والفنادق والمطاعم - كافيكس 2017 - كافيكس,
https://alusteel.net/الفعاليات-والاحداث/كافيكس/كافيكس-2017,https://alusteel.net/media/aykfizij/dsc_0022.jpg,الوستيل لتجهيزات المطابخ والفنادق والمطاعم - كافيكس 2017 - كافيكس,
https://alusteel.net/الفعاليات-والاحداث/كافيكس/كافيكس-2017,https://alusteel.net/media/rwlhcxy5/dsc_0008.jpg,الوستيل لتجهيزات المطابخ والفنادق والمطاعم - كافيكس 2017 - كافيكس,
https://alusteel.net/الفعاليات-والاحداث/كافيكس/كافيكس-2017,https://alusteel.net/media/yu1aaatt/dsc_0006.jpg,الوستيل لتجهيزات المطابخ والفنادق والمطاعم - كافيكس 2017 - كافيكس,
https://alusteel.net/الفعاليات-والاحداث/كافيكس/كافيكس-2016,https://alusteel.net/media/bxehr5ps/56281599_2147853005334925_3510225244298149888_n.jpg,الوستيل لتجهيزات المطابخ والفنادق والمطاعم - كافيكس 2016 - كافيكس,
https://alusteel.net/الفعاليات-والاحداث/كافيكس/كافيكس-2016,https://alusteel.net/media/nc3ebvc1/12974253_950395755080662_5366562151422906916_n.jpg,الوستيل لتجهيزات المطابخ والفنادق والمطاعم - كافيكس 2016 - كافيكس,
https://alusteel.net/الفعاليات-والاحداث/كافيكس/كافيكس-2016,https://alusteel.net/media/g3jnq5qz/12974371_950388355081402_3255287007020199675_n.jpg,الوستيل لتجهيزات المطابخ والفنادق والمطاعم - كافيكس 2016 - كافيكس,
https://alusteel.net/الفعاليات-والاحداث/كافيكس/كافيكس-2016,https://alusteel.net/media/ocmjslux/12994481_950395701747334_7085951897172084613_n.jpg,الوستيل لتجهيزات المطابخ والفنادق والمطاعم - كافيكس 2016 - كافيكس,
https://alusteel.net/الفعاليات-والاحداث/كافيكس/كافيكس-2016,https://alusteel.net/media/h5kjvbmt/13010809_950386881748216_2896453376537048389_n.jpg,الوستيل لتجهيزات المطابخ والفنادق والمطاعم - كافيكس 2016 - كافيكس,
https://alusteel.net/الفعاليات-والاحداث/كافيكس/كافيكس-2016,https://alusteel.net/media/pbwnkmju/13015129_950395161747388_342911751689186849_n.jpg,الوستيل لتجهيزات المطابخ والفنادق والمطاعم - كافيكس 2016 - كافيكس,
https://alusteel.net/الفعاليات-والاحداث/كافيكس/كافيكس-2016,https://alusteel.net/media/mtuhcjnz/13043344_950395935080644_728961928602222699_n.jpg,الوستيل لتجهيزات المطابخ والفنادق والمطاعم - كافيكس 2016 - كافيكس,
https://alusteel.net/الفعاليات-والاحداث/كافيكس/كافيكس-2016,https://alusteel.net/media/dflboxgc/13051530_950385785081659_8649005068504018348_n.jpg,الوستيل لتجهيزات المطابخ والفنادق والمطاعم - كافيكس 2016 - كافيكس,
https://alusteel.net/الفعاليات-والاحداث/كافيكس/كافيكس-2016,https://alusteel.net/media/5epgfxyo/13055340_950387825081455_636900540541898099_n.jpg,الوستيل لتجهيزات المطابخ والفنادق والمطاعم - كافيكس 2016 - كافيكس,
https://alusteel.net/الفعاليات-والاحداث/كافيكس/كافيكس-2021,https://alusteel.net/media/ihijk4yr/179996482_2466169866859973_4583145954659844076_n.jpg,الوستيل لتجهيزات المطابخ والفنادق والمطاعم - كافيكس 2021 - كافيكس,
https://alusteel.net/الفعاليات-والاحداث/كافيكس/كافيكس-2021,https://alusteel.net/media/p4idaws2/181664280_2466168910193402_2119890157259722793_n.jpg,الوستيل لتجهيزات المطابخ والفنادق والمطاعم - كافيكس 2021 - كافيكس,
https://alusteel.net/الفعاليات-والاحداث/كافيكس/كافيكس-2021,https://alusteel.net/media/uqlj3j0o/275939113_4917150118405186_5836080341980549076_n.jpg,الوستيل لتجهيزات المطابخ والفنادق والمطاعم - كافيكس 2021 - كافيكس,
https://alusteel.net/الفعاليات-والاحداث/كافيكس/كافيكس-2021,https://alusteel.net/media/garntrpz/275956238_4917149835071881_263035873088137409_n.jpg,الوستيل لتجهيزات المطابخ والفنادق والمطاعم - كافيكس 2021 - كافيكس,
https://alusteel.net/الفعاليات-والاحداث/كافيكس/كافيكس-2022,https://alusteel.net/media/f4qf2clz/275939113_4917150118405186_5836080341980549076_n.jpg,الوستيل لتجهيزات المطابخ والفنادق والمطاعم - كافيكس 2022 - كافيكس,
https://alusteel.net/الفعاليات-والاحداث/كافيكس/كافيكس-2022,https://alusteel.net/media/dh0fczbn/275956238_4917149835071881_263035873088137409_n.jpg,الوستيل لتجهيزات المطابخ والفنادق والمطاعم - كافيكس 2022 - كافيكس,
https://alusteel.net/الفعاليات-والاحداث/iatf,https://alusteel.net/media/tfznjbwg/alusteel-iatf2018.jpg,الوستيل لتجهيزات المطابخ والفنادق والمطاعم,
https://alusteel.net/الفعاليات-والاحداث/iatf/iatf-2018,https://alusteel.net/media/itepwiq1/182l.jpg,الوستيل لتجهيزات المطابخ والفنادق والمطاعم - IATF 2018 - IATF,
https://alusteel.net/الفعاليات-والاحداث/iatf/iatf-2018,https://alusteel.net/media/rk0bj2gu/183l.jpg,الوستيل لتجهيزات المطابخ والفنادق والمطاعم - IATF 2018 - IATF,
https://alusteel.net/الفعاليات-والاحداث/iatf/iatf-2018,https://alusteel.net/media/xgthmsyv/184l.jpg,الوستيل لتجهيزات المطابخ والفنادق والمطاعم - IATF 2018 - IATF,
https://alusteel.net/الفعاليات-والاحداث/iatf/iatf-2018,https://alusteel.net/media/ax3l1bo4/185l.jpg,الوستيل لتجهيزات المطابخ والفنادق والمطاعم - IATF 2018 - IATF,
https://alusteel.net/مقالات,https://alusteel.net/media/3gbnyil2/167l.jpg,الوستيل لتجهيزات المطابخ والفنادق والمطاعم,
https://alusteel.net/مقالات,https://alusteel.net/media/nk0hlxjt/11.jpg,الوستيل لتجهيزات المطابخ والفنادق والمطاعم,
https://alusteel.net/مقالات,https://alusteel.net/media/kthfclpo/261152549_4539986749454860_98075750782175892_n-1.jpg,الوستيل لتجهيزات المطابخ والفنادق والمطاعم,
https://alusteel.net/مقالات,https://alusteel.net/media/iesbuyzb/banemari.jpg,الوستيل لتجهيزات المطابخ والفنادق والمطاعم,
https://alusteel.net/مقالات,https://alusteel.net/media/oviefjhh/كفر-مقال-الوستيل-فى-هيس-2025.jpg,الوستيل لتجهيزات المطابخ والفنادق والمطاعم,
https://alusteel.net/مقالات,https://alusteel.net/media/al2jtzdz/خبراء-الطهى-نرحب-بزيارتكم.jpg,الوستيل لتجهيزات المطابخ والفنادق والمطاعم,
https://alusteel.net/مقالات,https://alusteel.net/media/0jihidsa/149th.jpg,الوستيل لتجهيزات المطابخ والفنادق والمطاعم,
https://alusteel.net/مقالات,https://alusteel.net/media/cbchnyyj/الوستيل-معدات-المطاعم1.jpg,الوستيل لتجهيزات المطابخ والفنادق والمطاعم,
https://alusteel.net/مقالات,https://alusteel.net/media/hs2d1mdq/20171030_201530.jpg,الوستيل لتجهيزات المطابخ والفنادق والمطاعم,
https://alusteel.net/مقالات,https://alusteel.net/media/35nl0wcw/092.jpg,الوستيل لتجهيزات المطابخ والفنادق والمطاعم,
https://alusteel.net/مقالات,https://alusteel.net/media/larhrgb5/dsc_0029.jpg,الوستيل لتجهيزات المطابخ والفنادق والمطاعم,
https://alusteel.net/مقالات,https://alusteel.net/media/ccpj1gwq/img_0761.jpg,الوستيل لتجهيزات المطابخ والفنادق والمطاعم,
https://alusteel.net/مقالات,https://alusteel.net/media/zqgh12h4/article-stainless-steel-oven-industry.jpg,الوستيل لتجهيزات المطابخ والفنادق والمطاعم,
https://alusteel.net/مقالات,https://alusteel.net/media/ww4lp25s/boilng-ban.jpg,الوستيل لتجهيزات المطابخ والفنادق والمطاعم,
https://alusteel.net/مقالات,https://alusteel.net/media/5vqny4jk/telting-ban.jpg,الوستيل لتجهيزات المطابخ والفنادق والمطاعم,
https://alusteel.net/مقالات,https://alusteel.net/media/r11hx4qx/electric-stove.jpg,الوستيل لتجهيزات المطابخ والفنادق والمطاعم,
https://alusteel.net/مقالات,https://alusteel.net/media/pncdvclo/gas-stove.jpg,الوستيل لتجهيزات المطابخ والفنادق والمطاعم,
https://alusteel.net/مقالات,https://alusteel.net/media/xp3bdoj3/electric-fryer.jpg,الوستيل لتجهيزات المطابخ والفنادق والمطاعم,
https://alusteel.net/مقالات,https://alusteel.net/media/rtcivuyv/grill.jpg,الوستيل لتجهيزات المطابخ والفنادق والمطاعم,
https://alusteel.net/مقالات,https://alusteel.net/media/xgzhfcxo/pasta-cooker.jpg,الوستيل لتجهيزات المطابخ والفنادق والمطاعم,
https://alusteel.net/مقالات,https://alusteel.net/media/bxnlzecx/فرن-بيتزا-حطب-2.jpg,الوستيل لتجهيزات المطابخ والفنادق والمطاعم,
https://alusteel.net/مقالات,https://alusteel.net/media/zefbvzum/فرن-بيتزا-حطب-1.jpg,الوستيل لتجهيزات المطابخ والفنادق والمطاعم,
https://alusteel.net/مقالات,https://alusteel.net/media/ybinclav/ثلاجة-تحضير-بيتزا.jpg,الوستيل لتجهيزات المطابخ والفنادق والمطاعم,
https://alusteel.net/مقالات,https://alusteel.net/media/cjajokdt/09.jpg,الوستيل لتجهيزات المطابخ والفنادق والمطاعم,
https://alusteel.net/مقالات/تجهيزات-الفنادق-والمطاعم,https://alusteel.net/media/m1fkr1ax/44093870_1900313670088861_8267099015804354560_n.jpg,الوستيل لتجهيزات المطابخ والفنادق والمطاعم - تجهيزات الفنادق والمطاعم - مقالات,
https://alusteel.net/مقالات/تجهيزات-الفنادق-والمطاعم,https://alusteel.net/media/bwwdoefl/20171030_201811.jpg,الوستيل لتجهيزات المطابخ والفنادق والمطاعم - تجهيزات الفنادق والمطاعم - مقالات,
https://alusteel.net/مقالات/تجهيزات-الفنادق-والمطاعم,https://alusteel.net/media/bocfmypc/47475893_1967769863343241_1350516916782891008_n.jpg,الوستيل لتجهيزات المطابخ والفنادق والمطاعم - تجهيزات الفنادق والمطاعم - مقالات,
https://alusteel.net/مقالات/تجهيزات-الفنادق-والمطاعم,https://alusteel.net/media/bxnlzecx/فرن-بيتزا-حطب-2.jpg,الوستيل لتجهيزات المطابخ والفنادق والمطاعم,
https://alusteel.net/مقالات/تجهيزات-الفنادق-والمطاعم,https://alusteel.net/media/vu4ng5ee/شوايات-حطب.jpg,الوستيل لتجهيزات المطابخ والفنادق والمطاعم,
https://alusteel.net/مقالات/تجهيزات-الفنادق-والمطاعم,https://alusteel.net/media/0k2n2u0d/شوايات-دوارة.jpg,الوستيل لتجهيزات المطابخ والفنادق والمطاعم,
https://alusteel.net/مقالات/تجهيزات-الفنادق-والمطاعم,https://alusteel.net/media/mg3h3bva/فرن-بطاطس-كومبير-2.jpg,الوستيل لتجهيزات المطابخ والفنادق والمطاعم,
https://alusteel.net/مقالات/تجهيزات-الفنادق-والمطاعم,https://alusteel.net/media/grxcakgd/فرن-عيش.jpg,الوستيل لتجهيزات المطابخ والفنادق والمطاعم,
https://alusteel.net/مقالات/تجهيزات-الفنادق-والمطاعم,https://alusteel.net/media/jkvbzvv4/فرن-تدخين.jpg,الوستيل لتجهيزات المطابخ والفنادق والمطاعم,
https://alusteel.net/مقالات/تجهيزات-الفنادق-والمطاعم,https://alusteel.net/media/lzvnpozm/شواية-فراخ-كهرباء.jpg,الوستيل لتجهيزات المطابخ والفنادق والمطاعم,
https://alusteel.net/مقالات/اثر-التكنولوجيا-فى-صناعة-الاستانلس-ستيل,https://alusteel.net/media/zjifmhl0/37578108_1771423512977878_6980921065597829120_n.jpg,الوستيل لتجهيزات المطابخ والفنادق والمطاعم - اثر التكنولوجيا فى صناعة الاستانلس ستيل - مقالات,
https://alusteel.net/مقالات/اثر-التكنولوجيا-فى-صناعة-الاستانلس-ستيل,https://alusteel.net/media/q2qpscd1/42205400_1865665083553720_3972598496850083840_n.jpg,الوستيل لتجهيزات المطابخ والفنادق والمطاعم - اثر التكنولوجيا فى صناعة الاستانلس ستيل - مقالات,
https://alusteel.net/مقالات/اثر-التكنولوجيا-فى-صناعة-الاستانلس-ستيل,https://alusteel.net/media/prvl5tex/44269440_1900313570088871_3779987488710328320_n.jpg,الوستيل لتجهيزات المطابخ والفنادق والمطاعم - اثر التكنولوجيا فى صناعة الاستانلس ستيل - مقالات,
https://alusteel.net/مقالات/اثر-التكنولوجيا-فى-صناعة-الاستانلس-ستيل,https://alusteel.net/media/4s0ph302/49816873_2019714301482130_2215635665066917888_n.jpg,الوستيل لتجهيزات المطابخ والفنادق والمطاعم - اثر التكنولوجيا فى صناعة الاستانلس ستيل - مقالات,
https://alusteel.net/مقالات/اثر-التكنولوجيا-فى-صناعة-الاستانلس-ستيل,https://alusteel.net/media/haanejr2/52013926_2060609450725948_900481700818059264_n.jpg,الوستيل لتجهيزات المطابخ والفنادق والمطاعم - اثر التكنولوجيا فى صناعة الاستانلس ستيل - مقالات,
https://alusteel.net/مقالات/اثر-التكنولوجيا-فى-صناعة-الاستانلس-ستيل,https://alusteel.net/media/fk3iybsr/56666877_2147852955334930_5517421911652433920_n.jpg,الوستيل لتجهيزات المطابخ والفنادق والمطاعم - اثر التكنولوجيا فى صناعة الاستانلس ستيل - مقالات,
https://alusteel.net/مقالات/اثر-التكنولوجيا-فى-صناعة-الاستانلس-ستيل,https://alusteel.net/media/bxnlzecx/فرن-بيتزا-حطب-2.jpg,الوستيل لتجهيزات المطابخ والفنادق والمطاعم,
https://alusteel.net/مقالات/اثر-التكنولوجيا-فى-صناعة-الاستانلس-ستيل,https://alusteel.net/media/vu4ng5ee/شوايات-حطب.jpg,الوستيل لتجهيزات المطابخ والفنادق والمطاعم,
https://alusteel.net/مقالات/اثر-التكنولوجيا-فى-صناعة-الاستانلس-ستيل,https://alusteel.net/media/0k2n2u0d/شوايات-دوارة.jpg,الوستيل لتجهيزات المطابخ والفنادق والمطاعم,
https://alusteel.net/مقالات/اثر-التكنولوجيا-فى-صناعة-الاستانلس-ستيل,https://alusteel.net/media/mg3h3bva/فرن-بطاطس-كومبير-2.jpg,الوستيل لتجهيزات المطابخ والفنادق والمطاعم,
https://alusteel.net/مقالات/اثر-التكنولوجيا-فى-صناعة-الاستانلس-ستيل,https://alusteel.net/media/grxcakgd/فرن-عيش.jpg,الوستيل لتجهيزات المطابخ والفنادق والمطاعم,
https://alusteel.net/مقالات/اثر-التكنولوجيا-فى-صناعة-الاستانلس-ستيل,https://alusteel.net/media/jkvbzvv4/فرن-تدخين.jpg,الوستيل لتجهيزات المطابخ والفنادق والمطاعم,
https://alusteel.net/مقالات/اثر-التكنولوجيا-فى-صناعة-الاستانلس-ستيل,https://alusteel.net/media/lzvnpozm/شواية-فراخ-كهرباء.jpg,الوستيل لتجهيزات المطابخ والفنادق والمطاعم,
https://alusteel.net/مقالات/أبرز-اتجاهات-تصميم-معدات-المطاعم,https://alusteel.net/media/gq2czpyi/328429637_587702149477296_4153431115415337185_n.jpg,الوستيل لتجهيزات المطابخ والفنادق والمطاعم - أبرز اتجاهات تصميم معدات المطاعم - مقالات,
https://alusteel.net/مقالات/أبرز-اتجاهات-تصميم-معدات-المطاعم,https://alusteel.net/media/1ecmiaca/328433751_1207108503513576_8031184087957533300_n.jpg,الوستيل لتجهيزات المطابخ والفنادق والمطاعم - أبرز اتجاهات تصميم معدات المطاعم - مقالات,
https://alusteel.net/مقالات/أبرز-اتجاهات-تصميم-معدات-المطاعم,https://alusteel.net/media/vwgpyfyu/329182045_1257809805084149_5706072533232234952_n.jpg,الوستيل لتجهيزات المطابخ والفنادق والمطاعم - أبرز اتجاهات تصميم معدات المطاعم - مقالات,
https://alusteel.net/مقالات/أبرز-اتجاهات-تصميم-معدات-المطاعم,https://alusteel.net/media/2c5j3ndi/329445422_875512563733661_5348493177571817463_n.jpg,الوستيل لتجهيزات المطابخ والفنادق والمطاعم - أبرز اتجاهات تصميم معدات المطاعم - مقالات,
https://alusteel.net/مقالات/أبرز-اتجاهات-تصميم-معدات-المطاعم,https://alusteel.net/media/kyyfhvvj/329793608_855506975538667_3028188712974720304_n.jpg,الوستيل لتجهيزات المطابخ والفنادق والمطاعم - أبرز اتجاهات تصميم معدات المطاعم - مقالات,
https://alusteel.net/مقالات/أبرز-اتجاهات-تصميم-معدات-المطاعم,https://alusteel.net/media/kbinxwxc/334081362_1700698520345383_1254947213021034869_n.jpg,الوستيل لتجهيزات المطابخ والفنادق والمطاعم - أبرز اتجاهات تصميم معدات المطاعم - مقالات,
https://alusteel.net/مقالات/أبرز-اتجاهات-تصميم-معدات-المطاعم,https://alusteel.net/media/bxnlzecx/فرن-بيتزا-حطب-2.jpg,الوستيل لتجهيزات المطابخ والفنادق والمطاعم,
https://alusteel.net/مقالات/أبرز-اتجاهات-تصميم-معدات-المطاعم,https://alusteel.net/media/vu4ng5ee/شوايات-حطب.jpg,الوستيل لتجهيزات المطابخ والفنادق والمطاعم,
https://alusteel.net/مقالات/أبرز-اتجاهات-تصميم-معدات-المطاعم,https://alusteel.net/media/0k2n2u0d/شوايات-دوارة.jpg,الوستيل لتجهيزات المطابخ والفنادق والمطاعم,
https://alusteel.net/مقالات/أبرز-اتجاهات-تصميم-معدات-المطاعم,https://alusteel.net/media/mg3h3bva/فرن-بطاطس-كومبير-2.jpg,الوستيل لتجهيزات المطابخ والفنادق والمطاعم,
https://alusteel.net/مقالات/أبرز-اتجاهات-تصميم-معدات-المطاعم,https://alusteel.net/media/grxcakgd/فرن-عيش.jpg,الوستيل لتجهيزات المطابخ والفنادق والمطاعم,
https://alusteel.net/مقالات/أبرز-اتجاهات-تصميم-معدات-المطاعم,https://alusteel.net/media/jkvbzvv4/فرن-تدخين.jpg,الوستيل لتجهيزات المطابخ والفنادق والمطاعم,
https://alusteel.net/مقالات/أبرز-اتجاهات-تصميم-معدات-المطاعم,https://alusteel.net/media/lzvnpozm/شواية-فراخ-كهرباء.jpg,الوستيل لتجهيزات المطابخ والفنادق والمطاعم,
https://alusteel.net/مقالات/البان-مارى,https://alusteel.net/media/iesbuyzb/banemari.jpg,الوستيل لتجهيزات المطابخ والفنادق والمطاعم - البان مارى - مقالات,
https://alusteel.net/مقالات/البان-مارى,https://alusteel.net/media/s1cj4ls4/بان-مارى-اوفر-كونتر.jpg,الوستيل لتجهيزات المطابخ والفنادق والمطاعم - البان مارى - مقالات,
https://alusteel.net/مقالات/البان-مارى,https://alusteel.net/media/0xyc44jr/بان-مارى.jpg,الوستيل لتجهيزات المطابخ والفنادق والمطاعم - البان مارى - مقالات,
https://alusteel.net/مقالات/البان-مارى,https://alusteel.net/media/bxnlzecx/فرن-بيتزا-حطب-2.jpg,الوستيل لتجهيزات المطابخ والفنادق والمطاعم,
https://alusteel.net/مقالات/البان-مارى,https://alusteel.net/media/vu4ng5ee/شوايات-حطب.jpg,الوستيل لتجهيزات المطابخ والفنادق والمطاعم,
https://alusteel.net/مقالات/البان-مارى,https://alusteel.net/media/0k2n2u0d/شوايات-دوارة.jpg,الوستيل لتجهيزات المطابخ والفنادق والمطاعم,
https://alusteel.net/مقالات/البان-مارى,https://alusteel.net/media/mg3h3bva/فرن-بطاطس-كومبير-2.jpg,الوستيل لتجهيزات المطابخ والفنادق والمطاعم,
https://alusteel.net/مقالات/البان-مارى,https://alusteel.net/media/grxcakgd/فرن-عيش.jpg,الوستيل لتجهيزات المطابخ والفنادق والمطاعم,
https://alusteel.net/مقالات/البان-مارى,https://alusteel.net/media/jkvbzvv4/فرن-تدخين.jpg,الوستيل لتجهيزات المطابخ والفنادق والمطاعم,
https://alusteel.net/مقالات/البان-مارى,https://alusteel.net/media/lzvnpozm/شواية-فراخ-كهرباء.jpg,الوستيل لتجهيزات المطابخ والفنادق والمطاعم,
https://alusteel.net/مقالات/الوستيل-ريادة-متجددة-في-عالم-تجهيزات-المطابخ-الفندقية,https://alusteel.net/media/oviefjhh/كفر-مقال-الوستيل-فى-هيس-2025.jpg,الوستيل لتجهيزات المطابخ والفنادق والمطاعم - الوستيل ريادة متجددة في عالم تجهيزات المطابخ الفندقية - مقالات,
https://alusteel.net/مقالات/الوستيل-ريادة-متجددة-في-عالم-تجهيزات-المطابخ-الفندقية,https://alusteel.net/media/bxnlzecx/فرن-بيتزا-حطب-2.jpg,الوستيل لتجهيزات المطابخ والفنادق والمطاعم,
https://alusteel.net/مقالات/الوستيل-ريادة-متجددة-في-عالم-تجهيزات-المطابخ-الفندقية,https://alusteel.net/media/vu4ng5ee/شوايات-حطب.jpg,الوستيل لتجهيزات المطابخ والفنادق والمطاعم,
https://alusteel.net/مقالات/الوستيل-ريادة-متجددة-في-عالم-تجهيزات-المطابخ-الفندقية,https://alusteel.net/media/0k2n2u0d/شوايات-دوارة.jpg,الوستيل لتجهيزات المطابخ والفنادق والمطاعم,
https://alusteel.net/مقالات/الوستيل-ريادة-متجددة-في-عالم-تجهيزات-المطابخ-الفندقية,https://alusteel.net/media/mg3h3bva/فرن-بطاطس-كومبير-2.jpg,الوستيل لتجهيزات المطابخ والفنادق والمطاعم,
https://alusteel.net/مقالات/الوستيل-ريادة-متجددة-في-عالم-تجهيزات-المطابخ-الفندقية,https://alusteel.net/media/grxcakgd/فرن-عيش.jpg,الوستيل لتجهيزات المطابخ والفنادق والمطاعم,
https://alusteel.net/مقالات/الوستيل-ريادة-متجددة-في-عالم-تجهيزات-المطابخ-الفندقية,https://alusteel.net/media/jkvbzvv4/فرن-تدخين.jpg,الوستيل لتجهيزات المطابخ والفنادق والمطاعم,
https://alusteel.net/مقالات/الوستيل-ريادة-متجددة-في-عالم-تجهيزات-المطابخ-الفندقية,https://alusteel.net/media/lzvnpozm/شواية-فراخ-كهرباء.jpg,الوستيل لتجهيزات المطابخ والفنادق والمطاعم,
https://alusteel.net/مقالات/الابتكار-في-خدمة-الطهي-وتأثير-الوستيل-على-عالم-المطابخ-الاحترافية,https://alusteel.net/media/al2jtzdz/خبراء-الطهى-نرحب-بزيارتكم.jpg,"الوستيل لتجهيزات المطابخ والفنادق والمطاعم - الابتكار في خدمة الطهي وتأثير ""الوستيل"" على عالم المطابخ الاحترافية - مقالات",
https://alusteel.net/مقالات/الابتكار-في-خدمة-الطهي-وتأثير-الوستيل-على-عالم-المطابخ-الاحترافية,https://alusteel.net/media/bxnlzecx/فرن-بيتزا-حطب-2.jpg,الوستيل لتجهيزات المطابخ والفنادق والمطاعم,
https://alusteel.net/مقالات/الابتكار-في-خدمة-الطهي-وتأثير-الوستيل-على-عالم-المطابخ-الاحترافية,https://alusteel.net/media/vu4ng5ee/شوايات-حطب.jpg,الوستيل لتجهيزات المطابخ والفنادق والمطاعم,
https://alusteel.net/مقالات/الابتكار-في-خدمة-الطهي-وتأثير-الوستيل-على-عالم-المطابخ-الاحترافية,https://alusteel.net/media/0k2n2u0d/شوايات-دوارة.jpg,الوستيل لتجهيزات المطابخ والفنادق والمطاعم,
https://alusteel.net/مقالات/الابتكار-في-خدمة-الطهي-وتأثير-الوستيل-على-عالم-المطابخ-الاحترافية,https://alusteel.net/media/mg3h3bva/فرن-بطاطس-كومبير-2.jpg,الوستيل لتجهيزات المطابخ والفنادق والمطاعم,
https://alusteel.net/مقالات/الابتكار-في-خدمة-الطهي-وتأثير-الوستيل-على-عالم-المطابخ-الاحترافية,https://alusteel.net/media/grxcakgd/فرن-عيش.jpg,الوستيل لتجهيزات المطابخ والفنادق والمطاعم,
https://alusteel.net/مقالات/الابتكار-في-خدمة-الطهي-وتأثير-الوستيل-على-عالم-المطابخ-الاحترافية,https://alusteel.net/media/jkvbzvv4/فرن-تدخين.jpg,الوستيل لتجهيزات المطابخ والفنادق والمطاعم,
https://alusteel.net/مقالات/الابتكار-في-خدمة-الطهي-وتأثير-الوستيل-على-عالم-المطابخ-الاحترافية,https://alusteel.net/media/lzvnpozm/شواية-فراخ-كهرباء.jpg,الوستيل لتجهيزات المطابخ والفنادق والمطاعم,
https://alusteel.net/مقالات/صناعة-الاستانلس-ستيل-في-مصر,https://alusteel.net/media/jknda2l2/70l.jpg,الوستيل لتجهيزات المطابخ والفنادق والمطاعم - صناعة الاستانلس ستيل في مصر - مقالات,
https://alusteel.net/مقالات/صناعة-الاستانلس-ستيل-في-مصر,https://alusteel.net/media/wi0lkbbu/28l.jpg,الوستيل لتجهيزات المطابخ والفنادق والمطاعم - صناعة الاستانلس ستيل في مصر - مقالات,
https://alusteel.net/مقالات/صناعة-الاستانلس-ستيل-في-مصر,https://alusteel.net/media/gdwaf0hn/124l.jpg,الوستيل لتجهيزات المطابخ والفنادق والمطاعم - صناعة الاستانلس ستيل في مصر - مقالات,
https://alusteel.net/مقالات/صناعة-الاستانلس-ستيل-في-مصر,https://alusteel.net/media/bxnlzecx/فرن-بيتزا-حطب-2.jpg,الوستيل لتجهيزات المطابخ والفنادق والمطاعم,
https://alusteel.net/مقالات/صناعة-الاستانلس-ستيل-في-مصر,https://alusteel.net/media/vu4ng5ee/شوايات-حطب.jpg,الوستيل لتجهيزات المطابخ والفنادق والمطاعم,
https://alusteel.net/مقالات/صناعة-الاستانلس-ستيل-في-مصر,https://alusteel.net/media/0k2n2u0d/شوايات-دوارة.jpg,الوستيل لتجهيزات المطابخ والفنادق والمطاعم,
https://alusteel.net/مقالات/صناعة-الاستانلس-ستيل-في-مصر,https://alusteel.net/media/mg3h3bva/فرن-بطاطس-كومبير-2.jpg,الوستيل لتجهيزات المطابخ والفنادق والمطاعم,
https://alusteel.net/مقالات/صناعة-الاستانلس-ستيل-في-مصر,https://alusteel.net/media/grxcakgd/فرن-عيش.jpg,الوستيل لتجهيزات المطابخ والفنادق والمطاعم,
https://alusteel.net/مقالات/صناعة-الاستانلس-ستيل-في-مصر,https://alusteel.net/media/jkvbzvv4/فرن-تدخين.jpg,الوستيل لتجهيزات المطابخ والفنادق والمطاعم,
https://alusteel.net/مقالات/صناعة-الاستانلس-ستيل-في-مصر,https://alusteel.net/media/lzvnpozm/شواية-فراخ-كهرباء.jpg,الوستيل لتجهيزات المطابخ والفنادق والمطاعم,
https://alusteel.net/مقالات/الاقتصاد-والصناعة-المصرية,https://alusteel.net/media/hifdgz2j/137l.jpg,الوستيل لتجهيزات المطابخ والفنادق والمطاعم - الاقتصاد والصناعة المصرية - مقالات,
https://alusteel.net/مقالات/الاقتصاد-والصناعة-المصرية,https://alusteel.net/media/lxsdvmvs/29l.jpg,الوستيل لتجهيزات المطابخ والفنادق والمطاعم - الاقتصاد والصناعة المصرية - مقالات,
https://alusteel.net/مقالات/الاقتصاد-والصناعة-المصرية,https://alusteel.net/media/lp0jlh3u/66l.jpg,الوستيل لتجهيزات المطابخ والفنادق والمطاعم - الاقتصاد والصناعة المصرية - مقالات,
https://alusteel.net/مقالات/الاقتصاد-والصناعة-المصرية,https://alusteel.net/media/ifhdu5lp/64l.jpg,الوستيل لتجهيزات المطابخ والفنادق والمطاعم - الاقتصاد والصناعة المصرية - مقالات,
https://alusteel.net/مقالات/الاقتصاد-والصناعة-المصرية,https://alusteel.net/media/yzznixgf/103l.jpg,الوستيل لتجهيزات المطابخ والفنادق والمطاعم - الاقتصاد والصناعة المصرية - مقالات,
https://alusteel.net/مقالات/الاقتصاد-والصناعة-المصرية,https://alusteel.net/media/riwcxthc/84l.jpg,الوستيل لتجهيزات المطابخ والفنادق والمطاعم - الاقتصاد والصناعة المصرية - مقالات,
https://alusteel.net/مقالات/الاقتصاد-والصناعة-المصرية,https://alusteel.net/media/ncfltcv1/117l.jpg,الوستيل لتجهيزات المطابخ والفنادق والمطاعم - الاقتصاد والصناعة المصرية - مقالات,
https://alusteel.net/مقالات/الاقتصاد-والصناعة-المصرية,https://alusteel.net/media/yzghwgwa/269th.jpg,الوستيل لتجهيزات المطابخ والفنادق والمطاعم - الاقتصاد والصناعة المصرية - مقالات,
https://alusteel.net/مقالات/الاقتصاد-والصناعة-المصرية,https://alusteel.net/media/bm1dyamk/270th.jpg,الوستيل لتجهيزات المطابخ والفنادق والمطاعم - الاقتصاد والصناعة المصرية - مقالات,
https://alusteel.net/مقالات/الاقتصاد-والصناعة-المصرية,https://alusteel.net/media/a1wlzy5j/260th.jpg,الوستيل لتجهيزات المطابخ والفنادق والمطاعم - الاقتصاد والصناعة المصرية - مقالات,
https://alusteel.net/مقالات/الاقتصاد-والصناعة-المصرية,https://alusteel.net/media/2x4o5wpm/258th.jpg,الوستيل لتجهيزات المطابخ والفنادق والمطاعم - الاقتصاد والصناعة المصرية - مقالات,
https://alusteel.net/مقالات/الاقتصاد-والصناعة-المصرية,https://alusteel.net/media/bxnlzecx/فرن-بيتزا-حطب-2.jpg,الوستيل لتجهيزات المطابخ والفنادق والمطاعم,
https://alusteel.net/مقالات/الاقتصاد-والصناعة-المصرية,https://alusteel.net/media/vu4ng5ee/شوايات-حطب.jpg,الوستيل لتجهيزات المطابخ والفنادق والمطاعم,
https://alusteel.net/مقالات/الاقتصاد-والصناعة-المصرية,https://alusteel.net/media/0k2n2u0d/شوايات-دوارة.jpg,الوستيل لتجهيزات المطابخ والفنادق والمطاعم,
https://alusteel.net/مقالات/الاقتصاد-والصناعة-المصرية,https://alusteel.net/media/mg3h3bva/فرن-بطاطس-كومبير-2.jpg,الوستيل لتجهيزات المطابخ والفنادق والمطاعم,
https://alusteel.net/مقالات/الاقتصاد-والصناعة-المصرية,https://alusteel.net/media/grxcakgd/فرن-عيش.jpg,الوستيل لتجهيزات المطابخ والفنادق والمطاعم,
https://alusteel.net/مقالات/الاقتصاد-والصناعة-المصرية,https://alusteel.net/media/jkvbzvv4/فرن-تدخين.jpg,الوستيل لتجهيزات المطابخ والفنادق والمطاعم,
https://alusteel.net/مقالات/الاقتصاد-والصناعة-المصرية,https://alusteel.net/media/lzvnpozm/شواية-فراخ-كهرباء.jpg,الوستيل لتجهيزات المطابخ والفنادق والمطاعم,
https://alusteel.net/مقالات/اهمية-العمالة-المدربة-في-الصناعة,https://alusteel.net/media/03ihkfvo/dsc_0185.jpg,الوستيل لتجهيزات المطابخ والفنادق والمطاعم - اهمية العمالة المدربة في الصناعة - مقالات,
https://alusteel.net/مقالات/اهمية-العمالة-المدربة-في-الصناعة,https://alusteel.net/media/zgffq0gn/333l.jpg,الوستيل لتجهيزات المطابخ والفنادق والمطاعم - اهمية العمالة المدربة في الصناعة - مقالات,
https://alusteel.net/مقالات/اهمية-العمالة-المدربة-في-الصناعة,https://alusteel.net/media/joaphcaa/177l.jpg,الوستيل لتجهيزات المطابخ والفنادق والمطاعم - اهمية العمالة المدربة في الصناعة - مقالات,
https://alusteel.net/مقالات/اهمية-العمالة-المدربة-في-الصناعة,https://alusteel.net/media/q4ihaa55/232th.jpg,الوستيل لتجهيزات المطابخ والفنادق والمطاعم - اهمية العمالة المدربة في الصناعة - مقالات,
https://alusteel.net/مقالات/اهمية-العمالة-المدربة-في-الصناعة,https://alusteel.net/media/pa0lml5n/cladding-handrail01.jpg,الوستيل لتجهيزات المطابخ والفنادق والمطاعم - اهمية العمالة المدربة في الصناعة - مقالات,
https://alusteel.net/مقالات/اهمية-العمالة-المدربة-في-الصناعة,https://alusteel.net/media/bxnlzecx/فرن-بيتزا-حطب-2.jpg,الوستيل لتجهيزات المطابخ والفنادق والمطاعم,
https://alusteel.net/مقالات/اهمية-العمالة-المدربة-في-الصناعة,https://alusteel.net/media/vu4ng5ee/شوايات-حطب.jpg,الوستيل لتجهيزات المطابخ والفنادق والمطاعم,
https://alusteel.net/مقالات/اهمية-العمالة-المدربة-في-الصناعة,https://alusteel.net/media/0k2n2u0d/شوايات-دوارة.jpg,الوستيل لتجهيزات المطابخ والفنادق والمطاعم,
https://alusteel.net/مقالات/اهمية-العمالة-المدربة-في-الصناعة,https://alusteel.net/media/mg3h3bva/فرن-بطاطس-كومبير-2.jpg,الوستيل لتجهيزات المطابخ والفنادق والمطاعم,
https://alusteel.net/مقالات/اهمية-العمالة-المدربة-في-الصناعة,https://alusteel.net/media/grxcakgd/فرن-عيش.jpg,الوستيل لتجهيزات المطابخ والفنادق والمطاعم,
https://alusteel.net/مقالات/اهمية-العمالة-المدربة-في-الصناعة,https://alusteel.net/media/jkvbzvv4/فرن-تدخين.jpg,الوستيل لتجهيزات المطابخ والفنادق والمطاعم,
https://alusteel.net/مقالات/اهمية-العمالة-المدربة-في-الصناعة,https://alusteel.net/media/lzvnpozm/شواية-فراخ-كهرباء.jpg,الوستيل لتجهيزات المطابخ والفنادق والمطاعم,
https://alusteel.net/en/about-us,https://alusteel.net/media/j2nmz1zm/مصنع-الوستيل-لمعدات-المطاعم-والفنادق.jpg,"Alusteel For Hotel, Restaurant, kitchen Equipment",
https://alusteel.net/en/about-us,https://alusteel.net/assets/image/b1.jpg,,
https://alusteel.net/en/about-us,https://alusteel.net/assets/image/b2.jpg,,
https://alusteel.net/en/about-us,https://alusteel.net/assets/image/b3.jpg,,
https://alusteel.net/en/about-us,https://alusteel.net/assets/image/b4.jpg,,
https://alusteel.net/en/about-us,https://alusteel.net/assets/image/2.jpg,Alusteel-Eng/magdy the owner,
https://alusteel.net/en/products,https://alusteel.net/media/p2aoaftu/hot-line-cover-post-web-site.jpg,"Alusteel For Hotel, Restaurant, kitchen Equipment",
https://alusteel.net/en/products,https://alusteel.net/media/tusc0nai/refrigerator-cover-post-web-site.jpg,"Alusteel For Hotel, Restaurant, kitchen Equipment",
https://alusteel.net/en/products,https://alusteel.net/media/fa4plv3a/صورة-كفر-خط-متعادل.jpg,"Alusteel For Hotel, Restaurant, kitchen Equipment",
https://alusteel.net/en/products,https://alusteel.net/media/fb0jfobp/منتجات-مميزة.jpg,"Alusteel For Hotel, Restaurant, kitchen Equipment",
https://alusteel.net/en/products,https://alusteel.net/media/l3bp2aqj/بوفيه-1.jpg,"Alusteel For Hotel, Restaurant, kitchen Equipment",
https://alusteel.net/en/products,https://alusteel.net/media/qzepjfrd/snacke-line.jpg,"Alusteel For Hotel, Restaurant, kitchen Equipment",
https://alusteel.net/en/products/hotline,https://alusteel.net/media/s1cj4ls4/بان-مارى-اوفر-كونتر.jpg,"Alusteel For Hotel, Restaurant, kitchen Equipment",
https://alusteel.net/en/products/hotline,https://alusteel.net/media/kljihi0d/حلة-بخارية.jpg,"Alusteel For Hotel, Restaurant, kitchen Equipment",
https://alusteel.net/en/products/hotline,https://alusteel.net/media/do1d0wya/موقد-4-بلاطة-دائرة.jpg,"Alusteel For Hotel, Restaurant, kitchen Equipment",
https://alusteel.net/en/products/hotline,https://alusteel.net/media/45okq2pr/قلاية-2-عين.jpg,"Alusteel For Hotel, Restaurant, kitchen Equipment",
https://alusteel.net/en/products/hotline,https://alusteel.net/media/ovgpy0ev/بوتجاز-4-شعلة.jpg,"Alusteel For Hotel, Restaurant, kitchen Equipment",
https://alusteel.net/en/products/hotline,https://alusteel.net/media/kzkhoe1x/جريل.jpg,"Alusteel For Hotel, Restaurant, kitchen Equipment",
https://alusteel.net/en/products/hotline,https://alusteel.net/media/p2aoaftu/hot-line-cover-post-web-site.jpg,"Alusteel For Hotel, Restaurant, kitchen Equipment",
https://alusteel.net/en/products/hotline,https://alusteel.net/media/xekbadbx/احدث-فرن-بيتزا.jpg,"Alusteel For Hotel, Restaurant, kitchen Equipment",
https://alusteel.net/en/products/hotline,https://alusteel.net/media/fmjbevps/باستا-كوكر-اوفر-كونتر.jpg,"Alusteel For Hotel, Restaurant, kitchen Equipment",
https://alusteel.net/en/products/hotline,https://alusteel.net/media/xuaa4atr/حلة-قلابة-مربع-رز.jpg,"Alusteel For Hotel, Restaurant, kitchen Equipment",
https://alusteel.net/en/products/hotline/bain-marie,https://alusteel.net/media/0xyc44jr/بان-مارى.jpg,"Alusteel For Hotel, Restaurant, kitchen Equipment - Bain-marie - Hotline",
https://alusteel.net/en/products/hotline/bain-marie,https://alusteel.net/media/s1cj4ls4/بان-مارى-اوفر-كونتر.jpg,"Alusteel For Hotel, Restaurant, kitchen Equipment - Bain-marie - Hotline",
https://alusteel.net/en/products/hotline/bain-marie,https://alusteel.net/media/bxnlzecx/فرن-بيتزا-حطب-2.jpg,"Alusteel For Hotel, Restaurant, kitchen Equipment",
https://alusteel.net/en/products/hotline/bain-marie,https://alusteel.net/media/vu4ng5ee/شوايات-حطب.jpg,"Alusteel For Hotel, Restaurant, kitchen Equipment",
https://alusteel.net/en/products/hotline/bain-marie,https://alusteel.net/media/0k2n2u0d/شوايات-دوارة.jpg,"Alusteel For Hotel, Restaurant, kitchen Equipment",
https://alusteel.net/en/products/hotline/bain-marie,https://alusteel.net/media/mg3h3bva/فرن-بطاطس-كومبير-2.jpg,"Alusteel For Hotel, Restaurant, kitchen Equipment",
https://alusteel.net/en/products/hotline/bain-marie,https://alusteel.net/media/grxcakgd/فرن-عيش.jpg,"Alusteel For Hotel, Restaurant, kitchen Equipment",
https://alusteel.net/en/products/hotline/bain-marie,https://alusteel.net/media/jkvbzvv4/فرن-تدخين.jpg,"Alusteel For Hotel, Restaurant, kitchen Equipment",
https://alusteel.net/en/products/hotline/bain-marie,https://alusteel.net/media/lzvnpozm/شواية-فراخ-كهرباء.jpg,"Alusteel For Hotel, Restaurant, kitchen Equipment",
https://alusteel.net/en/products/hotline/steam-cooking-pot,https://alusteel.net/media/kljihi0d/حلة-بخارية.jpg,"Alusteel For Hotel, Restaurant, kitchen Equipment - Steam-Cooking-Pot - Hotline",
https://alusteel.net/en/products/hotline/steam-cooking-pot,https://alusteel.net/media/s1cj4ls4/بان-مارى-اوفر-كونتر.jpg,"Alusteel For Hotel, Restaurant, kitchen Equipment",
https://alusteel.net/en/products/hotline/steam-cooking-pot,https://alusteel.net/media/bxnlzecx/فرن-بيتزا-حطب-2.jpg,"Alusteel For Hotel, Restaurant, kitchen Equipment",
https://alusteel.net/en/products/hotline/steam-cooking-pot,https://alusteel.net/media/vu4ng5ee/شوايات-حطب.jpg,"Alusteel For Hotel, Restaurant, kitchen Equipment",
https://alusteel.net/en/products/hotline/steam-cooking-pot,https://alusteel.net/media/0k2n2u0d/شوايات-دوارة.jpg,"Alusteel For Hotel, Restaurant, kitchen Equipment",
https://alusteel.net/en/products/hotline/steam-cooking-pot,https://alusteel.net/media/mg3h3bva/فرن-بطاطس-كومبير-2.jpg,"Alusteel For Hotel, Restaurant, kitchen Equipment",
https://alusteel.net/en/products/hotline/steam-cooking-pot,https://alusteel.net/media/grxcakgd/فرن-عيش.jpg,"Alusteel For Hotel, Restaurant, kitchen Equipment",
https://alusteel.net/en/products/hotline/steam-cooking-pot,https://alusteel.net/media/jkvbzvv4/فرن-تدخين.jpg,"Alusteel For Hotel, Restaurant, kitchen Equipment",
https://alusteel.net/en/products/hotline/steam-cooking-pot,https://alusteel.net/media/lzvnpozm/شواية-فراخ-كهرباء.jpg,"Alusteel For Hotel, Restaurant, kitchen Equipment",
https://alusteel.net/en/products/hotline/electric-stoves,https://alusteel.net/media/do1d0wya/موقد-4-بلاطة-دائرة.jpg,"Alusteel For Hotel, Restaurant, kitchen Equipment - ELECTRIC-Stoves - Hotline",
https://alusteel.net/en/products/hotline/electric-stoves,https://alusteel.net/media/fueo4r4d/موقد-4-بلاطة-مربعه.jpg,"Alusteel For Hotel, Restaurant, kitchen Equipment - ELECTRIC-Stoves - Hotline",
https://alusteel.net/en/products/hotline/electric-stoves,https://alusteel.net/media/xygfipal/موقد-6-بلاطة-دائرة.jpg,"Alusteel For Hotel, Restaurant, kitchen Equipment - ELECTRIC-Stoves - Hotline",
https://alusteel.net/en/products/hotline/electric-stoves,https://alusteel.net/media/fehcw0v0/موقد-6-بلاطة-مربعه.jpg,"Alusteel For Hotel, Restaurant, kitchen Equipment - ELECTRIC-Stoves - Hotline",
https://alusteel.net/en/products/hotline/electric-stoves,https://alusteel.net/media/ccfepx3p/اوفر-كونتر-موقد-2-بلاطة.jpg,"Alusteel For Hotel, Restaurant, kitchen Equipment - ELECTRIC-Stoves - Hotline",
https://alusteel.net/en/products/hotline/electric-stoves,https://alusteel.net/media/s1cj4ls4/بان-مارى-اوفر-كونتر.jpg,"Alusteel For Hotel, Restaurant, kitchen Equipment",
https://alusteel.net/en/products/hotline/electric-stoves,https://alusteel.net/media/bxnlzecx/فرن-بيتزا-حطب-2.jpg,"Alusteel For Hotel, Restaurant, kitchen Equipment",
https://alusteel.net/en/products/hotline/electric-stoves,https://alusteel.net/media/vu4ng5ee/شوايات-حطب.jpg,"Alusteel For Hotel, Restaurant, kitchen Equipment",
https://alusteel.net/en/products/hotline/electric-stoves,https://alusteel.net/media/0k2n2u0d/شوايات-دوارة.jpg,"Alusteel For Hotel, Restaurant, kitchen Equipment",
https://alusteel.net/en/products/hotline/electric-stoves,https://alusteel.net/media/mg3h3bva/فرن-بطاطس-كومبير-2.jpg,"Alusteel For Hotel, Restaurant, kitchen Equipment",
https://alusteel.net/en/products/hotline/electric-stoves,https://alusteel.net/media/grxcakgd/فرن-عيش.jpg,"Alusteel For Hotel, Restaurant, kitchen Equipment",
https://alusteel.net/en/products/hotline/electric-stoves,https://alusteel.net/media/jkvbzvv4/فرن-تدخين.jpg,"Alusteel For Hotel, Restaurant, kitchen Equipment",
https://alusteel.net/en/products/hotline/electric-stoves,https://alusteel.net/media/lzvnpozm/شواية-فراخ-كهرباء.jpg,"Alusteel For Hotel, Restaurant, kitchen Equipment",
https://alusteel.net/en/products/hotline/frayers,https://alusteel.net/media/45okq2pr/قلاية-2-عين.jpg,"Alusteel For Hotel, Restaurant, kitchen Equipment - FRAYERS - Hotline",
https://alusteel.net/en/products/hotline/frayers,https://alusteel.net/media/tdmdovab/قلاية-1-عين-اوفر-كونتر.jpg,"Alusteel For Hotel, Restaurant, kitchen Equipment - FRAYERS - Hotline",
https://alusteel.net/en/products/hotline/frayers,https://alusteel.net/media/s1cj4ls4/بان-مارى-اوفر-كونتر.jpg,"Alusteel For Hotel, Restaurant, kitchen Equipment",
https://alusteel.net/en/products/hotline/frayers,https://alusteel.net/media/bxnlzecx/فرن-بيتزا-حطب-2.jpg,"Alusteel For Hotel, Restaurant, kitchen Equipment",
https://alusteel.net/en/products/hotline/frayers,https://alusteel.net/media/vu4ng5ee/شوايات-حطب.jpg,"Alusteel For Hotel, Restaurant, kitchen Equipment",
https://alusteel.net/en/products/hotline/frayers,https://alusteel.net/media/0k2n2u0d/شوايات-دوارة.jpg,"Alusteel For Hotel, Restaurant, kitchen Equipment",
https://alusteel.net/en/products/hotline/frayers,https://alusteel.net/media/mg3h3bva/فرن-بطاطس-كومبير-2.jpg,"Alusteel For Hotel, Restaurant, kitchen Equipment",
https://alusteel.net/en/products/hotline/frayers,https://alusteel.net/media/grxcakgd/فرن-عيش.jpg,"Alusteel For Hotel, Restaurant, kitchen Equipment",
https://alusteel.net/en/products/hotline/frayers,https://alusteel.net/media/jkvbzvv4/فرن-تدخين.jpg,"Alusteel For Hotel, Restaurant, kitchen Equipment",
https://alusteel.net/en/products/hotline/frayers,https://alusteel.net/media/lzvnpozm/شواية-فراخ-كهرباء.jpg,"Alusteel For Hotel, Restaurant, kitchen Equipment",
https://alusteel.net/en/products/hotline/gas-stoves,https://alusteel.net/media/ovgpy0ev/بوتجاز-4-شعلة.jpg,"Alusteel For Hotel, Restaurant, kitchen Equipment - GAS-Stoves - Hotline",
https://alusteel.net/en/products/hotline/gas-stoves,https://alusteel.net/media/1bec0ji5/بوتجاز-6-شعلة.jpg,"Alusteel For Hotel, Restaurant, kitchen Equipment - GAS-Stoves - Hotline",
https://alusteel.net/en/products/hotline/gas-stoves,https://alusteel.net/media/g3innvhb/بوتجاز-2-شعلة-اوفر-كونتر.jpg,"Alusteel For Hotel, Restaurant, kitchen Equipment - GAS-Stoves - Hotline",
https://alusteel.net/en/products/hotline/gas-stoves,https://alusteel.net/media/fu5gz112/بوتجاز-2-شعلة-بدون-فرن.jpg,"Alusteel For Hotel, Restaurant, kitchen Equipment - GAS-Stoves - Hotline",
https://alusteel.net/en/products/hotline/gas-stoves,https://alusteel.net/media/uhtlppbq/بوتجاز-4-شعلة-بدون-فرن.jpg,"Alusteel For Hotel, Restaurant, kitchen Equipment - GAS-Stoves - Hotline",
https://alusteel.net/en/products/hotline/gas-stoves,https://alusteel.net/media/s1cj4ls4/بان-مارى-اوفر-كونتر.jpg,"Alusteel For Hotel, Restaurant, kitchen Equipment",
https://alusteel.net/en/products/hotline/gas-stoves,https://alusteel.net/media/bxnlzecx/فرن-بيتزا-حطب-2.jpg,"Alusteel For Hotel, Restaurant, kitchen Equipment",
https://alusteel.net/en/products/hotline/gas-stoves,https://alusteel.net/media/vu4ng5ee/شوايات-حطب.jpg,"Alusteel For Hotel, Restaurant, kitchen Equipment",
https://alusteel.net/en/products/hotline/gas-stoves,https://alusteel.net/media/0k2n2u0d/شوايات-دوارة.jpg,"Alusteel For Hotel, Restaurant, kitchen Equipment",
https://alusteel.net/en/products/hotline/gas-stoves,https://alusteel.net/media/mg3h3bva/فرن-بطاطس-كومبير-2.jpg,"Alusteel For Hotel, Restaurant, kitchen Equipment",
https://alusteel.net/en/products/hotline/gas-stoves,https://alusteel.net/media/grxcakgd/فرن-عيش.jpg,"Alusteel For Hotel, Restaurant, kitchen Equipment",
https://alusteel.net/en/products/hotline/gas-stoves,https://alusteel.net/media/jkvbzvv4/فرن-تدخين.jpg,"Alusteel For Hotel, Restaurant, kitchen Equipment",
https://alusteel.net/en/products/hotline/gas-stoves,https://alusteel.net/media/lzvnpozm/شواية-فراخ-كهرباء.jpg,"Alusteel For Hotel, Restaurant, kitchen Equipment",
https://alusteel.net/en/products/hotline/grills,https://alusteel.net/media/kzkhoe1x/جريل.jpg,"Alusteel For Hotel, Restaurant, kitchen Equipment - GRILLS - Hotline",
https://alusteel.net/en/products/hotline/grills,https://alusteel.net/media/0ltlpxon/جريل-شاركل.jpg,"Alusteel For Hotel, Restaurant, kitchen Equipment - GRILLS - Hotline",
https://alusteel.net/en/products/hotline/grills,https://alusteel.net/media/4lojb15r/شاورما-1-و-2-سيخ.jpg,"Alusteel For Hotel, Restaurant, kitchen Equipment - GRILLS - Hotline",
https://alusteel.net/en/products/hotline/grills,https://alusteel.net/media/2jyfm01p/جريل-اوفر-كونتر.jpg,"Alusteel For Hotel, Restaurant, kitchen Equipment - GRILLS - Hotline",
https://alusteel.net/en/products/hotline/grills,https://alusteel.net/media/s1cj4ls4/بان-مارى-اوفر-كونتر.jpg,"Alusteel For Hotel, Restaurant, kitchen Equipment",
https://alusteel.net/en/products/hotline/grills,https://alusteel.net/media/bxnlzecx/فرن-بيتزا-حطب-2.jpg,"Alusteel For Hotel, Restaurant, kitchen Equipment",
https://alusteel.net/en/products/hotline/grills,https://alusteel.net/media/vu4ng5ee/شوايات-حطب.jpg,"Alusteel For Hotel, Restaurant, kitchen Equipment",
https://alusteel.net/en/products/hotline/grills,https://alusteel.net/media/0k2n2u0d/شوايات-دوارة.jpg,"Alusteel For Hotel, Restaurant, kitchen Equipment",
https://alusteel.net/en/products/hotline/grills,https://alusteel.net/media/mg3h3bva/فرن-بطاطس-كومبير-2.jpg,"Alusteel For Hotel, Restaurant, kitchen Equipment",
https://alusteel.net/en/products/hotline/grills,https://alusteel.net/media/grxcakgd/فرن-عيش.jpg,"Alusteel For Hotel, Restaurant, kitchen Equipment",
https://alusteel.net/en/products/hotline/grills,https://alusteel.net/media/jkvbzvv4/فرن-تدخين.jpg,"Alusteel For Hotel, Restaurant, kitchen Equipment",
https://alusteel.net/en/products/hotline/grills,https://alusteel.net/media/lzvnpozm/شواية-فراخ-كهرباء.jpg,"Alusteel For Hotel, Restaurant, kitchen Equipment",
https://alusteel.net/en/products/hotline/hot-line-90,https://alusteel.net/media/p2aoaftu/hot-line-cover-post-web-site.jpg,"Alusteel For Hotel, Restaurant, kitchen Equipment - HOT-LINE-90 - Hotline",
https://alusteel.net/en/products/hotline/hot-line-90,https://alusteel.net/media/s1cj4ls4/بان-مارى-اوفر-كونتر.jpg,"Alusteel For Hotel, Restaurant, kitchen Equipment",
https://alusteel.net/en/products/hotline/hot-line-90,https://alusteel.net/media/bxnlzecx/فرن-بيتزا-حطب-2.jpg,"Alusteel For Hotel, Restaurant, kitchen Equipment",
https://alusteel.net/en/products/hotline/hot-line-90,https://alusteel.net/media/vu4ng5ee/شوايات-حطب.jpg,"Alusteel For Hotel, Restaurant, kitchen Equipment",
https://alusteel.net/en/products/hotline/hot-line-90,https://alusteel.net/media/0k2n2u0d/شوايات-دوارة.jpg,"Alusteel For Hotel, Restaurant, kitchen Equipment",
https://alusteel.net/en/products/hotline/hot-line-90,https://alusteel.net/media/mg3h3bva/فرن-بطاطس-كومبير-2.jpg,"Alusteel For Hotel, Restaurant, kitchen Equipment",
https://alusteel.net/en/products/hotline/hot-line-90,https://alusteel.net/media/grxcakgd/فرن-عيش.jpg,"Alusteel For Hotel, Restaurant, kitchen Equipment",
https://alusteel.net/en/products/hotline/hot-line-90,https://alusteel.net/media/jkvbzvv4/فرن-تدخين.jpg,"Alusteel For Hotel, Restaurant, kitchen Equipment",
https://alusteel.net/en/products/hotline/hot-line-90,https://alusteel.net/media/lzvnpozm/شواية-فراخ-كهرباء.jpg,"Alusteel For Hotel, Restaurant, kitchen Equipment",
https://alusteel.net/en/products/hotline/ovens,https://alusteel.net/media/bxnlzecx/فرن-بيتزا-حطب-2.jpg,"Alusteel For Hotel, Restaurant, kitchen Equipment - OVENS - Hotline",
https://alusteel.net/en/products/hotline/ovens,https://alusteel.net/media/zefbvzum/فرن-بيتزا-حطب-1.jpg,"Alusteel For Hotel, Restaurant, kitchen Equipment - OVENS - Hotline",
https://alusteel.net/en/products/hotline/ovens,https://alusteel.net/media/4l3mzd0y/فرن-بيتزا-حطب-2.jpg,"Alusteel For Hotel, Restaurant, kitchen Equipment - OVENS - Hotline",
https://alusteel.net/en/products/hotline/ovens,https://alusteel.net/media/otdaablv/فرن-بيتزا-حطب-3.jpg,"Alusteel For Hotel, Restaurant, kitchen Equipment - OVENS - Hotline",
https://alusteel.net/en/products/hotline/ovens,https://alusteel.net/media/sa1dk0gp/فرن-بيتزا-حطب-4.jpg,"Alusteel For Hotel, Restaurant, kitchen Equipment - OVENS - Hotline",
https://alusteel.net/en/products/hotline/ovens,https://alusteel.net/media/ka1hr2gu/فرن-بيتزا-حطب-5.jpg,"Alusteel For Hotel, Restaurant, kitchen Equipment - OVENS - Hotline",
https://alusteel.net/en/products/hotline/ovens,https://alusteel.net/media/qgjfuoel/فرن-دك-بيتزا.jpg,"Alusteel For Hotel, Restaurant, kitchen Equipment - OVENS - Hotline",
https://alusteel.net/en/products/hotline/ovens,https://alusteel.net/media/s1cj4ls4/بان-مارى-اوفر-كونتر.jpg,"Alusteel For Hotel, Restaurant, kitchen Equipment",
https://alusteel.net/en/products/hotline/ovens,https://alusteel.net/media/vu4ng5ee/شوايات-حطب.jpg,"Alusteel For Hotel, Restaurant, kitchen Equipment",
https://alusteel.net/en/products/hotline/ovens,https://alusteel.net/media/0k2n2u0d/شوايات-دوارة.jpg,"Alusteel For Hotel, Restaurant, kitchen Equipment",
https://alusteel.net/en/products/hotline/ovens,https://alusteel.net/media/mg3h3bva/فرن-بطاطس-كومبير-2.jpg,"Alusteel For Hotel, Restaurant, kitchen Equipment",
https://alusteel.net/en/products/hotline/ovens,https://alusteel.net/media/grxcakgd/فرن-عيش.jpg,"Alusteel For Hotel, Restaurant, kitchen Equipment",
https://alusteel.net/en/products/hotline/ovens,https://alusteel.net/media/jkvbzvv4/فرن-تدخين.jpg,"Alusteel For Hotel, Restaurant, kitchen Equipment",
https://alusteel.net/en/products/hotline/ovens,https://alusteel.net/media/lzvnpozm/شواية-فراخ-كهرباء.jpg,"Alusteel For Hotel, Restaurant, kitchen Equipment",
https://alusteel.net/en/products/hotline/pasta-cooker,https://alusteel.net/media/fmjbevps/باستا-كوكر-اوفر-كونتر.jpg,"Alusteel For Hotel, Restaurant, kitchen Equipment - PASTA-COOKER - Hotline",
https://alusteel.net/en/products/hotline/pasta-cooker,https://alusteel.net/media/s1cj4ls4/بان-مارى-اوفر-كونتر.jpg,"Alusteel For Hotel, Restaurant, kitchen Equipment",
https://alusteel.net/en/products/hotline/pasta-cooker,https://alusteel.net/media/bxnlzecx/فرن-بيتزا-حطب-2.jpg,"Alusteel For Hotel, Restaurant, kitchen Equipment",
https://alusteel.net/en/products/hotline/pasta-cooker,https://alusteel.net/media/vu4ng5ee/شوايات-حطب.jpg,"Alusteel For Hotel, Restaurant, kitchen Equipment",
https://alusteel.net/en/products/hotline/pasta-cooker,https://alusteel.net/media/0k2n2u0d/شوايات-دوارة.jpg,"Alusteel For Hotel, Restaurant, kitchen Equipment",
https://alusteel.net/en/products/hotline/pasta-cooker,https://alusteel.net/media/mg3h3bva/فرن-بطاطس-كومبير-2.jpg,"Alusteel For Hotel, Restaurant, kitchen Equipment",
https://alusteel.net/en/products/hotline/pasta-cooker,https://alusteel.net/media/grxcakgd/فرن-عيش.jpg,"Alusteel For Hotel, Restaurant, kitchen Equipment",
https://alusteel.net/en/products/hotline/pasta-cooker,https://alusteel.net/media/jkvbzvv4/فرن-تدخين.jpg,"Alusteel For Hotel, Restaurant, kitchen Equipment",
https://alusteel.net/en/products/hotline/pasta-cooker,https://alusteel.net/media/lzvnpozm/شواية-فراخ-كهرباء.jpg,"Alusteel For Hotel, Restaurant, kitchen Equipment",
https://alusteel.net/en/products/cold-lines,https://alusteel.net/media/0t2jufe3/ثلاجة-افقية-2.jpg,"Alusteel For Hotel, Restaurant, kitchen Equipment",
https://alusteel.net/en/products/cold-lines,https://alusteel.net/media/ybinclav/ثلاجة-تحضير-بيتزا.jpg,"Alusteel For Hotel, Restaurant, kitchen Equipment",
https://alusteel.net/en/products/cold-lines,https://alusteel.net/media/kw2pjb03/ثلاجة-رأسية-2-باب.jpg,"Alusteel For Hotel, Restaurant, kitchen Equipment",
https://alusteel.net/en/products/cold-lines/counter-refrigerator,https://alusteel.net/media/0t2jufe3/ثلاجة-افقية-2.jpg,"Alusteel For Hotel, Restaurant, kitchen Equipment - COUNTER-REFRIGERATOR - Cold-Lines",
https://alusteel.net/en/products/cold-lines/counter-refrigerator,https://alusteel.net/media/114p2rkg/ثلاجة-افقية.jpg,"Alusteel For Hotel, Restaurant, kitchen Equipment - COUNTER-REFRIGERATOR - Cold-Lines",
https://alusteel.net/en/products/cold-lines/counter-refrigerator,https://alusteel.net/media/s1cj4ls4/بان-مارى-اوفر-كونتر.jpg,"Alusteel For Hotel, Restaurant, kitchen Equipment",
https://alusteel.net/en/products/cold-lines/counter-refrigerator,https://alusteel.net/media/bxnlzecx/فرن-بيتزا-حطب-2.jpg,"Alusteel For Hotel, Restaurant, kitchen Equipment",
https://alusteel.net/en/products/cold-lines/counter-refrigerator,https://alusteel.net/media/vu4ng5ee/شوايات-حطب.jpg,"Alusteel For Hotel, Restaurant, kitchen Equipment",
https://alusteel.net/en/products/cold-lines/counter-refrigerator,https://alusteel.net/media/0k2n2u0d/شوايات-دوارة.jpg,"Alusteel For Hotel, Restaurant, kitchen Equipment",
https://alusteel.net/en/products/cold-lines/counter-refrigerator,https://alusteel.net/media/mg3h3bva/فرن-بطاطس-كومبير-2.jpg,"Alusteel For Hotel, Restaurant, kitchen Equipment",
https://alusteel.net/en/products/cold-lines/counter-refrigerator,https://alusteel.net/media/grxcakgd/فرن-عيش.jpg,"Alusteel For Hotel, Restaurant, kitchen Equipment",
https://alusteel.net/en/products/cold-lines/counter-refrigerator,https://alusteel.net/media/jkvbzvv4/فرن-تدخين.jpg,"Alusteel For Hotel, Restaurant, kitchen Equipment",
https://alusteel.net/en/products/cold-lines/counter-refrigerator,https://alusteel.net/media/lzvnpozm/شواية-فراخ-كهرباء.jpg,"Alusteel For Hotel, Restaurant, kitchen Equipment",
https://alusteel.net/en/products/cold-lines/salad-refrigerator,https://alusteel.net/media/ybinclav/ثلاجة-تحضير-بيتزا.jpg,"Alusteel For Hotel, Restaurant, kitchen Equipment - SALAD-REFRIGERATOR - Cold-Lines",
https://alusteel.net/en/products/cold-lines/salad-refrigerator,https://alusteel.net/media/gksf1phw/ثلاجـة-سلطات.jpg,"Alusteel For Hotel, Restaurant, kitchen Equipment - SALAD-REFRIGERATOR - Cold-Lines",
https://alusteel.net/en/products/cold-lines/salad-refrigerator,https://alusteel.net/media/s1cj4ls4/بان-مارى-اوفر-كونتر.jpg,"Alusteel For Hotel, Restaurant, kitchen Equipment",
https://alusteel.net/en/products/cold-lines/salad-refrigerator,https://alusteel.net/media/bxnlzecx/فرن-بيتزا-حطب-2.jpg,"Alusteel For Hotel, Restaurant, kitchen Equipment",
https://alusteel.net/en/products/cold-lines/salad-refrigerator,https://alusteel.net/media/vu4ng5ee/شوايات-حطب.jpg,"Alusteel For Hotel, Restaurant, kitchen Equipment",
https://alusteel.net/en/products/cold-lines/salad-refrigerator,https://alusteel.net/media/0k2n2u0d/شوايات-دوارة.jpg,"Alusteel For Hotel, Restaurant, kitchen Equipment",
https://alusteel.net/en/products/cold-lines/salad-refrigerator,https://alusteel.net/media/mg3h3bva/فرن-بطاطس-كومبير-2.jpg,"Alusteel For Hotel, Restaurant, kitchen Equipment",
https://alusteel.net/en/products/cold-lines/salad-refrigerator,https://alusteel.net/media/grxcakgd/فرن-عيش.jpg,"Alusteel For Hotel, Restaurant, kitchen Equipment",
https://alusteel.net/en/products/cold-lines/salad-refrigerator,https://alusteel.net/media/jkvbzvv4/فرن-تدخين.jpg,"Alusteel For Hotel, Restaurant, kitchen Equipment",
https://alusteel.net/en/products/cold-lines/salad-refrigerator,https://alusteel.net/media/lzvnpozm/شواية-فراخ-كهرباء.jpg,"Alusteel For Hotel, Restaurant, kitchen Equipment",
https://alusteel.net/en/products/cold-lines/upright-refrigerated,https://alusteel.net/media/4syhov2k/ثلاجة-رأسية-1-باب.jpg,"Alusteel For Hotel, Restaurant, kitchen Equipment - UPRIGHT-REFRIGERATED - Cold-Lines",
https://alusteel.net/en/products/cold-lines/upright-refrigerated,https://alusteel.net/media/kw2pjb03/ثلاجة-رأسية-2-باب.jpg,"Alusteel For Hotel, Restaurant, kitchen Equipment - UPRIGHT-REFRIGERATED - Cold-Lines",
https://alusteel.net/en/products/cold-lines/upright-refrigerated,https://alusteel.net/media/s1cj4ls4/بان-مارى-اوفر-كونتر.jpg,"Alusteel For Hotel, Restaurant, kitchen Equipment",
https://alusteel.net/en/products/cold-lines/upright-refrigerated,https://alusteel.net/media/bxnlzecx/فرن-بيتزا-حطب-2.jpg,"Alusteel For Hotel, Restaurant, kitchen Equipment",
https://alusteel.net/en/products/cold-lines/upright-refrigerated,https://alusteel.net/media/vu4ng5ee/شوايات-حطب.jpg,"Alusteel For Hotel, Restaurant, kitchen Equipment",
https://alusteel.net/en/products/cold-lines/upright-refrigerated,https://alusteel.net/media/0k2n2u0d/شوايات-دوارة.jpg,"Alusteel For Hotel, Restaurant, kitchen Equipment",
https://alusteel.net/en/products/cold-lines/upright-refrigerated,https://alusteel.net/media/mg3h3bva/فرن-بطاطس-كومبير-2.jpg,"Alusteel For Hotel, Restaurant, kitchen Equipment",
https://alusteel.net/en/products/cold-lines/upright-refrigerated,https://alusteel.net/media/grxcakgd/فرن-عيش.jpg,"Alusteel For Hotel, Restaurant, kitchen Equipment",
https://alusteel.net/en/products/cold-lines/upright-refrigerated,https://alusteel.net/media/jkvbzvv4/فرن-تدخين.jpg,"Alusteel For Hotel, Restaurant, kitchen Equipment",
https://alusteel.net/en/products/cold-lines/upright-refrigerated,https://alusteel.net/media/lzvnpozm/شواية-فراخ-كهرباء.jpg,"Alusteel For Hotel, Restaurant, kitchen Equipment",
https://alusteel.net/en/products/neutral,https://alusteel.net/media/beadbobt/22l.jpg,"Alusteel For Hotel, Restaurant, kitchen Equipment",
https://alusteel.net/en/products/neutral,https://alusteel.net/media/x35mfnky/24l.jpg,"Alusteel For Hotel, Restaurant, kitchen Equipment",
https://alusteel.net/en/products/neutral,https://alusteel.net/media/3u1jde1y/25l.jpg,"Alusteel For Hotel, Restaurant, kitchen Equipment",
https://alusteel.net/en/products/neutral,https://alusteel.net/media/szgegqut/26l.jpg,"Alusteel For Hotel, Restaurant, kitchen Equipment",
https://alusteel.net/en/products/neutral,https://alusteel.net/media/rlrlsnb0/27l.jpg,"Alusteel For Hotel, Restaurant, kitchen Equipment",
https://alusteel.net/en/products/neutral,https://alusteel.net/media/wi0lkbbu/28l.jpg,"Alusteel For Hotel, Restaurant, kitchen Equipment",
https://alusteel.net/en/products/neutral,https://alusteel.net/media/lvtdsvbg/29l.jpg,"Alusteel For Hotel, Restaurant, kitchen Equipment",
https://alusteel.net/en/products/neutral/cupboards,https://alusteel.net/media/ftwae4xu/62l.jpg,"Alusteel For Hotel, Restaurant, kitchen Equipment - CUPBOARDS - NEUTRAL",
https://alusteel.net/en/products/neutral/cupboards,https://alusteel.net/media/rdenbo0i/63l.jpg,"Alusteel For Hotel, Restaurant, kitchen Equipment - CUPBOARDS - NEUTRAL",
https://alusteel.net/en/products/neutral/cupboards,https://alusteel.net/media/ifhdu5lp/64l.jpg,"Alusteel For Hotel, Restaurant, kitchen Equipment - CUPBOARDS - NEUTRAL",
https://alusteel.net/en/products/neutral/cupboards,https://alusteel.net/media/5rvlfcj1/65l.jpg,"Alusteel For Hotel, Restaurant, kitchen Equipment - CUPBOARDS - NEUTRAL",
https://alusteel.net/en/products/neutral/cupboards,https://alusteel.net/media/lp0jlh3u/66l.jpg,"Alusteel For Hotel, Restaurant, kitchen Equipment - CUPBOARDS - NEUTRAL",
https://alusteel.net/en/products/neutral/cupboards,https://alusteel.net/media/tbjhmxnv/67l.jpg,"Alusteel For Hotel, Restaurant, kitchen Equipment - CUPBOARDS - NEUTRAL",
https://alusteel.net/en/products/neutral/cupboards,https://alusteel.net/media/v0jjmc54/68l.jpg,"Alusteel For Hotel, Restaurant, kitchen Equipment - CUPBOARDS - NEUTRAL",
https://alusteel.net/en/products/neutral/cupboards,https://alusteel.net/media/u2rfagyg/69l.jpg,"Alusteel For Hotel, Restaurant, kitchen Equipment - CUPBOARDS - NEUTRAL",
https://alusteel.net/en/products/neutral/cupboards,https://alusteel.net/media/jknda2l2/70l.jpg,"Alusteel For Hotel, Restaurant, kitchen Equipment - CUPBOARDS - NEUTRAL",
https://alusteel.net/en/products/neutral/cupboards,https://alusteel.net/umbraco/backoffice/UmbracoApi/Images/GetBigThumbnail?width=215&height=153&mode=max,62L (1),
https://alusteel.net/en/products/neutral/cupboards,https://alusteel.net/media/s1cj4ls4/بان-مارى-اوفر-كونتر.jpg,"Alusteel For Hotel, Restaurant, kitchen Equipment",
https://alusteel.net/en/products/neutral/cupboards,https://alusteel.net/media/bxnlzecx/فرن-بيتزا-حطب-2.jpg,"Alusteel For Hotel, Restaurant, kitchen Equipment",
https://alusteel.net/en/products/neutral/cupboards,https://alusteel.net/media/vu4ng5ee/شوايات-حطب.jpg,"Alusteel For Hotel, Restaurant, kitchen Equipment",
https://alusteel.net/en/products/neutral/cupboards,https://alusteel.net/media/0k2n2u0d/شوايات-دوارة.jpg,"Alusteel For Hotel, Restaurant, kitchen Equipment",
https://alusteel.net/en/products/neutral/cupboards,https://alusteel.net/media/mg3h3bva/فرن-بطاطس-كومبير-2.jpg,"Alusteel For Hotel, Restaurant, kitchen Equipment",
https://alusteel.net/en/products/neutral/cupboards,https://alusteel.net/media/grxcakgd/فرن-عيش.jpg,"Alusteel For Hotel, Restaurant, kitchen Equipment",
https://alusteel.net/en/products/neutral/cupboards,https://alusteel.net/media/jkvbzvv4/فرن-تدخين.jpg,"Alusteel For Hotel, Restaurant, kitchen Equipment",
https://alusteel.net/en/products/neutral/cupboards,https://alusteel.net/media/lzvnpozm/شواية-فراخ-كهرباء.jpg,"Alusteel For Hotel, Restaurant, kitchen Equipment",
https://alusteel.net/en/products/neutral/drains,https://alusteel.net/media/c0gfmywp/24l.jpg,"Alusteel For Hotel, Restaurant, kitchen Equipment - DRAINS - NEUTRAL",
https://alusteel.net/en/products/neutral/drains,https://alusteel.net/media/jwecjqt1/80l.jpg,"Alusteel For Hotel, Restaurant, kitchen Equipment - DRAINS - NEUTRAL",
https://alusteel.net/en/products/neutral/drains,https://alusteel.net/media/mgtg4vn5/81l.jpg,"Alusteel For Hotel, Restaurant, kitchen Equipment - DRAINS - NEUTRAL",
https://alusteel.net/en/products/neutral/drains,https://alusteel.net/media/2o5fusvd/83l.jpg,"Alusteel For Hotel, Restaurant, kitchen Equipment - DRAINS - NEUTRAL",
https://alusteel.net/en/products/neutral/drains,https://alusteel.net/media/s1cj4ls4/بان-مارى-اوفر-كونتر.jpg,"Alusteel For Hotel, Restaurant, kitchen Equipment",
https://alusteel.net/en/products/neutral/drains,https://alusteel.net/media/bxnlzecx/فرن-بيتزا-حطب-2.jpg,"Alusteel For Hotel, Restaurant, kitchen Equipment",
https://alusteel.net/en/products/neutral/drains,https://alusteel.net/media/vu4ng5ee/شوايات-حطب.jpg,"Alusteel For Hotel, Restaurant, kitchen Equipment",
https://alusteel.net/en/products/neutral/drains,https://alusteel.net/media/0k2n2u0d/شوايات-دوارة.jpg,"Alusteel For Hotel, Restaurant, kitchen Equipment",
https://alusteel.net/en/products/neutral/drains,https://alusteel.net/media/mg3h3bva/فرن-بطاطس-كومبير-2.jpg,"Alusteel For Hotel, Restaurant, kitchen Equipment",
https://alusteel.net/en/products/neutral/drains,https://alusteel.net/media/grxcakgd/فرن-عيش.jpg,"Alusteel For Hotel, Restaurant, kitchen Equipment",
https://alusteel.net/en/products/neutral/drains,https://alusteel.net/media/jkvbzvv4/فرن-تدخين.jpg,"Alusteel For Hotel, Restaurant, kitchen Equipment",
https://alusteel.net/en/products/neutral/drains,https://alusteel.net/media/lzvnpozm/شواية-فراخ-كهرباء.jpg,"Alusteel For Hotel, Restaurant, kitchen Equipment",
https://alusteel.net/en/products/neutral/kitchen-and-service-trolly,https://alusteel.net/media/dmrhr50b/25l.jpg,"Alusteel For Hotel, Restaurant, kitchen Equipment - KITCHEN-AND-SERVICE-TROLLY - NEUTRAL",
https://alusteel.net/en/products/neutral/kitchen-and-service-trolly,https://alusteel.net/media/k03f3nqb/88l.jpg,"Alusteel For Hotel, Restaurant, kitchen Equipment - KITCHEN-AND-SERVICE-TROLLY - NEUTRAL",
https://alusteel.net/en/products/neutral/kitchen-and-service-trolly,https://alusteel.net/media/ww5hvgay/89l.jpg,"Alusteel For Hotel, Restaurant, kitchen Equipment - KITCHEN-AND-SERVICE-TROLLY - NEUTRAL",
https://alusteel.net/en/products/neutral/kitchen-and-service-trolly,https://alusteel.net/media/dn1d02nn/90l.jpg,"Alusteel For Hotel, Restaurant, kitchen Equipment - KITCHEN-AND-SERVICE-TROLLY - NEUTRAL",
https://alusteel.net/en/products/neutral/kitchen-and-service-trolly,https://alusteel.net/media/s1cj4ls4/بان-مارى-اوفر-كونتر.jpg,"Alusteel For Hotel, Restaurant, kitchen Equipment",
https://alusteel.net/en/products/neutral/kitchen-and-service-trolly,https://alusteel.net/media/bxnlzecx/فرن-بيتزا-حطب-2.jpg,"Alusteel For Hotel, Restaurant, kitchen Equipment",
https://alusteel.net/en/products/neutral/kitchen-and-service-trolly,https://alusteel.net/media/vu4ng5ee/شوايات-حطب.jpg,"Alusteel For Hotel, Restaurant, kitchen Equipment",
https://alusteel.net/en/products/neutral/kitchen-and-service-trolly,https://alusteel.net/media/0k2n2u0d/شوايات-دوارة.jpg,"Alusteel For Hotel, Restaurant, kitchen Equipment",
https://alusteel.net/en/products/neutral/kitchen-and-service-trolly,https://alusteel.net/media/mg3h3bva/فرن-بطاطس-كومبير-2.jpg,"Alusteel For Hotel, Restaurant, kitchen Equipment",
https://alusteel.net/en/products/neutral/kitchen-and-service-trolly,https://alusteel.net/media/grxcakgd/فرن-عيش.jpg,"Alusteel For Hotel, Restaurant, kitchen Equipment",
https://alusteel.net/en/products/neutral/kitchen-and-service-trolly,https://alusteel.net/media/jkvbzvv4/فرن-تدخين.jpg,"Alusteel For Hotel, Restaurant, kitchen Equipment",
https://alusteel.net/en/products/neutral/kitchen-and-service-trolly,https://alusteel.net/media/lzvnpozm/شواية-فراخ-كهرباء.jpg,"Alusteel For Hotel, Restaurant, kitchen Equipment",
https://alusteel.net/en/products/neutral/work-tables,https://alusteel.net/media/ltudavr5/26l.jpg,"Alusteel For Hotel, Restaurant, kitchen Equipment - WORK-TABLES - NEUTRAL",
https://alusteel.net/en/products/neutral/work-tables,https://alusteel.net/media/uqndwz31/96l.jpg,"Alusteel For Hotel, Restaurant, kitchen Equipment - WORK-TABLES - NEUTRAL",
https://alusteel.net/en/products/neutral/work-tables,https://alusteel.net/media/sqafwelc/97l.jpg,"Alusteel For Hotel, Restaurant, kitchen Equipment - WORK-TABLES - NEUTRAL",
https://alusteel.net/en/products/neutral/work-tables,https://alusteel.net/media/4hklhpn3/98l.jpg,"Alusteel For Hotel, Restaurant, kitchen Equipment - WORK-TABLES - NEUTRAL",
https://alusteel.net/en/products/neutral/work-tables,https://alusteel.net/media/sg0bbisf/99l.jpg,"Alusteel For Hotel, Restaurant, kitchen Equipment - WORK-TABLES - NEUTRAL",
https://alusteel.net/en/products/neutral/work-tables,https://alusteel.net/media/lxifwk1b/100l.jpg,"Alusteel For Hotel, Restaurant, kitchen Equipment - WORK-TABLES - NEUTRAL",
https://alusteel.net/en/products/neutral/work-tables,https://alusteel.net/media/z3mlzfm4/101l.jpg,"Alusteel For Hotel, Restaurant, kitchen Equipment - WORK-TABLES - NEUTRAL",
https://alusteel.net/en/products/neutral/work-tables,https://alusteel.net/media/i22pzbbk/102l.jpg,"Alusteel For Hotel, Restaurant, kitchen Equipment - WORK-TABLES - NEUTRAL",
https://alusteel.net/en/products/neutral/work-tables,https://alusteel.net/media/c5cfjrft/103l.jpg,"Alusteel For Hotel, Restaurant, kitchen Equipment - WORK-TABLES - NEUTRAL",
https://alusteel.net/en/products/neutral/work-tables,https://alusteel.net/media/2x4hfguy/104l.jpg,"Alusteel For Hotel, Restaurant, kitchen Equipment - WORK-TABLES - NEUTRAL",
https://alusteel.net/en/products/neutral/work-tables,https://alusteel.net/media/s1cj4ls4/بان-مارى-اوفر-كونتر.jpg,"Alusteel For Hotel, Restaurant, kitchen Equipment",
https://alusteel.net/en/products/neutral/work-tables,https://alusteel.net/media/bxnlzecx/فرن-بيتزا-حطب-2.jpg,"Alusteel For Hotel, Restaurant, kitchen Equipment",
https://alusteel.net/en/products/neutral/work-tables,https://alusteel.net/media/vu4ng5ee/شوايات-حطب.jpg,"Alusteel For Hotel, Restaurant, kitchen Equipment",
https://alusteel.net/en/products/neutral/work-tables,https://alusteel.net/media/0k2n2u0d/شوايات-دوارة.jpg,"Alusteel For Hotel, Restaurant, kitchen Equipment",
https://alusteel.net/en/products/neutral/work-tables,https://alusteel.net/media/mg3h3bva/فرن-بطاطس-كومبير-2.jpg,"Alusteel For Hotel, Restaurant, kitchen Equipment",
https://alusteel.net/en/products/neutral/work-tables,https://alusteel.net/media/grxcakgd/فرن-عيش.jpg,"Alusteel For Hotel, Restaurant, kitchen Equipment",
https://alusteel.net/en/products/neutral/work-tables,https://alusteel.net/media/jkvbzvv4/فرن-تدخين.jpg,"Alusteel For Hotel, Restaurant, kitchen Equipment",
https://alusteel.net/en/products/neutral/work-tables,https://alusteel.net/media/lzvnpozm/شواية-فراخ-كهرباء.jpg,"Alusteel For Hotel, Restaurant, kitchen Equipment",
https://alusteel.net/en/products/neutral/shelving-units,https://alusteel.net/media/0uzobgks/114l.jpg,"Alusteel For Hotel, Restaurant, kitchen Equipment - SHELVING-UNITS - NEUTRAL",
https://alusteel.net/en/products/neutral/shelving-units,https://alusteel.net/media/vbplw2ud/115l.jpg,"Alusteel For Hotel, Restaurant, kitchen Equipment - SHELVING-UNITS - NEUTRAL",
https://alusteel.net/en/products/neutral/shelving-units,https://alusteel.net/media/uomj5koj/116l.jpg,"Alusteel For Hotel, Restaurant, kitchen Equipment - SHELVING-UNITS - NEUTRAL",
https://alusteel.net/en/products/neutral/shelving-units,https://alusteel.net/media/s1cj4ls4/بان-مارى-اوفر-كونتر.jpg,"Alusteel For Hotel, Restaurant, kitchen Equipment",
https://alusteel.net/en/products/neutral/shelving-units,https://alusteel.net/media/bxnlzecx/فرن-بيتزا-حطب-2.jpg,"Alusteel For Hotel, Restaurant, kitchen Equipment",
https://alusteel.net/en/products/neutral/shelving-units,https://alusteel.net/media/vu4ng5ee/شوايات-حطب.jpg,"Alusteel For Hotel, Restaurant, kitchen Equipment",
https://alusteel.net/en/products/neutral/shelving-units,https://alusteel.net/media/0k2n2u0d/شوايات-دوارة.jpg,"Alusteel For Hotel, Restaurant, kitchen Equipment",
https://alusteel.net/en/products/neutral/shelving-units,https://alusteel.net/media/mg3h3bva/فرن-بطاطس-كومبير-2.jpg,"Alusteel For Hotel, Restaurant, kitchen Equipment",
https://alusteel.net/en/products/neutral/shelving-units,https://alusteel.net/media/grxcakgd/فرن-عيش.jpg,"Alusteel For Hotel, Restaurant, kitchen Equipment",
https://alusteel.net/en/products/neutral/shelving-units,https://alusteel.net/media/jkvbzvv4/فرن-تدخين.jpg,"Alusteel For Hotel, Restaurant, kitchen Equipment",
https://alusteel.net/en/products/neutral/shelving-units,https://alusteel.net/media/lzvnpozm/شواية-فراخ-كهرباء.jpg,"Alusteel For Hotel, Restaurant, kitchen Equipment",
https://alusteel.net/en/products/neutral/ventlation-hood,https://alusteel.net/media/h4ob43st/28l.jpg,"Alusteel For Hotel, Restaurant, kitchen Equipment - VENTLATION-HOOD - NEUTRAL",
https://alusteel.net/en/products/neutral/ventlation-hood,https://alusteel.net/media/34nbhqru/120l.jpg,"Alusteel For Hotel, Restaurant, kitchen Equipment - VENTLATION-HOOD - NEUTRAL",
https://alusteel.net/en/products/neutral/ventlation-hood,https://alusteel.net/media/ebwhah0q/121l-1.jpg,"Alusteel For Hotel, Restaurant, kitchen Equipment - VENTLATION-HOOD - NEUTRAL",
https://alusteel.net/en/products/neutral/ventlation-hood,https://alusteel.net/media/knrosz44/121l.jpg,"Alusteel For Hotel, Restaurant, kitchen Equipment - VENTLATION-HOOD - NEUTRAL",
https://alusteel.net/en/products/neutral/ventlation-hood,https://alusteel.net/media/scgi42pt/122l-1.jpg,"Alusteel For Hotel, Restaurant, kitchen Equipment - VENTLATION-HOOD - NEUTRAL",
https://alusteel.net/en/products/neutral/ventlation-hood,https://alusteel.net/media/cynbuna0/123l.jpg,"Alusteel For Hotel, Restaurant, kitchen Equipment - VENTLATION-HOOD - NEUTRAL",
https://alusteel.net/en/products/neutral/ventlation-hood,https://alusteel.net/media/gdwaf0hn/124l.jpg,"Alusteel For Hotel, Restaurant, kitchen Equipment - VENTLATION-HOOD - NEUTRAL",
https://alusteel.net/en/products/neutral/ventlation-hood,https://alusteel.net/media/ccmd2a1k/127l.jpg,"Alusteel For Hotel, Restaurant, kitchen Equipment - VENTLATION-HOOD - NEUTRAL",
https://alusteel.net/en/products/neutral/ventlation-hood,https://alusteel.net/media/diejaoam/128l.jpg,"Alusteel For Hotel, Restaurant, kitchen Equipment - VENTLATION-HOOD - NEUTRAL",
https://alusteel.net/en/products/neutral/ventlation-hood,https://alusteel.net/umbraco/backoffice/UmbracoApi/Images/GetBigThumbnail?originalImagePath=%2Fmedia%2Fdiejaoam%2F128l.jpg&rnd=0.8239212659341741,128L (1),
https://alusteel.net/en/products/neutral/ventlation-hood,https://alusteel.net/media/s1cj4ls4/بان-مارى-اوفر-كونتر.jpg,"Alusteel For Hotel, Restaurant, kitchen Equipment",
https://alusteel.net/en/products/neutral/ventlation-hood,https://alusteel.net/media/bxnlzecx/فرن-بيتزا-حطب-2.jpg,"Alusteel For Hotel, Restaurant, kitchen Equipment",
https://alusteel.net/en/products/neutral/ventlation-hood,https://alusteel.net/media/vu4ng5ee/شوايات-حطب.jpg,"Alusteel For Hotel, Restaurant, kitchen Equipment",
https://alusteel.net/en/products/neutral/ventlation-hood,https://alusteel.net/media/0k2n2u0d/شوايات-دوارة.jpg,"Alusteel For Hotel, Restaurant, kitchen Equipment",
https://alusteel.net/en/products/neutral/ventlation-hood,https://alusteel.net/media/mg3h3bva/فرن-بطاطس-كومبير-2.jpg,"Alusteel For Hotel, Restaurant, kitchen Equipment",
https://alusteel.net/en/products/neutral/ventlation-hood,https://alusteel.net/media/grxcakgd/فرن-عيش.jpg,"Alusteel For Hotel, Restaurant, kitchen Equipment",
https://alusteel.net/en/products/neutral/ventlation-hood,https://alusteel.net/media/jkvbzvv4/فرن-تدخين.jpg,"Alusteel For Hotel, Restaurant, kitchen Equipment",
https://alusteel.net/en/products/neutral/ventlation-hood,https://alusteel.net/media/lzvnpozm/شواية-فراخ-كهرباء.jpg,"Alusteel For Hotel, Restaurant, kitchen Equipment",
https://alusteel.net/en/products/neutral/sink-units,https://alusteel.net/media/lxsdvmvs/29l.jpg,"Alusteel For Hotel, Restaurant, kitchen Equipment - SINK-UNITS - NEUTRAL",
https://alusteel.net/en/products/neutral/sink-units,https://alusteel.net/media/am5bq3gr/136l.jpg,"Alusteel For Hotel, Restaurant, kitchen Equipment - SINK-UNITS - NEUTRAL",
https://alusteel.net/en/products/neutral/sink-units,https://alusteel.net/media/hifdgz2j/137l.jpg,"Alusteel For Hotel, Restaurant, kitchen Equipment - SINK-UNITS - NEUTRAL",
https://alusteel.net/en/products/neutral/sink-units,https://alusteel.net/media/l3tlafjs/138l.jpg,"Alusteel For Hotel, Restaurant, kitchen Equipment - SINK-UNITS - NEUTRAL",
https://alusteel.net/en/products/neutral/sink-units,https://alusteel.net/media/sqhbdd2u/139l.jpg,"Alusteel For Hotel, Restaurant, kitchen Equipment - SINK-UNITS - NEUTRAL",
https://alusteel.net/en/products/neutral/sink-units,https://alusteel.net/media/qxsnpduh/140l.jpg,"Alusteel For Hotel, Restaurant, kitchen Equipment - SINK-UNITS - NEUTRAL",
https://alusteel.net/en/products/neutral/sink-units,https://alusteel.net/media/z1tpzwyw/141l.jpg,"Alusteel For Hotel, Restaurant, kitchen Equipment - SINK-UNITS - NEUTRAL",
https://alusteel.net/en/products/neutral/sink-units,https://alusteel.net/media/kd1g3mv5/142l.jpg,"Alusteel For Hotel, Restaurant, kitchen Equipment - SINK-UNITS - NEUTRAL",
https://alusteel.net/en/products/neutral/sink-units,https://alusteel.net/media/xmbhnnrh/143l.jpg,"Alusteel For Hotel, Restaurant, kitchen Equipment - SINK-UNITS - NEUTRAL",
https://alusteel.net/en/products/neutral/sink-units,https://alusteel.net/media/1mfibg3r/144l.jpg,"Alusteel For Hotel, Restaurant, kitchen Equipment - SINK-UNITS - NEUTRAL",
https://alusteel.net/en/products/neutral/sink-units,https://alusteel.net/umbraco/backoffice/UmbracoApi/Images/GetBigThumbnail?width=178&height=140&mode=max,141L (1),
https://alusteel.net/en/products/neutral/sink-units,https://alusteel.net/umbraco/backoffice/UmbracoApi/Images/GetBigThumbnail?width=170&height=131&mode=max,140L (1),
https://alusteel.net/en/products/neutral/sink-units,https://alusteel.net/media/s1cj4ls4/بان-مارى-اوفر-كونتر.jpg,"Alusteel For Hotel, Restaurant, kitchen Equipment",
https://alusteel.net/en/products/neutral/sink-units,https://alusteel.net/media/bxnlzecx/فرن-بيتزا-حطب-2.jpg,"Alusteel For Hotel, Restaurant, kitchen Equipment",
https://alusteel.net/en/products/neutral/sink-units,https://alusteel.net/media/vu4ng5ee/شوايات-حطب.jpg,"Alusteel For Hotel, Restaurant, kitchen Equipment",
https://alusteel.net/en/products/neutral/sink-units,https://alusteel.net/media/0k2n2u0d/شوايات-دوارة.jpg,"Alusteel For Hotel, Restaurant, kitchen Equipment",
https://alusteel.net/en/products/neutral/sink-units,https://alusteel.net/media/mg3h3bva/فرن-بطاطس-كومبير-2.jpg,"Alusteel For Hotel, Restaurant, kitchen Equipment",
https://alusteel.net/en/products/neutral/sink-units,https://alusteel.net/media/grxcakgd/فرن-عيش.jpg,"Alusteel For Hotel, Restaurant, kitchen Equipment",
https://alusteel.net/en/products/neutral/sink-units,https://alusteel.net/media/jkvbzvv4/فرن-تدخين.jpg,"Alusteel For Hotel, Restaurant, kitchen Equipment",
https://alusteel.net/en/products/neutral/sink-units,https://alusteel.net/media/lzvnpozm/شواية-فراخ-كهرباء.jpg,"Alusteel For Hotel, Restaurant, kitchen Equipment",
https://alusteel.net/en/products/premium-products,https://alusteel.net/media/bxnlzecx/فرن-بيتزا-حطب-2.jpg,"Alusteel For Hotel, Restaurant, kitchen Equipment",
https://alusteel.net/en/products/premium-products,https://alusteel.net/media/vu4ng5ee/شوايات-حطب.jpg,"Alusteel For Hotel, Restaurant, kitchen Equipment",
https://alusteel.net/en/products/premium-products,https://alusteel.net/media/0k2n2u0d/شوايات-دوارة.jpg,"Alusteel For Hotel, Restaurant, kitchen Equipment",
https://alusteel.net/en/products/premium-products,https://alusteel.net/media/mg3h3bva/فرن-بطاطس-كومبير-2.jpg,"Alusteel For Hotel, Restaurant, kitchen Equipment",
https://alusteel.net/en/products/premium-products,https://alusteel.net/media/grxcakgd/فرن-عيش.jpg,"Alusteel For Hotel, Restaurant, kitchen Equipment",
https://alusteel.net/en/products/premium-products,https://alusteel.net/media/jkvbzvv4/فرن-تدخين.jpg,"Alusteel For Hotel, Restaurant, kitchen Equipment",
https://alusteel.net/en/products/premium-products,https://alusteel.net/media/lzvnpozm/شواية-فراخ-كهرباء.jpg,"Alusteel For Hotel, Restaurant, kitchen Equipment",
https://alusteel.net/en/products/premium-products/wood-fired-pizza-oven,https://alusteel.net/media/zefbvzum/فرن-بيتزا-حطب-1.jpg,"Alusteel For Hotel, Restaurant, kitchen Equipment - Wood-fired Pizza Oven - Premium products",
https://alusteel.net/en/products/premium-products/wood-fired-pizza-oven,https://alusteel.net/media/otdaablv/فرن-بيتزا-حطب-3.jpg,"Alusteel For Hotel, Restaurant, kitchen Equipment - Wood-fired Pizza Oven - Premium products",
https://alusteel.net/en/products/premium-products/wood-fired-pizza-oven,https://alusteel.net/media/ka1hr2gu/فرن-بيتزا-حطب-5.jpg,"Alusteel For Hotel, Restaurant, kitchen Equipment - Wood-fired Pizza Oven - Premium products",
https://alusteel.net/en/products/premium-products/wood-fired-pizza-oven,https://alusteel.net/media/sa1dk0gp/فرن-بيتزا-حطب-4.jpg,"Alusteel For Hotel, Restaurant, kitchen Equipment - Wood-fired Pizza Oven - Premium products",
https://alusteel.net/en/products/premium-products/wood-fired-pizza-oven,https://alusteel.net/media/dacphpby/احدث-فرن-بيتزا.jpg,"Alusteel For Hotel, Restaurant, kitchen Equipment - Wood-fired Pizza Oven - Premium products",
https://alusteel.net/en/products/premium-products/wood-fired-pizza-oven,https://alusteel.net/media/s1cj4ls4/بان-مارى-اوفر-كونتر.jpg,"Alusteel For Hotel, Restaurant, kitchen Equipment",
https://alusteel.net/en/products/premium-products/wood-fired-pizza-oven,https://alusteel.net/media/bxnlzecx/فرن-بيتزا-حطب-2.jpg,"Alusteel For Hotel, Restaurant, kitchen Equipment",
https://alusteel.net/en/products/premium-products/wood-fired-pizza-oven,https://alusteel.net/media/vu4ng5ee/شوايات-حطب.jpg,"Alusteel For Hotel, Restaurant, kitchen Equipment",
https://alusteel.net/en/products/premium-products/wood-fired-pizza-oven,https://alusteel.net/media/0k2n2u0d/شوايات-دوارة.jpg,"Alusteel For Hotel, Restaurant, kitchen Equipment",
https://alusteel.net/en/products/premium-products/wood-fired-pizza-oven,https://alusteel.net/media/mg3h3bva/فرن-بطاطس-كومبير-2.jpg,"Alusteel For Hotel, Restaurant, kitchen Equipment",
https://alusteel.net/en/products/premium-products/wood-fired-pizza-oven,https://alusteel.net/media/grxcakgd/فرن-عيش.jpg,"Alusteel For Hotel, Restaurant, kitchen Equipment",
https://alusteel.net/en/products/premium-products/wood-fired-pizza-oven,https://alusteel.net/media/jkvbzvv4/فرن-تدخين.jpg,"Alusteel For Hotel, Restaurant, kitchen Equipment",
https://alusteel.net/en/products/premium-products/wood-fired-pizza-oven,https://alusteel.net/media/lzvnpozm/شواية-فراخ-كهرباء.jpg,"Alusteel For Hotel, Restaurant, kitchen Equipment",
https://alusteel.net/en/products/premium-products/wood-fired-grills,https://alusteel.net/media/vu4ng5ee/شوايات-حطب.jpg,"Alusteel For Hotel, Restaurant, kitchen Equipment - Wood-fired grills - Premium products",
https://alusteel.net/en/products/premium-products/wood-fired-grills,https://alusteel.net/media/fxhodoaj/شواية-فراخ-برازيلي.jpg,"Alusteel For Hotel, Restaurant, kitchen Equipment - Wood-fired grills - Premium products",
https://alusteel.net/en/products/premium-products/wood-fired-grills,https://alusteel.net/media/s1cj4ls4/بان-مارى-اوفر-كونتر.jpg,"Alusteel For Hotel, Restaurant, kitchen Equipment",
https://alusteel.net/en/products/premium-products/wood-fired-grills,https://alusteel.net/media/bxnlzecx/فرن-بيتزا-حطب-2.jpg,"Alusteel For Hotel, Restaurant, kitchen Equipment",
https://alusteel.net/en/products/premium-products/wood-fired-grills,https://alusteel.net/media/0k2n2u0d/شوايات-دوارة.jpg,"Alusteel For Hotel, Restaurant, kitchen Equipment",
https://alusteel.net/en/products/premium-products/wood-fired-grills,https://alusteel.net/media/mg3h3bva/فرن-بطاطس-كومبير-2.jpg,"Alusteel For Hotel, Restaurant, kitchen Equipment",
https://alusteel.net/en/products/premium-products/wood-fired-grills,https://alusteel.net/media/grxcakgd/فرن-عيش.jpg,"Alusteel For Hotel, Restaurant, kitchen Equipment",
https://alusteel.net/en/products/premium-products/wood-fired-grills,https://alusteel.net/media/jkvbzvv4/فرن-تدخين.jpg,"Alusteel For Hotel, Restaurant, kitchen Equipment",
https://alusteel.net/en/products/premium-products/wood-fired-grills,https://alusteel.net/media/lzvnpozm/شواية-فراخ-كهرباء.jpg,"Alusteel For Hotel, Restaurant, kitchen Equipment",
https://alusteel.net/en/products/premium-products/chicken-rotation-gas-and-wood-fire,https://alusteel.net/media/crmgovdm/شوايات-دوارة-2.jpg,"Alusteel For Hotel, Restaurant, kitchen Equipment - Chicken Rotation Gas and Wood Fire - Premium products",
https://alusteel.net/en/products/premium-products/chicken-rotation-gas-and-wood-fire,https://alusteel.net/media/0k2n2u0d/شوايات-دوارة.jpg,"Alusteel For Hotel, Restaurant, kitchen Equipment - Chicken Rotation Gas and Wood Fire - Premium products",
https://alusteel.net/en/products/premium-products/chicken-rotation-gas-and-wood-fire,https://alusteel.net/media/s1cj4ls4/بان-مارى-اوفر-كونتر.jpg,"Alusteel For Hotel, Restaurant, kitchen Equipment",
https://alusteel.net/en/products/premium-products/chicken-rotation-gas-and-wood-fire,https://alusteel.net/media/bxnlzecx/فرن-بيتزا-حطب-2.jpg,"Alusteel For Hotel, Restaurant, kitchen Equipment",
https://alusteel.net/en/products/premium-products/chicken-rotation-gas-and-wood-fire,https://alusteel.net/media/vu4ng5ee/شوايات-حطب.jpg,"Alusteel For Hotel, Restaurant, kitchen Equipment",
https://alusteel.net/en/products/premium-products/chicken-rotation-gas-and-wood-fire,https://alusteel.net/media/mg3h3bva/فرن-بطاطس-كومبير-2.jpg,"Alusteel For Hotel, Restaurant, kitchen Equipment",
https://alusteel.net/en/products/premium-products/chicken-rotation-gas-and-wood-fire,https://alusteel.net/media/grxcakgd/فرن-عيش.jpg,"Alusteel For Hotel, Restaurant, kitchen Equipment",
https://alusteel.net/en/products/premium-products/chicken-rotation-gas-and-wood-fire,https://alusteel.net/media/jkvbzvv4/فرن-تدخين.jpg,"Alusteel For Hotel, Restaurant, kitchen Equipment",
https://alusteel.net/en/products/premium-products/chicken-rotation-gas-and-wood-fire,https://alusteel.net/media/lzvnpozm/شواية-فراخ-كهرباء.jpg,"Alusteel For Hotel, Restaurant, kitchen Equipment",
https://alusteel.net/en/products/premium-products/potato-kumpir-oven,https://alusteel.net/media/v0ma0bjs/فرن-كومبير-للبطاطـس.jpg,"Alusteel For Hotel, Restaurant, kitchen Equipment - Potato Kumpir Oven - Premium products",
https://alusteel.net/en/products/premium-products/potato-kumpir-oven,https://alusteel.net/media/mg3h3bva/فرن-بطاطس-كومبير-2.jpg,"Alusteel For Hotel, Restaurant, kitchen Equipment - Potato Kumpir Oven - Premium products",
https://alusteel.net/en/products/premium-products/potato-kumpir-oven,https://alusteel.net/media/s1cj4ls4/بان-مارى-اوفر-كونتر.jpg,"Alusteel For Hotel, Restaurant, kitchen Equipment",
https://alusteel.net/en/products/premium-products/potato-kumpir-oven,https://alusteel.net/media/bxnlzecx/فرن-بيتزا-حطب-2.jpg,"Alusteel For Hotel, Restaurant, kitchen Equipment",
https://alusteel.net/en/products/premium-products/potato-kumpir-oven,https://alusteel.net/media/vu4ng5ee/شوايات-حطب.jpg,"Alusteel For Hotel, Restaurant, kitchen Equipment",
https://alusteel.net/en/products/premium-products/potato-kumpir-oven,https://alusteel.net/media/0k2n2u0d/شوايات-دوارة.jpg,"Alusteel For Hotel, Restaurant, kitchen Equipment",
https://alusteel.net/en/products/premium-products/potato-kumpir-oven,https://alusteel.net/media/grxcakgd/فرن-عيش.jpg,"Alusteel For Hotel, Restaurant, kitchen Equipment",
https://alusteel.net/en/products/premium-products/potato-kumpir-oven,https://alusteel.net/media/jkvbzvv4/فرن-تدخين.jpg,"Alusteel For Hotel, Restaurant, kitchen Equipment",
https://alusteel.net/en/products/premium-products/potato-kumpir-oven,https://alusteel.net/media/lzvnpozm/شواية-فراخ-كهرباء.jpg,"Alusteel For Hotel, Restaurant, kitchen Equipment",
https://alusteel.net/en/products/premium-products/bread-oven,https://alusteel.net/media/grxcakgd/فرن-عيش.jpg,"Alusteel For Hotel, Restaurant, kitchen Equipment - Bread Oven - Premium products",
https://alusteel.net/en/products/premium-products/bread-oven,https://alusteel.net/media/s1cj4ls4/بان-مارى-اوفر-كونتر.jpg,"Alusteel For Hotel, Restaurant, kitchen Equipment",
https://alusteel.net/en/products/premium-products/bread-oven,https://alusteel.net/media/bxnlzecx/فرن-بيتزا-حطب-2.jpg,"Alusteel For Hotel, Restaurant, kitchen Equipment",
https://alusteel.net/en/products/premium-products/bread-oven,https://alusteel.net/media/vu4ng5ee/شوايات-حطب.jpg,"Alusteel For Hotel, Restaurant, kitchen Equipment",
https://alusteel.net/en/products/premium-products/bread-oven,https://alusteel.net/media/0k2n2u0d/شوايات-دوارة.jpg,"Alusteel For Hotel, Restaurant, kitchen Equipment",
https://alusteel.net/en/products/premium-products/bread-oven,https://alusteel.net/media/mg3h3bva/فرن-بطاطس-كومبير-2.jpg,"Alusteel For Hotel, Restaurant, kitchen Equipment",
https://alusteel.net/en/products/premium-products/bread-oven,https://alusteel.net/media/jkvbzvv4/فرن-تدخين.jpg,"Alusteel For Hotel, Restaurant, kitchen Equipment",
https://alusteel.net/en/products/premium-products/bread-oven,https://alusteel.net/media/lzvnpozm/شواية-فراخ-كهرباء.jpg,"Alusteel For Hotel, Restaurant, kitchen Equipment",
https://alusteel.net/en/products/premium-products/smoker-oven,https://alusteel.net/media/jkvbzvv4/فرن-تدخين.jpg,"Alusteel For Hotel, Restaurant, kitchen Equipment - Smoker oven - Premium products",
https://alusteel.net/en/products/premium-products/smoker-oven,https://alusteel.net/media/s1cj4ls4/بان-مارى-اوفر-كونتر.jpg,"Alusteel For Hotel, Restaurant, kitchen Equipment",
https://alusteel.net/en/products/premium-products/smoker-oven,https://alusteel.net/media/bxnlzecx/فرن-بيتزا-حطب-2.jpg,"Alusteel For Hotel, Restaurant, kitchen Equipment",
https://alusteel.net/en/products/premium-products/smoker-oven,https://alusteel.net/media/vu4ng5ee/شوايات-حطب.jpg,"Alusteel For Hotel, Restaurant, kitchen Equipment",
https://alusteel.net/en/products/premium-products/smoker-oven,https://alusteel.net/media/0k2n2u0d/شوايات-دوارة.jpg,"Alusteel For Hotel, Restaurant, kitchen Equipment",
https://alusteel.net/en/products/premium-products/smoker-oven,https://alusteel.net/media/mg3h3bva/فرن-بطاطس-كومبير-2.jpg,"Alusteel For Hotel, Restaurant, kitchen Equipment",
https://alusteel.net/en/products/premium-products/smoker-oven,https://alusteel.net/media/grxcakgd/فرن-عيش.jpg,"Alusteel For Hotel, Restaurant, kitchen Equipment",
https://alusteel.net/en/products/premium-products/smoker-oven,https://alusteel.net/media/lzvnpozm/شواية-فراخ-كهرباء.jpg,"Alusteel For Hotel, Restaurant, kitchen Equipment",
https://alusteel.net/en/products/premium-products/electric-chicken-grill,https://alusteel.net/media/lzvnpozm/شواية-فراخ-كهرباء.jpg,"Alusteel For Hotel, Restaurant, kitchen Equipment - Electric chicken grill - Premium products",
https://alusteel.net/en/products/premium-products/electric-chicken-grill,https://alusteel.net/media/s1cj4ls4/بان-مارى-اوفر-كونتر.jpg,"Alusteel For Hotel, Restaurant, kitchen Equipment",
https://alusteel.net/en/products/premium-products/electric-chicken-grill,https://alusteel.net/media/bxnlzecx/فرن-بيتزا-حطب-2.jpg,"Alusteel For Hotel, Restaurant, kitchen Equipment",
https://alusteel.net/en/products/premium-products/electric-chicken-grill,https://alusteel.net/media/vu4ng5ee/شوايات-حطب.jpg,"Alusteel For Hotel, Restaurant, kitchen Equipment",
https://alusteel.net/en/products/premium-products/electric-chicken-grill,https://alusteel.net/media/0k2n2u0d/شوايات-دوارة.jpg,"Alusteel For Hotel, Restaurant, kitchen Equipment",
https://alusteel.net/en/products/premium-products/electric-chicken-grill,https://alusteel.net/media/mg3h3bva/فرن-بطاطس-كومبير-2.jpg,"Alusteel For Hotel, Restaurant, kitchen Equipment",
https://alusteel.net/en/products/premium-products/electric-chicken-grill,https://alusteel.net/media/grxcakgd/فرن-عيش.jpg,"Alusteel For Hotel, Restaurant, kitchen Equipment",
https://alusteel.net/en/products/premium-products/electric-chicken-grill,https://alusteel.net/media/jkvbzvv4/فرن-تدخين.jpg,"Alusteel For Hotel, Restaurant, kitchen Equipment",
https://alusteel.net/en/products/buffets,https://alusteel.net/media/l3bp2aqj/بوفيه-1.jpg,"Alusteel For Hotel, Restaurant, kitchen Equipment",
https://alusteel.net/en/products/buffets/buffet-multiple-types,https://alusteel.net/media/l3bp2aqj/بوفيه-1.jpg,"Alusteel For Hotel, Restaurant, kitchen Equipment - Buffet (multiple types) - buffets",
https://alusteel.net/en/products/buffets/buffet-multiple-types,https://alusteel.net/media/y5dngbuh/بوفيه-كهرباء-باستا-كوكر-و-موقد-كهرباء-2-بلاطة.jpg,"Alusteel For Hotel, Restaurant, kitchen Equipment - Buffet (multiple types) - buffets",
https://alusteel.net/en/products/buffets/buffet-multiple-types,https://alusteel.net/media/s1cj4ls4/بان-مارى-اوفر-كونتر.jpg,"Alusteel For Hotel, Restaurant, kitchen Equipment",
https://alusteel.net/en/products/buffets/buffet-multiple-types,https://alusteel.net/media/bxnlzecx/فرن-بيتزا-حطب-2.jpg,"Alusteel For Hotel, Restaurant, kitchen Equipment",
https://alusteel.net/en/products/buffets/buffet-multiple-types,https://alusteel.net/media/vu4ng5ee/شوايات-حطب.jpg,"Alusteel For Hotel, Restaurant, kitchen Equipment",
https://alusteel.net/en/products/buffets/buffet-multiple-types,https://alusteel.net/media/0k2n2u0d/شوايات-دوارة.jpg,"Alusteel For Hotel, Restaurant, kitchen Equipment",
https://alusteel.net/en/products/buffets/buffet-multiple-types,https://alusteel.net/media/mg3h3bva/فرن-بطاطس-كومبير-2.jpg,"Alusteel For Hotel, Restaurant, kitchen Equipment",
https://alusteel.net/en/products/buffets/buffet-multiple-types,https://alusteel.net/media/grxcakgd/فرن-عيش.jpg,"Alusteel For Hotel, Restaurant, kitchen Equipment",
https://alusteel.net/en/products/buffets/buffet-multiple-types,https://alusteel.net/media/jkvbzvv4/فرن-تدخين.jpg,"Alusteel For Hotel, Restaurant, kitchen Equipment",
https://alusteel.net/en/products/buffets/buffet-multiple-types,https://alusteel.net/media/lzvnpozm/شواية-فراخ-كهرباء.jpg,"Alusteel For Hotel, Restaurant, kitchen Equipment",
https://alusteel.net/en/products/snake-line,https://alusteel.net/media/s1cj4ls4/بان-مارى-اوفر-كونتر.jpg,"Alusteel For Hotel, Restaurant, kitchen Equipment",
https://alusteel.net/en/products/snake-line,https://alusteel.net/media/g3innvhb/بوتجاز-2-شعلة-اوفر-كونتر.jpg,"Alusteel For Hotel, Restaurant, kitchen Equipment",
https://alusteel.net/en/products/snake-line,https://alusteel.net/media/2jyfm01p/جريل-اوفر-كونتر.jpg,"Alusteel For Hotel, Restaurant, kitchen Equipment",
https://alusteel.net/en/products/snake-line,https://alusteel.net/media/fmjbevps/باستا-كوكر-اوفر-كونتر.jpg,"Alusteel For Hotel, Restaurant, kitchen Equipment",
https://alusteel.net/en/products/snake-line,https://alusteel.net/media/y1xg14zj/دامب-ستيشن-بطاطس.jpg,"Alusteel For Hotel, Restaurant, kitchen Equipment",
https://alusteel.net/en/products/snake-line,https://alusteel.net/media/tdmdovab/قلاية-1-عين-اوفر-كونتر.jpg,"Alusteel For Hotel, Restaurant, kitchen Equipment",
https://alusteel.net/en/products/snake-line,https://alusteel.net/media/ccfepx3p/اوفر-كونتر-موقد-2-بلاطة.jpg,"Alusteel For Hotel, Restaurant, kitchen Equipment",
https://alusteel.net/en/products/snake-line/bain-marie-counter-capacity-gn-1-1,https://alusteel.net/media/s1cj4ls4/بان-مارى-اوفر-كونتر.jpg,"Alusteel For Hotel, Restaurant, kitchen Equipment - Bain Marie Counter Capacity GN 1/1 - Snake Line",
https://alusteel.net/en/products/snake-line/bain-marie-counter-capacity-gn-1-1,https://alusteel.net/media/bxnlzecx/فرن-بيتزا-حطب-2.jpg,"Alusteel For Hotel, Restaurant, kitchen Equipment",
https://alusteel.net/en/products/snake-line/bain-marie-counter-capacity-gn-1-1,https://alusteel.net/media/vu4ng5ee/شوايات-حطب.jpg,"Alusteel For Hotel, Restaurant, kitchen Equipment",
https://alusteel.net/en/products/snake-line/bain-marie-counter-capacity-gn-1-1,https://alusteel.net/media/0k2n2u0d/شوايات-دوارة.jpg,"Alusteel For Hotel, Restaurant, kitchen Equipment",
https://alusteel.net/en/products/snake-line/bain-marie-counter-capacity-gn-1-1,https://alusteel.net/media/mg3h3bva/فرن-بطاطس-كومبير-2.jpg,"Alusteel For Hotel, Restaurant, kitchen Equipment",
https://alusteel.net/en/products/snake-line/bain-marie-counter-capacity-gn-1-1,https://alusteel.net/media/grxcakgd/فرن-عيش.jpg,"Alusteel For Hotel, Restaurant, kitchen Equipment",
https://alusteel.net/en/products/snake-line/bain-marie-counter-capacity-gn-1-1,https://alusteel.net/media/jkvbzvv4/فرن-تدخين.jpg,"Alusteel For Hotel, Restaurant, kitchen Equipment",
https://alusteel.net/en/products/snake-line/bain-marie-counter-capacity-gn-1-1,https://alusteel.net/media/lzvnpozm/شواية-فراخ-كهرباء.jpg,"Alusteel For Hotel, Restaurant, kitchen Equipment",
https://alusteel.net/en/products/snake-line/stainless-steel-2-burner-counter-stove,https://alusteel.net/media/g3innvhb/بوتجاز-2-شعلة-اوفر-كونتر.jpg,"Alusteel For Hotel, Restaurant, kitchen Equipment - Stainless steel 2 burner counter stove - Snake Line",
https://alusteel.net/en/products/snake-line/stainless-steel-2-burner-counter-stove,https://alusteel.net/media/s1cj4ls4/بان-مارى-اوفر-كونتر.jpg,"Alusteel For Hotel, Restaurant, kitchen Equipment",
https://alusteel.net/en/products/snake-line/stainless-steel-2-burner-counter-stove,https://alusteel.net/media/bxnlzecx/فرن-بيتزا-حطب-2.jpg,"Alusteel For Hotel, Restaurant, kitchen Equipment",
https://alusteel.net/en/products/snake-line/stainless-steel-2-burner-counter-stove,https://alusteel.net/media/vu4ng5ee/شوايات-حطب.jpg,"Alusteel For Hotel, Restaurant, kitchen Equipment",
https://alusteel.net/en/products/snake-line/stainless-steel-2-burner-counter-stove,https://alusteel.net/media/0k2n2u0d/شوايات-دوارة.jpg,"Alusteel For Hotel, Restaurant, kitchen Equipment",
https://alusteel.net/en/products/snake-line/stainless-steel-2-burner-counter-stove,https://alusteel.net/media/mg3h3bva/فرن-بطاطس-كومبير-2.jpg,"Alusteel For Hotel, Restaurant, kitchen Equipment",
https://alusteel.net/en/products/snake-line/stainless-steel-2-burner-counter-stove,https://alusteel.net/media/grxcakgd/فرن-عيش.jpg,"Alusteel For Hotel, Restaurant, kitchen Equipment",
https://alusteel.net/en/products/snake-line/stainless-steel-2-burner-counter-stove,https://alusteel.net/media/jkvbzvv4/فرن-تدخين.jpg,"Alusteel For Hotel, Restaurant, kitchen Equipment",
https://alusteel.net/en/products/snake-line/stainless-steel-2-burner-counter-stove,https://alusteel.net/media/lzvnpozm/شواية-فراخ-كهرباء.jpg,"Alusteel For Hotel, Restaurant, kitchen Equipment",
https://alusteel.net/en/products/snake-line/plain-counter-grill,https://alusteel.net/media/2jyfm01p/جريل-اوفر-كونتر.jpg,"Alusteel For Hotel, Restaurant, kitchen Equipment - Plain Counter Grill - Snake Line",
https://alusteel.net/en/products/snake-line/plain-counter-grill,https://alusteel.net/media/s1cj4ls4/بان-مارى-اوفر-كونتر.jpg,"Alusteel For Hotel, Restaurant, kitchen Equipment",
https://alusteel.net/en/products/snake-line/plain-counter-grill,https://alusteel.net/media/bxnlzecx/فرن-بيتزا-حطب-2.jpg,"Alusteel For Hotel, Restaurant, kitchen Equipment",
https://alusteel.net/en/products/snake-line/plain-counter-grill,https://alusteel.net/media/vu4ng5ee/شوايات-حطب.jpg,"Alusteel For Hotel, Restaurant, kitchen Equipment",
https://alusteel.net/en/products/snake-line/plain-counter-grill,https://alusteel.net/media/0k2n2u0d/شوايات-دوارة.jpg,"Alusteel For Hotel, Restaurant, kitchen Equipment",
https://alusteel.net/en/products/snake-line/plain-counter-grill,https://alusteel.net/media/mg3h3bva/فرن-بطاطس-كومبير-2.jpg,"Alusteel For Hotel, Restaurant, kitchen Equipment",
https://alusteel.net/en/products/snake-line/plain-counter-grill,https://alusteel.net/media/grxcakgd/فرن-عيش.jpg,"Alusteel For Hotel, Restaurant, kitchen Equipment",
https://alusteel.net/en/products/snake-line/plain-counter-grill,https://alusteel.net/media/jkvbzvv4/فرن-تدخين.jpg,"Alusteel For Hotel, Restaurant, kitchen Equipment",
https://alusteel.net/en/products/snake-line/plain-counter-grill,https://alusteel.net/media/lzvnpozm/شواية-فراخ-كهرباء.jpg,"Alusteel For Hotel, Restaurant, kitchen Equipment",
https://alusteel.net/en/products/snake-line/electric-pasta-cooker-above-the-counter-with-strainers-for-cooking-pasta,https://alusteel.net/media/fmjbevps/باستا-كوكر-اوفر-كونتر.jpg,"Alusteel For Hotel, Restaurant, kitchen Equipment - Electric Pasta Cooker Above the Counter with Strainers for Cooking Pasta - Snake Line",
https://alusteel.net/en/products/snake-line/electric-pasta-cooker-above-the-counter-with-strainers-for-cooking-pasta,https://alusteel.net/media/s1cj4ls4/بان-مارى-اوفر-كونتر.jpg,"Alusteel For Hotel, Restaurant, kitchen Equipment",
https://alusteel.net/en/products/snake-line/electric-pasta-cooker-above-the-counter-with-strainers-for-cooking-pasta,https://alusteel.net/media/bxnlzecx/فرن-بيتزا-حطب-2.jpg,"Alusteel For Hotel, Restaurant, kitchen Equipment",
https://alusteel.net/en/products/snake-line/electric-pasta-cooker-above-the-counter-with-strainers-for-cooking-pasta,https://alusteel.net/media/vu4ng5ee/شوايات-حطب.jpg,"Alusteel For Hotel, Restaurant, kitchen Equipment",
https://alusteel.net/en/products/snake-line/electric-pasta-cooker-above-the-counter-with-strainers-for-cooking-pasta,https://alusteel.net/media/0k2n2u0d/شوايات-دوارة.jpg,"Alusteel For Hotel, Restaurant, kitchen Equipment",
https://alusteel.net/en/products/snake-line/electric-pasta-cooker-above-the-counter-with-strainers-for-cooking-pasta,https://alusteel.net/media/mg3h3bva/فرن-بطاطس-كومبير-2.jpg,"Alusteel For Hotel, Restaurant, kitchen Equipment",
https://alusteel.net/en/products/snake-line/electric-pasta-cooker-above-the-counter-with-strainers-for-cooking-pasta,https://alusteel.net/media/grxcakgd/فرن-عيش.jpg,"Alusteel For Hotel, Restaurant, kitchen Equipment",
https://alusteel.net/en/products/snake-line/electric-pasta-cooker-above-the-counter-with-strainers-for-cooking-pasta,https://alusteel.net/media/jkvbzvv4/فرن-تدخين.jpg,"Alusteel For Hotel, Restaurant, kitchen Equipment",
https://alusteel.net/en/products/snake-line/electric-pasta-cooker-above-the-counter-with-strainers-for-cooking-pasta,https://alusteel.net/media/lzvnpozm/شواية-فراخ-كهرباء.jpg,"Alusteel For Hotel, Restaurant, kitchen Equipment",
https://alusteel.net/en/products/snake-line/dump-station-with-heat-lamps,https://alusteel.net/media/y1xg14zj/دامب-ستيشن-بطاطس.jpg,"Alusteel For Hotel, Restaurant, kitchen Equipment - DUMP STATION with heat lamps - Snake Line",
https://alusteel.net/en/products/snake-line/dump-station-with-heat-lamps,https://alusteel.net/media/s1cj4ls4/بان-مارى-اوفر-كونتر.jpg,"Alusteel For Hotel, Restaurant, kitchen Equipment",
https://alusteel.net/en/products/snake-line/dump-station-with-heat-lamps,https://alusteel.net/media/bxnlzecx/فرن-بيتزا-حطب-2.jpg,"Alusteel For Hotel, Restaurant, kitchen Equipment",
https://alusteel.net/en/products/snake-line/dump-station-with-heat-lamps,https://alusteel.net/media/vu4ng5ee/شوايات-حطب.jpg,"Alusteel For Hotel, Restaurant, kitchen Equipment",
https://alusteel.net/en/products/snake-line/dump-station-with-heat-lamps,https://alusteel.net/media/0k2n2u0d/شوايات-دوارة.jpg,"Alusteel For Hotel, Restaurant, kitchen Equipment",
https://alusteel.net/en/products/snake-line/dump-station-with-heat-lamps,https://alusteel.net/media/mg3h3bva/فرن-بطاطس-كومبير-2.jpg,"Alusteel For Hotel, Restaurant, kitchen Equipment",
https://alusteel.net/en/products/snake-line/dump-station-with-heat-lamps,https://alusteel.net/media/grxcakgd/فرن-عيش.jpg,"Alusteel For Hotel, Restaurant, kitchen Equipment",
https://alusteel.net/en/products/snake-line/dump-station-with-heat-lamps,https://alusteel.net/media/jkvbzvv4/فرن-تدخين.jpg,"Alusteel For Hotel, Restaurant, kitchen Equipment",
https://alusteel.net/en/products/snake-line/dump-station-with-heat-lamps,https://alusteel.net/media/lzvnpozm/شواية-فراخ-كهرباء.jpg,"Alusteel For Hotel, Restaurant, kitchen Equipment",
https://alusteel.net/en/products/snake-line/counter-1-burner-fryer,https://alusteel.net/media/tdmdovab/قلاية-1-عين-اوفر-كونتر.jpg,"Alusteel For Hotel, Restaurant, kitchen Equipment - Counter 1-burner fryer - Snake Line",
https://alusteel.net/en/products/snake-line/counter-1-burner-fryer,https://alusteel.net/media/s1cj4ls4/بان-مارى-اوفر-كونتر.jpg,"Alusteel For Hotel, Restaurant, kitchen Equipment",
https://alusteel.net/en/products/snake-line/counter-1-burner-fryer,https://alusteel.net/media/bxnlzecx/فرن-بيتزا-حطب-2.jpg,"Alusteel For Hotel, Restaurant, kitchen Equipment",
https://alusteel.net/en/products/snake-line/counter-1-burner-fryer,https://alusteel.net/media/vu4ng5ee/شوايات-حطب.jpg,"Alusteel For Hotel, Restaurant, kitchen Equipment",
https://alusteel.net/en/products/snake-line/counter-1-burner-fryer,https://alusteel.net/media/0k2n2u0d/شوايات-دوارة.jpg,"Alusteel For Hotel, Restaurant, kitchen Equipment",
https://alusteel.net/en/products/snake-line/counter-1-burner-fryer,https://alusteel.net/media/mg3h3bva/فرن-بطاطس-كومبير-2.jpg,"Alusteel For Hotel, Restaurant, kitchen Equipment",
https://alusteel.net/en/products/snake-line/counter-1-burner-fryer,https://alusteel.net/media/grxcakgd/فرن-عيش.jpg,"Alusteel For Hotel, Restaurant, kitchen Equipment",
https://alusteel.net/en/products/snake-line/counter-1-burner-fryer,https://alusteel.net/media/jkvbzvv4/فرن-تدخين.jpg,"Alusteel For Hotel, Restaurant, kitchen Equipment",
https://alusteel.net/en/products/snake-line/counter-1-burner-fryer,https://alusteel.net/media/lzvnpozm/شواية-فراخ-كهرباء.jpg,"Alusteel For Hotel, Restaurant, kitchen Equipment",
https://alusteel.net/en/products/snake-line/electric-stove-2-round-plates-counter,https://alusteel.net/media/ccfepx3p/اوفر-كونتر-موقد-2-بلاطة.jpg,"Alusteel For Hotel, Restaurant, kitchen Equipment - Electric stove 2 round plates counter - Snake Line",
https://alusteel.net/en/products/snake-line/electric-stove-2-round-plates-counter,https://alusteel.net/media/s1cj4ls4/بان-مارى-اوفر-كونتر.jpg,"Alusteel For Hotel, Restaurant, kitchen Equipment",
https://alusteel.net/en/products/snake-line/electric-stove-2-round-plates-counter,https://alusteel.net/media/bxnlzecx/فرن-بيتزا-حطب-2.jpg,"Alusteel For Hotel, Restaurant, kitchen Equipment",
https://alusteel.net/en/products/snake-line/electric-stove-2-round-plates-counter,https://alusteel.net/media/vu4ng5ee/شوايات-حطب.jpg,"Alusteel For Hotel, Restaurant, kitchen Equipment",
https://alusteel.net/en/products/snake-line/electric-stove-2-round-plates-counter,https://alusteel.net/media/0k2n2u0d/شوايات-دوارة.jpg,"Alusteel For Hotel, Restaurant, kitchen Equipment",
https://alusteel.net/en/products/snake-line/electric-stove-2-round-plates-counter,https://alusteel.net/media/mg3h3bva/فرن-بطاطس-كومبير-2.jpg,"Alusteel For Hotel, Restaurant, kitchen Equipment",
https://alusteel.net/en/products/snake-line/electric-stove-2-round-plates-counter,https://alusteel.net/media/grxcakgd/فرن-عيش.jpg,"Alusteel For Hotel, Restaurant, kitchen Equipment",
https://alusteel.net/en/products/snake-line/electric-stove-2-round-plates-counter,https://alusteel.net/media/jkvbzvv4/فرن-تدخين.jpg,"Alusteel For Hotel, Restaurant, kitchen Equipment",
https://alusteel.net/en/products/snake-line/electric-stove-2-round-plates-counter,https://alusteel.net/media/lzvnpozm/شواية-فراخ-كهرباء.jpg,"Alusteel For Hotel, Restaurant, kitchen Equipment",
https://alusteel.net/en/events,https://alusteel.net/media/nouhpuxq/hace-logo.jpg,"Alusteel For Hotel, Restaurant, kitchen Equipment",
https://alusteel.net/en/events,https://alusteel.net/media/x11dcuuh/horeca-logo.jpg,"Alusteel For Hotel, Restaurant, kitchen Equipment",
https://alusteel.net/en/events,https://alusteel.net/media/g5uieqaz/cafex-logo.jpg,"Alusteel For Hotel, Restaurant, kitchen Equipment",
https://alusteel.net/en/events,https://alusteel.net/media/v52g1wky/iatf-logo.jpg,"Alusteel For Hotel, Restaurant, kitchen Equipment",
https://alusteel.net/en/events/hace,https://alusteel.net/media/pvilomsn/alusteel-hace2018.jpg,"Alusteel For Hotel, Restaurant, kitchen Equipment",
https://alusteel.net/en/events/hace,https://alusteel.net/media/rndgdv4j/alusteel-hace2020.jpg,"Alusteel For Hotel, Restaurant, kitchen Equipment",
https://alusteel.net/en/events/hace,https://alusteel.net/media/ebhmulgw/alusteel-hace2021.jpg,"Alusteel For Hotel, Restaurant, kitchen Equipment",
https://alusteel.net/en/events/hace,https://alusteel.net/media/ieybhekg/alusteel-hace2017.jpg,"Alusteel For Hotel, Restaurant, kitchen Equipment",
https://alusteel.net/en/events/hace,https://alusteel.net/media/reobf4s4/alusteel-hace2022.jpg,"Alusteel For Hotel, Restaurant, kitchen Equipment",
https://alusteel.net/en/events/hace,https://alusteel.net/media/5ceflm5n/hace-2024.png,"Alusteel For Hotel, Restaurant, kitchen Equipment",
https://alusteel.net/en/events/hace/hace-2018,https://alusteel.net/media/jgeg0d5t/23376524_1487306221389610_7948860139497649361_n.jpg,"Alusteel For Hotel, Restaurant, kitchen Equipment - HACE 2018 - HACE",
https://alusteel.net/en/events/hace/hace-2018,https://alusteel.net/media/m1fkr1ax/44093870_1900313670088861_8267099015804354560_n.jpg,"Alusteel For Hotel, Restaurant, kitchen Equipment - HACE 2018 - HACE",
https://alusteel.net/en/events/hace/hace-2018,https://alusteel.net/media/y4xheooe/44317421_1900313466755548_1926769290158014464_n.jpg,"Alusteel For Hotel, Restaurant, kitchen Equipment - HACE 2018 - HACE",
https://alusteel.net/en/events/hace/hace-2018,https://alusteel.net/media/iklky4jo/47264346_1967769433343284_1999437048724848640_n.jpg,"Alusteel For Hotel, Restaurant, kitchen Equipment - HACE 2018 - HACE",
https://alusteel.net/en/events/hace/hace-2018,https://alusteel.net/media/shsl0302/47343351_1967769370009957_8976318018975956992_n.jpg,"Alusteel For Hotel, Restaurant, kitchen Equipment - HACE 2018 - HACE",
https://alusteel.net/en/events/hace/hace-2018,https://alusteel.net/media/qaed4bbu/47388812_1967770023343225_7097966552275746816_n.jpg,"Alusteel For Hotel, Restaurant, kitchen Equipment - HACE 2018 - HACE",
https://alusteel.net/en/events/hace/hace-2018,https://alusteel.net/media/1s5oclpl/47429205_1967768970009997_8095839479798956032_n.jpg,"Alusteel For Hotel, Restaurant, kitchen Equipment - HACE 2018 - HACE",
https://alusteel.net/en/events/hace/hace-2018,https://alusteel.net/media/bocfmypc/47475893_1967769863343241_1350516916782891008_n.jpg,"Alusteel For Hotel, Restaurant, kitchen Equipment - HACE 2018 - HACE",
https://alusteel.net/en/events/hace/hace-2018,https://alusteel.net/media/tewazhb3/47577435_1967769623343265_2591035318773743616_n.jpg,"Alusteel For Hotel, Restaurant, kitchen Equipment - HACE 2018 - HACE",
https://alusteel.net/en/events/hace/hace-2020,https://alusteel.net/media/d00cxijr/ckkm1999.jpg,"Alusteel For Hotel, Restaurant, kitchen Equipment - HACE 2020 - HACE",
https://alusteel.net/en/events/hace/hace-2020,https://alusteel.net/media/pwunz5jl/dcwu6041.jpg,"Alusteel For Hotel, Restaurant, kitchen Equipment - HACE 2020 - HACE",
https://alusteel.net/en/events/hace/hace-2020,https://alusteel.net/media/xmwlcvt0/dwrk6065.jpg,"Alusteel For Hotel, Restaurant, kitchen Equipment - HACE 2020 - HACE",
https://alusteel.net/en/events/hace/hace-2020,https://alusteel.net/media/k05jafw4/eiyl8764.jpg,"Alusteel For Hotel, Restaurant, kitchen Equipment - HACE 2020 - HACE",
https://alusteel.net/en/events/hace/hace-2020,https://alusteel.net/media/52vnixml/faqt5617.jpg,"Alusteel For Hotel, Restaurant, kitchen Equipment - HACE 2020 - HACE",
https://alusteel.net/en/events/hace/hace-2020,https://alusteel.net/media/ofrjx4dn/hwml8645.jpg,"Alusteel For Hotel, Restaurant, kitchen Equipment - HACE 2020 - HACE",
https://alusteel.net/en/events/hace/hace-2020,https://alusteel.net/media/zvcb2bnv/img_0752.jpg,"Alusteel For Hotel, Restaurant, kitchen Equipment - HACE 2020 - HACE",
https://alusteel.net/en/events/hace/hace-2020,https://alusteel.net/media/og2lg2om/img_0753.jpg,"Alusteel For Hotel, Restaurant, kitchen Equipment - HACE 2020 - HACE",
https://alusteel.net/en/events/hace/hace-2020,https://alusteel.net/media/xqia3qep/img_0757.jpg,"Alusteel For Hotel, Restaurant, kitchen Equipment - HACE 2020 - HACE",
https://alusteel.net/en/events/hace/hace-2020,https://alusteel.net/media/2limzmnr/img_0761.jpg,"Alusteel For Hotel, Restaurant, kitchen Equipment - HACE 2020 - HACE",
https://alusteel.net/en/events/hace/hace-2020,https://alusteel.net/media/igcpp55x/img_0776.jpg,"Alusteel For Hotel, Restaurant, kitchen Equipment - HACE 2020 - HACE",
https://alusteel.net/en/events/hace/hace-2020,https://alusteel.net/media/f3kizbpl/img_0778.jpg,"Alusteel For Hotel, Restaurant, kitchen Equipment - HACE 2020 - HACE",
https://alusteel.net/en/events/hace/hace-2020,https://alusteel.net/media/lx4j122l/img_0780.jpg,"Alusteel For Hotel, Restaurant, kitchen Equipment - HACE 2020 - HACE",
https://alusteel.net/en/events/hace/hace-2020,https://alusteel.net/media/taylh4of/img_0782.jpg,"Alusteel For Hotel, Restaurant, kitchen Equipment - HACE 2020 - HACE",
https://alusteel.net/en/events/hace/hace-2020,https://alusteel.net/media/njuntrci/img_0783.jpg,"Alusteel For Hotel, Restaurant, kitchen Equipment - HACE 2020 - HACE",
https://alusteel.net/en/events/hace/hace-2020,https://alusteel.net/media/rtigzrrq/img_0784.jpg,"Alusteel For Hotel, Restaurant, kitchen Equipment - HACE 2020 - HACE",
https://alusteel.net/en/events/hace/hace-2020,https://alusteel.net/media/xoairu50/img_0819.jpg,"Alusteel For Hotel, Restaurant, kitchen Equipment - HACE 2020 - HACE",
https://alusteel.net/en/events/hace/hace-2020,https://alusteel.net/media/hyfdthpq/img_0823.jpg,"Alusteel For Hotel, Restaurant, kitchen Equipment - HACE 2020 - HACE",
https://alusteel.net/en/events/hace/hace-2020,https://alusteel.net/media/qkdcubau/img_0828-7.jpg,"Alusteel For Hotel, Restaurant, kitchen Equipment - HACE 2020 - HACE",
https://alusteel.net/en/events/hace/hace-2020,https://alusteel.net/media/31sh2bnr/jdzr2785.jpg,"Alusteel For Hotel, Restaurant, kitchen Equipment - HACE 2020 - HACE",
https://alusteel.net/en/events/hace/hace-2020,https://alusteel.net/media/qnsb3gm2/ouyb9105.jpg,"Alusteel For Hotel, Restaurant, kitchen Equipment - HACE 2020 - HACE",
https://alusteel.net/en/events/hace/hace-2020,https://alusteel.net/media/4v1dj1he/pdhn6261.jpg,"Alusteel For Hotel, Restaurant, kitchen Equipment - HACE 2020 - HACE",
https://alusteel.net/en/events/hace/hace-2020,https://alusteel.net/media/0s4ngxb0/shro5080.jpg,"Alusteel For Hotel, Restaurant, kitchen Equipment - HACE 2020 - HACE",
https://alusteel.net/en/events/hace/hace-2020,https://alusteel.net/media/tjobof40/syzp6726.jpg,"Alusteel For Hotel, Restaurant, kitchen Equipment - HACE 2020 - HACE",
https://alusteel.net/en/events/hace/hace-2020,https://alusteel.net/media/ryxnb1n0/wkht7208.jpg,"Alusteel For Hotel, Restaurant, kitchen Equipment - HACE 2020 - HACE",
https://alusteel.net/en/events/hace/hace-2020,https://alusteel.net/media/p2vfcgo2/woks7697.jpg,"Alusteel For Hotel, Restaurant, kitchen Equipment - HACE 2020 - HACE",
https://alusteel.net/en/events/hace/hace-2021,https://alusteel.net/media/ej4dase3/260453245_2655553187921639_7575883156030073767_n.jpg,"Alusteel For Hotel, Restaurant, kitchen Equipment - HACE 2021 - HACE",
https://alusteel.net/en/events/hace/hace-2021,https://alusteel.net/media/xkrn2yqn/264657533_2668058210004470_6309319450764494039_n.jpg,"Alusteel For Hotel, Restaurant, kitchen Equipment - HACE 2021 - HACE",
https://alusteel.net/en/events/hace/hace-2021,https://alusteel.net/media/fvph0wd5/265240629_2670719203071704_2288940543698331879_n.jpg,"Alusteel For Hotel, Restaurant, kitchen Equipment - HACE 2021 - HACE",
https://alusteel.net/en/events/hace/hace-2021,https://alusteel.net/media/nbyopmck/265298229_2670721603071464_7569566775482248079_n.jpg,"Alusteel For Hotel, Restaurant, kitchen Equipment - HACE 2021 - HACE",
https://alusteel.net/en/events/hace/hace-2021,https://alusteel.net/media/j1qhceh2/265300606_2670733089736982_8192476287917960318_n.jpg,"Alusteel For Hotel, Restaurant, kitchen Equipment - HACE 2021 - HACE",
https://alusteel.net/en/events/hace/hace-2021,https://alusteel.net/media/npjht5vv/266121388_2672510936225864_4073541796279235317_n.jpg,"Alusteel For Hotel, Restaurant, kitchen Equipment - HACE 2021 - HACE",
https://alusteel.net/en/events/hace/hace-2021,https://alusteel.net/media/b0cc5xxx/266981710_2670717929738498_8745508943561530423_n.jpg,"Alusteel For Hotel, Restaurant, kitchen Equipment - HACE 2021 - HACE",
https://alusteel.net/en/events/hace/hace-2021,https://alusteel.net/media/xdtlbqks/267168747_2670720379738253_6170299806338101751_n.jpg,"Alusteel For Hotel, Restaurant, kitchen Equipment - HACE 2021 - HACE",
https://alusteel.net/en/events/hace/hace-2021,https://alusteel.net/media/nhdlj4xt/267351099_2670734053070219_4789189995888573102_n.jpg,"Alusteel For Hotel, Restaurant, kitchen Equipment - HACE 2021 - HACE",
https://alusteel.net/en/events/hace/hace-2021,https://alusteel.net/media/q2ynr5ts/267422913_2670722249738066_826248439461765658_n.jpg,"Alusteel For Hotel, Restaurant, kitchen Equipment - HACE 2021 - HACE",
https://alusteel.net/en/events/hace/hace-2021,https://alusteel.net/media/m0ihylga/267454095_2670742209736070_5523764240089272158_n.jpg,"Alusteel For Hotel, Restaurant, kitchen Equipment - HACE 2021 - HACE",
https://alusteel.net/en/events/hace/hace-2021,https://alusteel.net/media/y4efx1te/267590334_2670720966404861_5772469582177713183_n.jpg,"Alusteel For Hotel, Restaurant, kitchen Equipment - HACE 2021 - HACE",
https://alusteel.net/en/events/hace/hace-2021,https://alusteel.net/media/0ezh1ilw/269898023_5030884487003167_8137552447859461362_n.jpg,"Alusteel For Hotel, Restaurant, kitchen Equipment - HACE 2021 - HACE",
https://alusteel.net/en/events/hace/hace-2021,https://alusteel.net/media/ejnbwcyl/269898795_5030862813672001_7385696028905589680_n.jpg,"Alusteel For Hotel, Restaurant, kitchen Equipment - HACE 2021 - HACE",
https://alusteel.net/en/events/hace/hace-2021,https://alusteel.net/media/4fkfdlvl/269931608_5022304287861187_7062751167078200068_n.jpg,"Alusteel For Hotel, Restaurant, kitchen Equipment - HACE 2021 - HACE",
https://alusteel.net/en/events/hace/hace-2021,https://alusteel.net/media/zs1cohuz/269936544_5022563521168597_4303732687217219391_n.jpg,"Alusteel For Hotel, Restaurant, kitchen Equipment - HACE 2021 - HACE",
https://alusteel.net/en/events/hace/hace-2021,https://alusteel.net/media/ewnn324w/269940117_5022566847834931_4797552888838824468_n.jpg,"Alusteel For Hotel, Restaurant, kitchen Equipment - HACE 2021 - HACE",
https://alusteel.net/en/events/hace/hace-2021,https://alusteel.net/media/fqcpdetp/269956134_5022569487834667_7020952309833307243_n.jpg,"Alusteel For Hotel, Restaurant, kitchen Equipment - HACE 2021 - HACE",
https://alusteel.net/en/events/hace/hace-2021,https://alusteel.net/media/ue5b0prk/269956976_5022307934527489_2934138635462584115_n.jpg,"Alusteel For Hotel, Restaurant, kitchen Equipment - HACE 2021 - HACE",
https://alusteel.net/en/events/hace/hace-2021,https://alusteel.net/media/ofjf5cx5/269958144_5022299884528294_4851734043725659320_n.jpg,"Alusteel For Hotel, Restaurant, kitchen Equipment - HACE 2021 - HACE",
https://alusteel.net/en/events/hace/hace-2021,https://alusteel.net/media/egcddmbm/270085685_5030868480338101_8161419801455891693_n.jpg,"Alusteel For Hotel, Restaurant, kitchen Equipment - HACE 2021 - HACE",
https://alusteel.net/en/events/hace/hace-2021,https://alusteel.net/media/jfxnhblx/270093203_5030889570335992_4823680086276276881_n.jpg,"Alusteel For Hotel, Restaurant, kitchen Equipment - HACE 2021 - HACE",
https://alusteel.net/en/events/hace/hace-2021,https://alusteel.net/media/5kkpi1oe/270099702_5030917600333189_9130739422379902493_n.jpg,"Alusteel For Hotel, Restaurant, kitchen Equipment - HACE 2021 - HACE",
https://alusteel.net/en/events/hace/hace-2021,https://alusteel.net/media/ggbjhscw/270104675_5030935163664766_1695346596809610156_n.jpg,"Alusteel For Hotel, Restaurant, kitchen Equipment - HACE 2021 - HACE",
https://alusteel.net/en/events/hace/hace-2021,https://alusteel.net/media/b1vpipsx/270105285_5030907997000816_2808759067941689371_n.jpg,"Alusteel For Hotel, Restaurant, kitchen Equipment - HACE 2021 - HACE",
https://alusteel.net/en/events/hace/hace-2021,https://alusteel.net/media/v5tezscz/270116264_5030855057006110_4858048877585667862_n.jpg,"Alusteel For Hotel, Restaurant, kitchen Equipment - HACE 2021 - HACE",
https://alusteel.net/en/events/hace/hace-2021,https://alusteel.net/media/egkdppfy/270116866_5030911037000512_221910764287268506_n.jpg,"Alusteel For Hotel, Restaurant, kitchen Equipment - HACE 2021 - HACE",
https://alusteel.net/en/events/hace/hace-2021,https://alusteel.net/media/f0hba3p4/270118037_5030860867005529_971985384238567069_n.jpg,"Alusteel For Hotel, Restaurant, kitchen Equipment - HACE 2021 - HACE",
https://alusteel.net/en/events/hace/hace-2021,https://alusteel.net/media/slepzewd/270124708_5030914903666792_50978941993640470_n.jpg,"Alusteel For Hotel, Restaurant, kitchen Equipment - HACE 2021 - HACE",
https://alusteel.net/en/events/hace/hace-2021,https://alusteel.net/media/ogafobwi/270126740_5030858167005799_7178758529194679882_n.jpg,"Alusteel For Hotel, Restaurant, kitchen Equipment - HACE 2021 - HACE",
https://alusteel.net/en/events/hace/hace-2021,https://alusteel.net/media/k2olvmjz/270168827_5030899943668288_7732763813886307461_n.jpg,"Alusteel For Hotel, Restaurant, kitchen Equipment - HACE 2021 - HACE",
https://alusteel.net/en/events/hace/hace-2017,https://alusteel.net/media/pxcdh1o5/20171029_154902.jpg,"Alusteel For Hotel, Restaurant, kitchen Equipment - HACE 2017 - HACE",
https://alusteel.net/en/events/hace/hace-2017,https://alusteel.net/media/vugja3oc/20171029_154909.jpg,"Alusteel For Hotel, Restaurant, kitchen Equipment - HACE 2017 - HACE",
https://alusteel.net/en/events/hace/hace-2017,https://alusteel.net/media/k3fftqvz/20171030_130920.jpg,"Alusteel For Hotel, Restaurant, kitchen Equipment - HACE 2017 - HACE",
https://alusteel.net/en/events/hace/hace-2017,https://alusteel.net/media/jy4pmrbw/20171030_201404-0.jpg,"Alusteel For Hotel, Restaurant, kitchen Equipment - HACE 2017 - HACE",
https://alusteel.net/en/events/hace/hace-2017,https://alusteel.net/media/xlgnwkti/20171030_201527.jpg,"Alusteel For Hotel, Restaurant, kitchen Equipment - HACE 2017 - HACE",
https://alusteel.net/en/events/hace/hace-2017,https://alusteel.net/media/hs2d1mdq/20171030_201530.jpg,"Alusteel For Hotel, Restaurant, kitchen Equipment - HACE 2017 - HACE",
https://alusteel.net/en/events/hace/hace-2017,https://alusteel.net/media/nnlllvfa/20171030_201755-0.jpg,"Alusteel For Hotel, Restaurant, kitchen Equipment - HACE 2017 - HACE",
https://alusteel.net/en/events/hace/hace-2017,https://alusteel.net/media/gilcmidt/20171030_201805.jpg,"Alusteel For Hotel, Restaurant, kitchen Equipment - HACE 2017 - HACE",
https://alusteel.net/en/events/hace/hace-2017,https://alusteel.net/media/bwwdoefl/20171030_201811.jpg,"Alusteel For Hotel, Restaurant, kitchen Equipment - HACE 2017 - HACE",
https://alusteel.net/en/events/hace/hace-2017,https://alusteel.net/media/qxdbzryl/20171030_201833.jpg,"Alusteel For Hotel, Restaurant, kitchen Equipment - HACE 2017 - HACE",
https://alusteel.net/en/events/hace/hace-2017,https://alusteel.net/media/grrnl0me/20171031_110725.jpg,"Alusteel For Hotel, Restaurant, kitchen Equipment - HACE 2017 - HACE",
https://alusteel.net/en/events/hace/hace-2017,https://alusteel.net/media/ylyft3sl/20171031_110736.jpg,"Alusteel For Hotel, Restaurant, kitchen Equipment - HACE 2017 - HACE",
https://alusteel.net/en/events/hace/hace-2017,https://alusteel.net/media/li1jidaj/20171102_184118.jpg,"Alusteel For Hotel, Restaurant, kitchen Equipment - HACE 2017 - HACE",
https://alusteel.net/en/events/hace/hace-2017,https://alusteel.net/media/wqkordwz/20171102_184158.jpg,"Alusteel For Hotel, Restaurant, kitchen Equipment - HACE 2017 - HACE",
https://alusteel.net/en/events/hace/hace-2017,https://alusteel.net/media/xfzebhji/20171102_184913.jpg,"Alusteel For Hotel, Restaurant, kitchen Equipment - HACE 2017 - HACE",
https://alusteel.net/en/events/hace/hace-2017,https://alusteel.net/media/yg3hgsmk/20171102_185013.jpg,"Alusteel For Hotel, Restaurant, kitchen Equipment - HACE 2017 - HACE",
https://alusteel.net/en/events/hace/hace-2022,https://alusteel.net/media/3hkf1wqn/3.png,"Alusteel For Hotel, Restaurant, kitchen Equipment - HACE 2022 - HACE",
https://alusteel.net/en/events/hace/hace-2022,https://alusteel.net/media/guwpcmae/19.png,"Alusteel For Hotel, Restaurant, kitchen Equipment - HACE 2022 - HACE",
https://alusteel.net/en/events/hace/hace-2022,https://alusteel.net/media/kmhbbdov/20.png,"Alusteel For Hotel, Restaurant, kitchen Equipment - HACE 2022 - HACE",
https://alusteel.net/en/events/hace/hace-2022,https://alusteel.net/media/w5xp4qxt/30.png,"Alusteel For Hotel, Restaurant, kitchen Equipment - HACE 2022 - HACE",
https://alusteel.net/en/events/hace/hace-2022,https://alusteel.net/media/zadnw54m/33.png,"Alusteel For Hotel, Restaurant, kitchen Equipment - HACE 2022 - HACE",
https://alusteel.net/en/events/hace/hace-2022,https://alusteel.net/media/n1bnq0nx/34.png,"Alusteel For Hotel, Restaurant, kitchen Equipment - HACE 2022 - HACE",
https://alusteel.net/en/events/hace/hace-2022,https://alusteel.net/media/pxefquuo/35.png,"Alusteel For Hotel, Restaurant, kitchen Equipment - HACE 2022 - HACE",
https://alusteel.net/en/events/hace/hace-2022,https://alusteel.net/media/pmva1ank/49.png,"Alusteel For Hotel, Restaurant, kitchen Equipment - HACE 2022 - HACE",
https://alusteel.net/en/events/hace/hace-2022,https://alusteel.net/media/fwlgkx53/51.png,"Alusteel For Hotel, Restaurant, kitchen Equipment - HACE 2022 - HACE",
https://alusteel.net/en/events/hace/hace-2022,https://alusteel.net/media/xt3fo5ms/270189279_5030920703666212_7885087062954906810_n.jpg,"Alusteel For Hotel, Restaurant, kitchen Equipment - HACE 2022 - HACE",
https://alusteel.net/en/events/hace/hace-2022,https://alusteel.net/media/5snfi4cs/dfa7c945-f2da-4383-b0a0-b154c178e683.jpg,"Alusteel For Hotel, Restaurant, kitchen Equipment - HACE 2022 - HACE",
https://alusteel.net/en/events/hace/hace-2022,https://alusteel.net/media/n5xi53wa/dsc01147.jpg,"Alusteel For Hotel, Restaurant, kitchen Equipment - HACE 2022 - HACE",
https://alusteel.net/en/events/hace/hace-2022,https://alusteel.net/media/c5tn1lrk/dsc01149.jpg,"Alusteel For Hotel, Restaurant, kitchen Equipment - HACE 2022 - HACE",
https://alusteel.net/en/events/hace/hace-2022,https://alusteel.net/media/d5wkdj4a/dsc01173.jpg,"Alusteel For Hotel, Restaurant, kitchen Equipment - HACE 2022 - HACE",
https://alusteel.net/en/events/hace/hace-2022,https://alusteel.net/media/dqjpi21z/dsc01179.jpg,"Alusteel For Hotel, Restaurant, kitchen Equipment - HACE 2022 - HACE",
https://alusteel.net/en/events/hace/hace-2023,https://alusteel.net/media/y4efx1te/267590334_2670720966404861_5772469582177713183_n.jpg,"Alusteel For Hotel, Restaurant, kitchen Equipment - HACE 2023 - HACE",
https://alusteel.net/en/events/hace/hace-2023,https://alusteel.net/media/0ezh1ilw/269898023_5030884487003167_8137552447859461362_n.jpg,"Alusteel For Hotel, Restaurant, kitchen Equipment - HACE 2023 - HACE",
https://alusteel.net/en/events/hace/hace-2023,https://alusteel.net/media/ejnbwcyl/269898795_5030862813672001_7385696028905589680_n.jpg,"Alusteel For Hotel, Restaurant, kitchen Equipment - HACE 2023 - HACE",
https://alusteel.net/en/events/hace/hace-2023,https://alusteel.net/media/4fkfdlvl/269931608_5022304287861187_7062751167078200068_n.jpg,"Alusteel For Hotel, Restaurant, kitchen Equipment - HACE 2023 - HACE",
https://alusteel.net/en/events/hace/hace-2023,https://alusteel.net/media/zs1cohuz/269936544_5022563521168597_4303732687217219391_n.jpg,"Alusteel For Hotel, Restaurant, kitchen Equipment - HACE 2023 - HACE",
https://alusteel.net/en/events/hace/hace-2023,https://alusteel.net/media/ewnn324w/269940117_5022566847834931_4797552888838824468_n.jpg,"Alusteel For Hotel, Restaurant, kitchen Equipment - HACE 2023 - HACE",
https://alusteel.net/en/events/hace/hace-2023,https://alusteel.net/media/fqcpdetp/269956134_5022569487834667_7020952309833307243_n.jpg,"Alusteel For Hotel, Restaurant, kitchen Equipment - HACE 2023 - HACE",
https://alusteel.net/en/events/hace/hace-2023,https://alusteel.net/media/ue5b0prk/269956976_5022307934527489_2934138635462584115_n.jpg,"Alusteel For Hotel, Restaurant, kitchen Equipment - HACE 2023 - HACE",
https://alusteel.net/en/events/hace/hace-2023,https://alusteel.net/media/ofjf5cx5/269958144_5022299884528294_4851734043725659320_n.jpg,"Alusteel For Hotel, Restaurant, kitchen Equipment - HACE 2023 - HACE",
https://alusteel.net/en/events/hace/hace-2023,https://alusteel.net/media/egcddmbm/270085685_5030868480338101_8161419801455891693_n.jpg,"Alusteel For Hotel, Restaurant, kitchen Equipment - HACE 2023 - HACE",
https://alusteel.net/en/events/hace/hace-2023,https://alusteel.net/media/jfxnhblx/270093203_5030889570335992_4823680086276276881_n.jpg,"Alusteel For Hotel, Restaurant, kitchen Equipment - HACE 2023 - HACE",
https://alusteel.net/en/events/hace/hace-2023,https://alusteel.net/media/5kkpi1oe/270099702_5030917600333189_9130739422379902493_n.jpg,"Alusteel For Hotel, Restaurant, kitchen Equipment - HACE 2023 - HACE",
https://alusteel.net/en/events/hace/hace-2023,https://alusteel.net/media/ggbjhscw/270104675_5030935163664766_1695346596809610156_n.jpg,"Alusteel For Hotel, Restaurant, kitchen Equipment - HACE 2023 - HACE",
https://alusteel.net/en/events/hace/hace-2023,https://alusteel.net/media/b1vpipsx/270105285_5030907997000816_2808759067941689371_n.jpg,"Alusteel For Hotel, Restaurant, kitchen Equipment - HACE 2023 - HACE",
https://alusteel.net/en/events/hace/hace-2023,https://alusteel.net/media/v5tezscz/270116264_5030855057006110_4858048877585667862_n.jpg,"Alusteel For Hotel, Restaurant, kitchen Equipment - HACE 2023 - HACE",
https://alusteel.net/en/events/hace/hace-2023,https://alusteel.net/media/egkdppfy/270116866_5030911037000512_221910764287268506_n.jpg,"Alusteel For Hotel, Restaurant, kitchen Equipment - HACE 2023 - HACE",
https://alusteel.net/en/events/hace/hace-2023,https://alusteel.net/media/f0hba3p4/270118037_5030860867005529_971985384238567069_n.jpg,"Alusteel For Hotel, Restaurant, kitchen Equipment - HACE 2023 - HACE",
https://alusteel.net/en/events/hace/hace-2023,https://alusteel.net/media/slepzewd/270124708_5030914903666792_50978941993640470_n.jpg,"Alusteel For Hotel, Restaurant, kitchen Equipment - HACE 2023 - HACE",
https://alusteel.net/en/events/hace/hace-2023,https://alusteel.net/media/ogafobwi/270126740_5030858167005799_7178758529194679882_n.jpg,"Alusteel For Hotel, Restaurant, kitchen Equipment - HACE 2023 - HACE",
https://alusteel.net/en/events/hace/hace-2023,https://alusteel.net/media/k2olvmjz/270168827_5030899943668288_7732763813886307461_n.jpg,"Alusteel For Hotel, Restaurant, kitchen Equipment - HACE 2023 - HACE",
https://alusteel.net/en/events/hace/hace-2024,https://alusteel.net/media/jg2l3pnh/img-20241017-wa0009.jpg,"Alusteel For Hotel, Restaurant, kitchen Equipment - HACE 2024 - HACE",
https://alusteel.net/en/events/hace/hace-2024,https://alusteel.net/media/xwudttzm/img-20241017-wa0013.jpg,"Alusteel For Hotel, Restaurant, kitchen Equipment - HACE 2024 - HACE",
https://alusteel.net/en/events/hace/hace-2024,https://alusteel.net/media/0jfncngd/img-20241017-wa0016.jpg,"Alusteel For Hotel, Restaurant, kitchen Equipment - HACE 2024 - HACE",
https://alusteel.net/en/events/hace/hace-2024,https://alusteel.net/media/lpwirzor/img-20241017-wa0019.jpg,"Alusteel For Hotel, Restaurant, kitchen Equipment - HACE 2024 - HACE",
https://alusteel.net/en/events/hace/hace-2024,https://alusteel.net/media/hajkkkyg/img-20241017-wa0007.jpg,"Alusteel For Hotel, Restaurant, kitchen Equipment - HACE 2024 - HACE",
https://alusteel.net/en/events/hace/hace-2024,https://alusteel.net/media/ebhmulgw/alusteel-hace2021.jpg,"Alusteel For Hotel, Restaurant, kitchen Equipment - HACE 2024 - HACE",
https://alusteel.net/en/events/hace/hace-2024,https://alusteel.net/media/j2nmz1zm/مصنع-الوستيل-لمعدات-المطاعم-والفنادق.jpg,"Alusteel For Hotel, Restaurant, kitchen Equipment - HACE 2024 - HACE",
https://alusteel.net/en/events/hace/hace-2024,https://alusteel.net/media/rlnd1b2p/img-20240811-wa0007.jpg,"Alusteel For Hotel, Restaurant, kitchen Equipment - HACE 2024 - HACE",
https://alusteel.net/en/events/hace/hace-2024,https://alusteel.net/media/evidlh5c/img-20240811-wa0004.jpg,"Alusteel For Hotel, Restaurant, kitchen Equipment - HACE 2024 - HACE",
https://alusteel.net/en/events/hace/hace-2024,https://alusteel.net/media/w1vb5nw5/img-20240811-wa0006.jpg,"Alusteel For Hotel, Restaurant, kitchen Equipment - HACE 2024 - HACE",
https://alusteel.net/en/events/hace/hace-2024,https://alusteel.net/media/xjphnice/معدات-مطابخ-الوستيل.jpg,"Alusteel For Hotel, Restaurant, kitchen Equipment - HACE 2024 - HACE",
https://alusteel.net/en/events/hace/hace-2024,https://alusteel.net/media/dk3f5szg/img-20240327-wa0011.jpg,"Alusteel For Hotel, Restaurant, kitchen Equipment - HACE 2024 - HACE",
https://alusteel.net/en/events/hace/hace-2024,https://alusteel.net/media/fhehs3u4/معرض-هيس-2024-الوستيل.jpg,"Alusteel For Hotel, Restaurant, kitchen Equipment - HACE 2024 - HACE",
https://alusteel.net/en/events/hace/hace-2024,https://alusteel.net/media/kqtl4owo/img-20241017-wa0041.jpg,"Alusteel For Hotel, Restaurant, kitchen Equipment - HACE 2024 - HACE",
https://alusteel.net/en/events/hace/hace-2024,https://alusteel.net/media/gbopc2iw/img-20241017-wa0030.jpg,"Alusteel For Hotel, Restaurant, kitchen Equipment - HACE 2024 - HACE",
https://alusteel.net/en/events/hace/hace-2024,https://alusteel.net/media/fzaje400/img-20241017-wa0036.jpg,"Alusteel For Hotel, Restaurant, kitchen Equipment - HACE 2024 - HACE",
https://alusteel.net/en/events/hace/hace-2024,https://alusteel.net/media/ugbmr3fd/img-20241017-wa0039.jpg,"Alusteel For Hotel, Restaurant, kitchen Equipment - HACE 2024 - HACE",
https://alusteel.net/en/events/hace/hace-2024,https://alusteel.net/media/tavba4mn/img-20241017-wa0026.jpg,"Alusteel For Hotel, Restaurant, kitchen Equipment - HACE 2024 - HACE",
https://alusteel.net/en/events/horeca,https://alusteel.net/media/avfnaolo/alusteel-horeca2023.jpg,"Alusteel For Hotel, Restaurant, kitchen Equipment",
https://alusteel.net/en/events/horeca,https://alusteel.net/media/xudp0grm/alusteel-horecar2023.jpg,"Alusteel For Hotel, Restaurant, kitchen Equipment",
https://alusteel.net/en/events/horeca/jeddah-horeca-2023,https://alusteel.net/media/cxyeucbi/0ebd6276-08aa-4054-8960-e506cf9ce28b.jpg,"Alusteel For Hotel, Restaurant, kitchen Equipment - Jeddah HORECA 2023 - HORECA",
https://alusteel.net/en/events/horeca/jeddah-horeca-2023,https://alusteel.net/media/klof0rhy/6a5972b9-e9c1-40de-a27c-6167989db893.jpg,"Alusteel For Hotel, Restaurant, kitchen Equipment - Jeddah HORECA 2023 - HORECA",
https://alusteel.net/en/events/horeca/jeddah-horeca-2023,https://alusteel.net/media/k54pl1xq/6e8046d1-6b8f-4a72-8de8-3fc1e5a39864.jpg,"Alusteel For Hotel, Restaurant, kitchen Equipment - Jeddah HORECA 2023 - HORECA",
https://alusteel.net/en/events/horeca/jeddah-horeca-2023,https://alusteel.net/media/qf4gizc4/8fe938d7-6edc-45e8-bb48-4857db2f9fe0.jpg,"Alusteel For Hotel, Restaurant, kitchen Equipment - Jeddah HORECA 2023 - HORECA",
https://alusteel.net/en/events/horeca/jeddah-horeca-2023,https://alusteel.net/media/eyshqg0s/313f1838-4298-43b3-bf4c-d5743452edf7.jpg,"Alusteel For Hotel, Restaurant, kitchen Equipment - Jeddah HORECA 2023 - HORECA",
https://alusteel.net/en/events/horeca/jeddah-horeca-2023,https://alusteel.net/media/l01dteqv/17d58c8a-5912-42d6-afac-ed15f49da4f0.jpg,"Alusteel For Hotel, Restaurant, kitchen Equipment - Jeddah HORECA 2023 - HORECA",
https://alusteel.net/en/events/horeca/jeddah-horeca-2023,https://alusteel.net/media/i4cb1w2n/0ebd6276-08aa-4054-8960-e506cf9ce28b.jpg,"Alusteel For Hotel, Restaurant, kitchen Equipment - Jeddah HORECA 2023 - HORECA",
https://alusteel.net/en/events/horeca/jeddah-horeca-2023,https://alusteel.net/media/fwwnm0o5/6a5972b9-e9c1-40de-a27c-6167989db893.jpg,"Alusteel For Hotel, Restaurant, kitchen Equipment - Jeddah HORECA 2023 - HORECA",
https://alusteel.net/en/events/horeca/jeddah-horeca-2023,https://alusteel.net/media/40vd1cy2/6e8046d1-6b8f-4a72-8de8-3fc1e5a39864.jpg,"Alusteel For Hotel, Restaurant, kitchen Equipment - Jeddah HORECA 2023 - HORECA",
https://alusteel.net/en/events/horeca/jeddah-horeca-2023,https://alusteel.net/media/vlbpt4hv/8fe938d7-6edc-45e8-bb48-4857db2f9fe0.jpg,"Alusteel For Hotel, Restaurant, kitchen Equipment - Jeddah HORECA 2023 - HORECA",
https://alusteel.net/en/events/horeca/jeddah-horeca-2023,https://alusteel.net/media/usrhvjwn/17d58c8a-5912-42d6-afac-ed15f49da4f0.jpg,"Alusteel For Hotel, Restaurant, kitchen Equipment - Jeddah HORECA 2023 - HORECA",
https://alusteel.net/en/events/horeca/jeddah-horeca-2023,https://alusteel.net/media/vwndxqa4/313f1838-4298-43b3-bf4c-d5743452edf7.jpg,"Alusteel For Hotel, Restaurant, kitchen Equipment - Jeddah HORECA 2023 - HORECA",
https://alusteel.net/en/events/horeca/jeddah-horeca-2023,https://alusteel.net/media/hn4i3zok/33051ddf-8ca3-4ae7-b30f-c07f79216441.jpg,"Alusteel For Hotel, Restaurant, kitchen Equipment - Jeddah HORECA 2023 - HORECA",
https://alusteel.net/en/events/horeca/jeddah-horeca-2023,https://alusteel.net/media/qqlhyyju/a86ddf43-5f8e-4fe2-9ff7-6e0a068b9779.jpg,"Alusteel For Hotel, Restaurant, kitchen Equipment - Jeddah HORECA 2023 - HORECA",
https://alusteel.net/en/events/horeca/jeddah-horeca-2023,https://alusteel.net/media/nedls0pj/b02dbef2-ef41-4cbd-8fb3-6ed6a5e8bc2b.jpg,"Alusteel For Hotel, Restaurant, kitchen Equipment - Jeddah HORECA 2023 - HORECA",
https://alusteel.net/en/events/horeca/jeddah-horeca-2023,https://alusteel.net/media/cusmuqsx/c96a8904-5b62-4b8d-b53f-40a36218c140.jpg,"Alusteel For Hotel, Restaurant, kitchen Equipment - Jeddah HORECA 2023 - HORECA",
https://alusteel.net/en/events/horeca/jeddah-horeca-2023,https://alusteel.net/media/4zoit5h1/e6aeed54-fb4b-47c9-a4ab-d4be2e1484ed.jpg,"Alusteel For Hotel, Restaurant, kitchen Equipment - Jeddah HORECA 2023 - HORECA",
https://alusteel.net/en/events/horeca/jeddah-horeca-2023,https://alusteel.net/media/zq0nxxxs/ede0dfac-f190-44da-92ef-0ef284a28418.jpg,"Alusteel For Hotel, Restaurant, kitchen Equipment - Jeddah HORECA 2023 - HORECA",
https://alusteel.net/en/events/horeca/jeddah-horeca-2023,https://alusteel.net/media/2hndilix/ef720f10-07af-4768-8307-8257859049e1.jpg,"Alusteel For Hotel, Restaurant, kitchen Equipment - Jeddah HORECA 2023 - HORECA",
https://alusteel.net/en/events/horeca/riyad-horeca-2023,https://alusteel.net/media/ejnbwcyl/269898795_5030862813672001_7385696028905589680_n.jpg,"Alusteel For Hotel, Restaurant, kitchen Equipment - Riyad HORECA 2023 - HORECA",
https://alusteel.net/en/events/horeca/riyad-horeca-2023,https://alusteel.net/media/4fkfdlvl/269931608_5022304287861187_7062751167078200068_n.jpg,"Alusteel For Hotel, Restaurant, kitchen Equipment - Riyad HORECA 2023 - HORECA",
https://alusteel.net/en/events/horeca/riyad-horeca-2023,https://alusteel.net/media/zs1cohuz/269936544_5022563521168597_4303732687217219391_n.jpg,"Alusteel For Hotel, Restaurant, kitchen Equipment - Riyad HORECA 2023 - HORECA",
https://alusteel.net/en/events/horeca/riyad-horeca-2023,https://alusteel.net/media/ewnn324w/269940117_5022566847834931_4797552888838824468_n.jpg,"Alusteel For Hotel, Restaurant, kitchen Equipment - Riyad HORECA 2023 - HORECA",
https://alusteel.net/en/events/horeca/riyad-horeca-2023,https://alusteel.net/media/fqcpdetp/269956134_5022569487834667_7020952309833307243_n.jpg,"Alusteel For Hotel, Restaurant, kitchen Equipment - Riyad HORECA 2023 - HORECA",
https://alusteel.net/en/events/horeca/riyad-horeca-2023,https://alusteel.net/media/ue5b0prk/269956976_5022307934527489_2934138635462584115_n.jpg,"Alusteel For Hotel, Restaurant, kitchen Equipment - Riyad HORECA 2023 - HORECA",
https://alusteel.net/en/events/horeca/riyad-horeca-2023,https://alusteel.net/media/ofjf5cx5/269958144_5022299884528294_4851734043725659320_n.jpg,"Alusteel For Hotel, Restaurant, kitchen Equipment - Riyad HORECA 2023 - HORECA",
https://alusteel.net/en/events/horeca/riyad-horeca-2023,https://alusteel.net/media/egcddmbm/270085685_5030868480338101_8161419801455891693_n.jpg,"Alusteel For Hotel, Restaurant, kitchen Equipment - Riyad HORECA 2023 - HORECA",
https://alusteel.net/en/events/horeca/riyad-horeca-2023,https://alusteel.net/media/jfxnhblx/270093203_5030889570335992_4823680086276276881_n.jpg,"Alusteel For Hotel, Restaurant, kitchen Equipment - Riyad HORECA 2023 - HORECA",
https://alusteel.net/en/events/horeca/riyad-horeca-2023,https://alusteel.net/media/5kkpi1oe/270099702_5030917600333189_9130739422379902493_n.jpg,"Alusteel For Hotel, Restaurant, kitchen Equipment - Riyad HORECA 2023 - HORECA",
https://alusteel.net/en/events/horeca/riyad-horeca-2023,https://alusteel.net/media/ggbjhscw/270104675_5030935163664766_1695346596809610156_n.jpg,"Alusteel For Hotel, Restaurant, kitchen Equipment - Riyad HORECA 2023 - HORECA",
https://alusteel.net/en/events/horeca/riyad-horeca-2023,https://alusteel.net/media/b1vpipsx/270105285_5030907997000816_2808759067941689371_n.jpg,"Alusteel For Hotel, Restaurant, kitchen Equipment - Riyad HORECA 2023 - HORECA",
https://alusteel.net/en/events/horeca/riyad-horeca-2023,https://alusteel.net/media/v5tezscz/270116264_5030855057006110_4858048877585667862_n.jpg,"Alusteel For Hotel, Restaurant, kitchen Equipment - Riyad HORECA 2023 - HORECA",
https://alusteel.net/en/events/horeca/riyad-horeca-2023,https://alusteel.net/media/egkdppfy/270116866_5030911037000512_221910764287268506_n.jpg,"Alusteel For Hotel, Restaurant, kitchen Equipment - Riyad HORECA 2023 - HORECA",
https://alusteel.net/en/events/horeca/riyad-horeca-2023,https://alusteel.net/media/f0hba3p4/270118037_5030860867005529_971985384238567069_n.jpg,"Alusteel For Hotel, Restaurant, kitchen Equipment - Riyad HORECA 2023 - HORECA",
https://alusteel.net/en/events/horeca/riyad-horeca-2023,https://alusteel.net/media/slepzewd/270124708_5030914903666792_50978941993640470_n.jpg,"Alusteel For Hotel, Restaurant, kitchen Equipment - Riyad HORECA 2023 - HORECA",
https://alusteel.net/en/events/horeca/riyad-horeca-2023,https://alusteel.net/media/ogafobwi/270126740_5030858167005799_7178758529194679882_n.jpg,"Alusteel For Hotel, Restaurant, kitchen Equipment - Riyad HORECA 2023 - HORECA",
https://alusteel.net/en/events/horeca/riyad-horeca-2023,https://alusteel.net/media/k2olvmjz/270168827_5030899943668288_7732763813886307461_n.jpg,"Alusteel For Hotel, Restaurant, kitchen Equipment - Riyad HORECA 2023 - HORECA",
https://alusteel.net/en/events/horeca/riyad-horeca-2023,https://alusteel.net/media/ebhmulgw/alusteel-hace2021.jpg,"Alusteel For Hotel, Restaurant, kitchen Equipment - Riyad HORECA 2023 - HORECA",
https://alusteel.net/en/events/horeca/riyad-horeca-2023,https://alusteel.net/media/0i5ehzpr/1a894025-2a0f-4992-9cd0-6aa3e60580ef.jpg,"Alusteel For Hotel, Restaurant, kitchen Equipment - Riyad HORECA 2023 - HORECA",
https://alusteel.net/en/events/horeca/riyad-horeca-2023,https://alusteel.net/media/uqdin3od/1ce00fa8-a523-44d1-84f5-c1f7dd6b4cf8.jpg,"Alusteel For Hotel, Restaurant, kitchen Equipment - Riyad HORECA 2023 - HORECA",
https://alusteel.net/en/events/horeca/riyad-horeca-2023,https://alusteel.net/media/w3ahfjdb/3a3764bb-fd50-44a0-8315-86a460ff71e7.jpg,"Alusteel For Hotel, Restaurant, kitchen Equipment - Riyad HORECA 2023 - HORECA",
https://alusteel.net/en/events/horeca/riyad-horeca-2023,https://alusteel.net/media/quxpdmxz/3b1d4592-804c-4539-99b8-fd67968aa017.jpg,"Alusteel For Hotel, Restaurant, kitchen Equipment - Riyad HORECA 2023 - HORECA",
https://alusteel.net/en/events/horeca/riyad-horeca-2023,https://alusteel.net/media/km1bewwk/3e747a05-fd7a-41e1-84a7-42ba4b071626.jpg,"Alusteel For Hotel, Restaurant, kitchen Equipment - Riyad HORECA 2023 - HORECA",
https://alusteel.net/en/events/horeca/riyad-horeca-2023,https://alusteel.net/media/4agazyh5/46de39f2-7271-4aa4-8da1-a77be9534733.jpg,"Alusteel For Hotel, Restaurant, kitchen Equipment - Riyad HORECA 2023 - HORECA",
https://alusteel.net/en/events/horeca/riyad-horeca-2023,https://alusteel.net/media/eczj2i4v/7182fc4c-46c1-413a-bfc2-4c6b8c5d399c.jpg,"Alusteel For Hotel, Restaurant, kitchen Equipment - Riyad HORECA 2023 - HORECA",
https://alusteel.net/en/events/horeca/riyad-horeca-2023,https://alusteel.net/media/5xbpw412/98307077-fa83-4df2-8829-ac631714b8cf.jpg,"Alusteel For Hotel, Restaurant, kitchen Equipment - Riyad HORECA 2023 - HORECA",
https://alusteel.net/en/events/horeca/riyad-horeca-2023,https://alusteel.net/media/ebectf3v/a0c78806-204b-4644-9512-abfb1a5959c8.jpg,"Alusteel For Hotel, Restaurant, kitchen Equipment - Riyad HORECA 2023 - HORECA",
https://alusteel.net/en/events/horeca/riyad-horeca-2023,https://alusteel.net/media/yqihszlz/a3ba0dcd-f969-483d-bdad-d97a2592c481.jpg,"Alusteel For Hotel, Restaurant, kitchen Equipment - Riyad HORECA 2023 - HORECA",
https://alusteel.net/en/events/horeca/riyad-horeca-2023,https://alusteel.net/media/rtgdj0yr/a8be0db0-a3e3-46b1-9edf-68dc733e9661.jpg,"Alusteel For Hotel, Restaurant, kitchen Equipment - Riyad HORECA 2023 - HORECA",
https://alusteel.net/en/events/horeca/riyad-horeca-2023,https://alusteel.net/media/ymqh2zxj/a88d478f-189f-4029-8c4e-a3ffc86fa68d.jpg,"Alusteel For Hotel, Restaurant, kitchen Equipment - Riyad HORECA 2023 - HORECA",
https://alusteel.net/en/events/horeca/riyad-horeca-2023,https://alusteel.net/media/xmzkrtey/adf40aee-a4a8-4e46-8cc6-5b250b893839.jpg,"Alusteel For Hotel, Restaurant, kitchen Equipment - Riyad HORECA 2023 - HORECA",
https://alusteel.net/en/events/horeca/riyad-horeca-2023,https://alusteel.net/media/t4mj0xol/c86185f3-5bd1-4222-a528-c242a4c9b909.jpg,"Alusteel For Hotel, Restaurant, kitchen Equipment - Riyad HORECA 2023 - HORECA",
https://alusteel.net/en/events/horeca/riyad-horeca-2023,https://alusteel.net/media/4jkhlsvj/cd090010-369b-49d1-898f-81adf3fe3116.jpg,"Alusteel For Hotel, Restaurant, kitchen Equipment - Riyad HORECA 2023 - HORECA",
https://alusteel.net/en/events/horeca/riyad-horeca-2023,https://alusteel.net/media/2jnltpgj/ec3df34a-1848-4c4a-8888-88351d8fe90d.jpg,"Alusteel For Hotel, Restaurant, kitchen Equipment - Riyad HORECA 2023 - HORECA",
https://alusteel.net/en/events/horeca/riyad-horeca-2023,https://alusteel.net/media/emqepqo4/ede1a829-d126-4f3e-a508-91f1f0ed6049.jpg,"Alusteel For Hotel, Restaurant, kitchen Equipment - Riyad HORECA 2023 - HORECA",
https://alusteel.net/en/events/horeca/riyad-horeca-2023,https://alusteel.net/media/tuinlbes/f18f23e4-279f-4f1b-8d97-53bce975bd58.jpg,"Alusteel For Hotel, Restaurant, kitchen Equipment - Riyad HORECA 2023 - HORECA",
https://alusteel.net/en/events/horeca/riyad-horeca-2023,https://alusteel.net/media/1y0csdx0/fa757593-f6ec-4b00-83eb-5a451c36778b.jpg,"Alusteel For Hotel, Restaurant, kitchen Equipment - Riyad HORECA 2023 - HORECA",
https://alusteel.net/en/events/cafex,https://alusteel.net/media/yykjuhou/alusteel-cafex2019.jpg,"Alusteel For Hotel, Restaurant, kitchen Equipment",
https://alusteel.net/en/events/cafex,https://alusteel.net/media/frsma5xj/cafex-2025-2.jpg,"Alusteel For Hotel, Restaurant, kitchen Equipment",
https://alusteel.net/en/events/cafex,https://alusteel.net/media/bqfbbljv/alusteel-cafex2018.jpg,"Alusteel For Hotel, Restaurant, kitchen Equipment",
https://alusteel.net/en/events/cafex,https://alusteel.net/media/qvim2rld/alusteel-cafex2017.jpg,"Alusteel For Hotel, Restaurant, kitchen Equipment",
https://alusteel.net/en/events/cafex,https://alusteel.net/media/qaugdfey/alusteel-cafex2016.jpg,"Alusteel For Hotel, Restaurant, kitchen Equipment",
https://alusteel.net/en/events/cafex,https://alusteel.net/media/r2rpbjdi/alusteel-cafex2021.jpg,"Alusteel For Hotel, Restaurant, kitchen Equipment",
https://alusteel.net/en/events/cafex,https://alusteel.net/media/ziqa244x/alusteel-cafex2022.jpg,"Alusteel For Hotel, Restaurant, kitchen Equipment",
https://alusteel.net/en/events/cafex/cafex-2019,https://alusteel.net/media/2wop33pv/56178511_2144888918964667_7123996433501388800_n.jpg,"Alusteel For Hotel, Restaurant, kitchen Equipment - Cafex 2019 - Cafex",
https://alusteel.net/en/events/cafex/cafex-2019,https://alusteel.net/media/uydbbn2c/56314655_2144889068964652_2771344453951029248_n.jpg,"Alusteel For Hotel, Restaurant, kitchen Equipment - Cafex 2019 - Cafex",
https://alusteel.net/en/events/cafex/cafex-2019,https://alusteel.net/media/244oquws/57649301_2173672212753004_3364340186098958336_n.jpg,"Alusteel For Hotel, Restaurant, kitchen Equipment - Cafex 2019 - Cafex",
https://alusteel.net/en/events/cafex/cafex-2019,https://alusteel.net/media/x2hkb5zp/58372662_2173671739419718_4512033680419454976_n.jpg,"Alusteel For Hotel, Restaurant, kitchen Equipment - Cafex 2019 - Cafex",
https://alusteel.net/en/events/cafex/cafex-2019,https://alusteel.net/media/njbbfutu/58444733_2173656159421276_6504214132789608448_n.jpg,"Alusteel For Hotel, Restaurant, kitchen Equipment - Cafex 2019 - Cafex",
https://alusteel.net/en/events/cafex/cafex-2019,https://alusteel.net/media/k0dfzasm/58570741_2173649272755298_4024985909471477760_n.jpg,"Alusteel For Hotel, Restaurant, kitchen Equipment - Cafex 2019 - Cafex",
https://alusteel.net/en/events/cafex/cafex-2019,https://alusteel.net/media/khfjj03y/58916913_2187704858016406_3582078196029325312_n.jpg,"Alusteel For Hotel, Restaurant, kitchen Equipment - Cafex 2019 - Cafex",
https://alusteel.net/en/events/cafex/cafex-2019,https://alusteel.net/media/ibbbprip/59414585_2187702948016597_4737978853161435136_n.jpg,"Alusteel For Hotel, Restaurant, kitchen Equipment - Cafex 2019 - Cafex",
https://alusteel.net/en/events/cafex/cafex-2019,https://alusteel.net/media/xvafollr/59418177_2187704391349786_1538491292978249728_n.jpg,"Alusteel For Hotel, Restaurant, kitchen Equipment - Cafex 2019 - Cafex",
https://alusteel.net/en/events/cafex/cafex-2019,https://alusteel.net/media/pv4bxqnq/59436613_2187703968016495_8905245943838801920_n.jpg,"Alusteel For Hotel, Restaurant, kitchen Equipment - Cafex 2019 - Cafex",
https://alusteel.net/en/events/cafex/cafex-2025,https://alusteel.net/media/frsma5xj/cafex-2025-2.jpg,"Alusteel For Hotel, Restaurant, kitchen Equipment - CAFEX 2025 - Cafex",
https://alusteel.net/en/events/cafex/cafex-2025,https://alusteel.net/media/d3znhclh/cafex-2025-3.jpg,"Alusteel For Hotel, Restaurant, kitchen Equipment - CAFEX 2025 - Cafex",
https://alusteel.net/en/events/cafex/cafex-2025,https://alusteel.net/media/oixpbgzp/cafex-2025-4.jpg,"Alusteel For Hotel, Restaurant, kitchen Equipment - CAFEX 2025 - Cafex",
https://alusteel.net/en/events/cafex/cafex-2025,https://alusteel.net/media/tslnvjsv/cafex-2025-5.jpg,"Alusteel For Hotel, Restaurant, kitchen Equipment - CAFEX 2025 - Cafex",
https://alusteel.net/en/events/cafex/cafex-2025,https://alusteel.net/media/uqzdwrzk/cafex-2025-6.jpg,"Alusteel For Hotel, Restaurant, kitchen Equipment - CAFEX 2025 - Cafex",
https://alusteel.net/en/events/cafex/cafex-2025,https://alusteel.net/media/jzab1th0/cafex-2025-7.jpg,"Alusteel For Hotel, Restaurant, kitchen Equipment - CAFEX 2025 - Cafex",
https://alusteel.net/en/events/cafex/cafex-2025,https://alusteel.net/media/3b4ddtdr/cafex-2025-8.jpg,"Alusteel For Hotel, Restaurant, kitchen Equipment - CAFEX 2025 - Cafex",
https://alusteel.net/en/events/cafex/cafex-2025,https://alusteel.net/media/ot2pfnvo/cafex-2025-9.jpg,"Alusteel For Hotel, Restaurant, kitchen Equipment - CAFEX 2025 - Cafex",
https://alusteel.net/en/events/cafex/cafex-2025,https://alusteel.net/media/0xxcvvb2/cafex-2025-10.jpg,"Alusteel For Hotel, Restaurant, kitchen Equipment - CAFEX 2025 - Cafex",
https://alusteel.net/en/events/cafex/cafex-2025,https://alusteel.net/media/swnn1r4u/cafex-2025-11.jpg,"Alusteel For Hotel, Restaurant, kitchen Equipment - CAFEX 2025 - Cafex",
https://alusteel.net/en/events/cafex/cafex-2025,https://alusteel.net/media/r2kiiojr/cafex-2025-12.jpg,"Alusteel For Hotel, Restaurant, kitchen Equipment - CAFEX 2025 - Cafex",
https://alusteel.net/en/events/cafex/cafex-2025,https://alusteel.net/media/cupp4gg1/cafex-2025-13.jpg,"Alusteel For Hotel, Restaurant, kitchen Equipment - CAFEX 2025 - Cafex",
https://alusteel.net/en/events/cafex/cafex-2025,https://alusteel.net/media/cz5gu1w0/cafex-2025-14.jpg,"Alusteel For Hotel, Restaurant, kitchen Equipment - CAFEX 2025 - Cafex",
https://alusteel.net/en/events/cafex/cafex-2018,https://alusteel.net/media/knsdu33h/30762577_1536323703160215_5225592464575823872_n.jpg,"Alusteel For Hotel, Restaurant, kitchen Equipment - Cafex 2018 - Cafex",
https://alusteel.net/en/events/cafex/cafex-2018,https://alusteel.net/media/rqcoppme/31113564_1536323753160210_7223308983761633280_n.jpg,"Alusteel For Hotel, Restaurant, kitchen Equipment - Cafex 2018 - Cafex",
https://alusteel.net/en/events/cafex/cafex-2018,https://alusteel.net/media/23zousaa/31357685_1663247277128836_7111034183547355136_n.jpg,"Alusteel For Hotel, Restaurant, kitchen Equipment - Cafex 2018 - Cafex",
https://alusteel.net/en/events/cafex/cafex-2018,https://alusteel.net/media/4z3fyb1s/37578108_1771423512977878_6980921065597829120_n.jpg,"Alusteel For Hotel, Restaurant, kitchen Equipment - Cafex 2018 - Cafex",
https://alusteel.net/en/events/cafex/cafex-2018,https://alusteel.net/media/erudrynb/42205400_1865665083553720_3972598496850083840_n.jpg,"Alusteel For Hotel, Restaurant, kitchen Equipment - Cafex 2018 - Cafex",
https://alusteel.net/en/events/cafex/cafex-2018,https://alusteel.net/media/yboi5qvf/42278058_1865667643553464_1949997452547325952_n.jpg,"Alusteel For Hotel, Restaurant, kitchen Equipment - Cafex 2018 - Cafex",
https://alusteel.net/en/events/cafex/cafex-2018,https://alusteel.net/media/i0kdbb2f/42296282_1865666546886907_3173612615607779328_n.jpg,"Alusteel For Hotel, Restaurant, kitchen Equipment - Cafex 2018 - Cafex",
https://alusteel.net/en/events/cafex/cafex-2018,https://alusteel.net/media/msoixb1n/42298538_1865666230220272_7766003085435994112_n.jpg,"Alusteel For Hotel, Restaurant, kitchen Equipment - Cafex 2018 - Cafex",
https://alusteel.net/en/events/cafex/cafex-2018,https://alusteel.net/media/xjkomn4x/42369916_1865666700220225_4735670346894540800_n.jpg,"Alusteel For Hotel, Restaurant, kitchen Equipment - Cafex 2018 - Cafex",
https://alusteel.net/en/events/cafex/cafex-2018,https://alusteel.net/media/xu1pv0ny/53211726_2102972029823023_7691965653208530944_n.jpg,"Alusteel For Hotel, Restaurant, kitchen Equipment - Cafex 2018 - Cafex",
https://alusteel.net/en/events/cafex/cafex-2017,https://alusteel.net/media/eeqlewf2/dsc_0323.jpg,"Alusteel For Hotel, Restaurant, kitchen Equipment - Cafex 2017 - Cafex",
https://alusteel.net/en/events/cafex/cafex-2017,https://alusteel.net/media/gm5fsl4s/dsc_0192.jpg,"Alusteel For Hotel, Restaurant, kitchen Equipment - Cafex 2017 - Cafex",
https://alusteel.net/en/events/cafex/cafex-2017,https://alusteel.net/media/nm5hyade/dsc_0038.jpg,"Alusteel For Hotel, Restaurant, kitchen Equipment - Cafex 2017 - Cafex",
https://alusteel.net/en/events/cafex/cafex-2017,https://alusteel.net/media/o4in251y/dsc_0039.jpg,"Alusteel For Hotel, Restaurant, kitchen Equipment - Cafex 2017 - Cafex",
https://alusteel.net/en/events/cafex/cafex-2017,https://alusteel.net/media/lvklvd40/dsc_0040.jpg,"Alusteel For Hotel, Restaurant, kitchen Equipment - Cafex 2017 - Cafex",
https://alusteel.net/en/events/cafex/cafex-2017,https://alusteel.net/media/03ihkfvo/dsc_0185.jpg,"Alusteel For Hotel, Restaurant, kitchen Equipment - Cafex 2017 - Cafex",
https://alusteel.net/en/events/cafex/cafex-2017,https://alusteel.net/media/e4abncnt/dsc_0036.jpg,"Alusteel For Hotel, Restaurant, kitchen Equipment - Cafex 2017 - Cafex",
https://alusteel.net/en/events/cafex/cafex-2017,https://alusteel.net/media/larhrgb5/dsc_0029.jpg,"Alusteel For Hotel, Restaurant, kitchen Equipment - Cafex 2017 - Cafex",
https://alusteel.net/en/events/cafex/cafex-2017,https://alusteel.net/media/iwtjhd4d/dsc_0026.jpg,"Alusteel For Hotel, Restaurant, kitchen Equipment - Cafex 2017 - Cafex",
https://alusteel.net/en/events/cafex/cafex-2017,https://alusteel.net/media/lldboa0t/dsc_0025.jpg,"Alusteel For Hotel, Restaurant, kitchen Equipment - Cafex 2017 - Cafex",
https://alusteel.net/en/events/cafex/cafex-2017,https://alusteel.net/media/lijbqprc/dsc_0010.jpg,"Alusteel For Hotel, Restaurant, kitchen Equipment - Cafex 2017 - Cafex",
https://alusteel.net/en/events/cafex/cafex-2017,https://alusteel.net/media/saoime12/dsc_0012.jpg,"Alusteel For Hotel, Restaurant, kitchen Equipment - Cafex 2017 - Cafex",
https://alusteel.net/en/events/cafex/cafex-2017,https://alusteel.net/media/rvrhrg4u/dsc_0018.jpg,"Alusteel For Hotel, Restaurant, kitchen Equipment - Cafex 2017 - Cafex",
https://alusteel.net/en/events/cafex/cafex-2017,https://alusteel.net/media/aykfizij/dsc_0022.jpg,"Alusteel For Hotel, Restaurant, kitchen Equipment - Cafex 2017 - Cafex",
https://alusteel.net/en/events/cafex/cafex-2017,https://alusteel.net/media/rwlhcxy5/dsc_0008.jpg,"Alusteel For Hotel, Restaurant, kitchen Equipment - Cafex 2017 - Cafex",
https://alusteel.net/en/events/cafex/cafex-2017,https://alusteel.net/media/yu1aaatt/dsc_0006.jpg,"Alusteel For Hotel, Restaurant, kitchen Equipment - Cafex 2017 - Cafex",
https://alusteel.net/en/events/cafex/cafex-2016,https://alusteel.net/media/bxehr5ps/56281599_2147853005334925_3510225244298149888_n.jpg,"Alusteel For Hotel, Restaurant, kitchen Equipment - Cafex 2016 - Cafex",
https://alusteel.net/en/events/cafex/cafex-2016,https://alusteel.net/media/nc3ebvc1/12974253_950395755080662_5366562151422906916_n.jpg,"Alusteel For Hotel, Restaurant, kitchen Equipment - Cafex 2016 - Cafex",
https://alusteel.net/en/events/cafex/cafex-2016,https://alusteel.net/media/g3jnq5qz/12974371_950388355081402_3255287007020199675_n.jpg,"Alusteel For Hotel, Restaurant, kitchen Equipment - Cafex 2016 - Cafex",
https://alusteel.net/en/events/cafex/cafex-2016,https://alusteel.net/media/ocmjslux/12994481_950395701747334_7085951897172084613_n.jpg,"Alusteel For Hotel, Restaurant, kitchen Equipment - Cafex 2016 - Cafex",
https://alusteel.net/en/events/cafex/cafex-2016,https://alusteel.net/media/h5kjvbmt/13010809_950386881748216_2896453376537048389_n.jpg,"Alusteel For Hotel, Restaurant, kitchen Equipment - Cafex 2016 - Cafex",
https://alusteel.net/en/events/cafex/cafex-2016,https://alusteel.net/media/pbwnkmju/13015129_950395161747388_342911751689186849_n.jpg,"Alusteel For Hotel, Restaurant, kitchen Equipment - Cafex 2016 - Cafex",
https://alusteel.net/en/events/cafex/cafex-2016,https://alusteel.net/media/mtuhcjnz/13043344_950395935080644_728961928602222699_n.jpg,"Alusteel For Hotel, Restaurant, kitchen Equipment - Cafex 2016 - Cafex",
https://alusteel.net/en/events/cafex/cafex-2016,https://alusteel.net/media/dflboxgc/13051530_950385785081659_8649005068504018348_n.jpg,"Alusteel For Hotel, Restaurant, kitchen Equipment - Cafex 2016 - Cafex",
https://alusteel.net/en/events/cafex/cafex-2016,https://alusteel.net/media/5epgfxyo/13055340_950387825081455_636900540541898099_n.jpg,"Alusteel For Hotel, Restaurant, kitchen Equipment - Cafex 2016 - Cafex",
https://alusteel.net/en/events/cafex/cafex-2021,https://alusteel.net/media/ihijk4yr/179996482_2466169866859973_4583145954659844076_n.jpg,"Alusteel For Hotel, Restaurant, kitchen Equipment - Cafex 2021 - Cafex",
https://alusteel.net/en/events/cafex/cafex-2021,https://alusteel.net/media/p4idaws2/181664280_2466168910193402_2119890157259722793_n.jpg,"Alusteel For Hotel, Restaurant, kitchen Equipment - Cafex 2021 - Cafex",
https://alusteel.net/en/events/cafex/cafex-2021,https://alusteel.net/media/uqlj3j0o/275939113_4917150118405186_5836080341980549076_n.jpg,"Alusteel For Hotel, Restaurant, kitchen Equipment - Cafex 2021 - Cafex",
https://alusteel.net/en/events/cafex/cafex-2021,https://alusteel.net/media/garntrpz/275956238_4917149835071881_263035873088137409_n.jpg,"Alusteel For Hotel, Restaurant, kitchen Equipment - Cafex 2021 - Cafex",
https://alusteel.net/en/events/cafex/cafex-2022,https://alusteel.net/media/f4qf2clz/275939113_4917150118405186_5836080341980549076_n.jpg,"Alusteel For Hotel, Restaurant, kitchen Equipment - Cafex 2022 - Cafex",
https://alusteel.net/en/events/cafex/cafex-2022,https://alusteel.net/media/dh0fczbn/275956238_4917149835071881_263035873088137409_n.jpg,"Alusteel For Hotel, Restaurant, kitchen Equipment - Cafex 2022 - Cafex",
https://alusteel.net/en/events/iatf,https://alusteel.net/media/tfznjbwg/alusteel-iatf2018.jpg,"Alusteel For Hotel, Restaurant, kitchen Equipment",
https://alusteel.net/en/events/iatf/iatf-2018,https://alusteel.net/media/itepwiq1/182l.jpg,"Alusteel For Hotel, Restaurant, kitchen Equipment - IATF 2018 - IATF",
https://alusteel.net/en/events/iatf/iatf-2018,https://alusteel.net/media/rk0bj2gu/183l.jpg,"Alusteel For Hotel, Restaurant, kitchen Equipment - IATF 2018 - IATF",
https://alusteel.net/en/events/iatf/iatf-2018,https://alusteel.net/media/xgthmsyv/184l.jpg,"Alusteel For Hotel, Restaurant, kitchen Equipment - IATF 2018 - IATF",
https://alusteel.net/en/events/iatf/iatf-2018,https://alusteel.net/media/ax3l1bo4/185l.jpg,"Alusteel For Hotel, Restaurant, kitchen Equipment - IATF 2018 - IATF",
https://alusteel.net/en/articles,https://alusteel.net/media/3gbnyil2/167l.jpg,"Alusteel For Hotel, Restaurant, kitchen Equipment",
https://alusteel.net/en/articles,https://alusteel.net/media/nk0hlxjt/11.jpg,"Alusteel For Hotel, Restaurant, kitchen Equipment",
https://alusteel.net/en/articles,https://alusteel.net/media/kthfclpo/261152549_4539986749454860_98075750782175892_n-1.jpg,"Alusteel For Hotel, Restaurant, kitchen Equipment",
https://alusteel.net/en/articles,https://alusteel.net/media/iesbuyzb/banemari.jpg,"Alusteel For Hotel, Restaurant, kitchen Equipment",
https://alusteel.net/en/articles,https://alusteel.net/media/oviefjhh/كفر-مقال-الوستيل-فى-هيس-2025.jpg,"Alusteel For Hotel, Restaurant, kitchen Equipment",
https://alusteel.net/en/articles,https://alusteel.net/media/al2jtzdz/خبراء-الطهى-نرحب-بزيارتكم.jpg,"Alusteel For Hotel, Restaurant, kitchen Equipment",
https://alusteel.net/en/articles,https://alusteel.net/media/0jihidsa/149th.jpg,"Alusteel For Hotel, Restaurant, kitchen Equipment",
https://alusteel.net/en/articles,https://alusteel.net/media/cbchnyyj/الوستيل-معدات-المطاعم1.jpg,"Alusteel For Hotel, Restaurant, kitchen Equipment",
https://alusteel.net/en/articles,https://alusteel.net/media/hs2d1mdq/20171030_201530.jpg,"Alusteel For Hotel, Restaurant, kitchen Equipment",
https://alusteel.net/en/articles,https://alusteel.net/media/35nl0wcw/092.jpg,"Alusteel For Hotel, Restaurant, kitchen Equipment",
https://alusteel.net/en/articles,https://alusteel.net/media/larhrgb5/dsc_0029.jpg,"Alusteel For Hotel, Restaurant, kitchen Equipment",
https://alusteel.net/en/articles,https://alusteel.net/media/ccpj1gwq/img_0761.jpg,"Alusteel For Hotel, Restaurant, kitchen Equipment",
https://alusteel.net/en/articles,https://alusteel.net/media/zqgh12h4/article-stainless-steel-oven-industry.jpg,"Alusteel For Hotel, Restaurant, kitchen Equipment",
https://alusteel.net/en/articles,https://alusteel.net/media/ww4lp25s/boilng-ban.jpg,"Alusteel For Hotel, Restaurant, kitchen Equipment",
https://alusteel.net/en/articles,https://alusteel.net/media/5vqny4jk/telting-ban.jpg,"Alusteel For Hotel, Restaurant, kitchen Equipment",
https://alusteel.net/en/articles,https://alusteel.net/media/r11hx4qx/electric-stove.jpg,"Alusteel For Hotel, Restaurant, kitchen Equipment",
https://alusteel.net/en/articles,https://alusteel.net/media/pncdvclo/gas-stove.jpg,"Alusteel For Hotel, Restaurant, kitchen Equipment",
https://alusteel.net/en/articles,https://alusteel.net/media/xp3bdoj3/electric-fryer.jpg,"Alusteel For Hotel, Restaurant, kitchen Equipment",
https://alusteel.net/en/articles,https://alusteel.net/media/rtcivuyv/grill.jpg,"Alusteel For Hotel, Restaurant, kitchen Equipment",
https://alusteel.net/en/articles,https://alusteel.net/media/xgzhfcxo/pasta-cooker.jpg,"Alusteel For Hotel, Restaurant, kitchen Equipment",
https://alusteel.net/en/articles,https://alusteel.net/media/bxnlzecx/فرن-بيتزا-حطب-2.jpg,"Alusteel For Hotel, Restaurant, kitchen Equipment",
https://alusteel.net/en/articles,https://alusteel.net/media/zefbvzum/فرن-بيتزا-حطب-1.jpg,"Alusteel For Hotel, Restaurant, kitchen Equipment",
https://alusteel.net/en/articles,https://alusteel.net/media/ybinclav/ثلاجة-تحضير-بيتزا.jpg,"Alusteel For Hotel, Restaurant, kitchen Equipment",
https://alusteel.net/en/articles,https://alusteel.net/media/cjajokdt/09.jpg,"Alusteel For Hotel, Restaurant, kitchen Equipment",
https://alusteel.net/en/articles/hotel-and-restaurant-equipment,https://alusteel.net/media/m1fkr1ax/44093870_1900313670088861_8267099015804354560_n.jpg,"Alusteel For Hotel, Restaurant, kitchen Equipment - Hotel and restaurant equipment - Articles",
https://alusteel.net/en/articles/hotel-and-restaurant-equipment,https://alusteel.net/media/bwwdoefl/20171030_201811.jpg,"Alusteel For Hotel, Restaurant, kitchen Equipment - Hotel and restaurant equipment - Articles",
https://alusteel.net/en/articles/hotel-and-restaurant-equipment,https://alusteel.net/media/bocfmypc/47475893_1967769863343241_1350516916782891008_n.jpg,"Alusteel For Hotel, Restaurant, kitchen Equipment - Hotel and restaurant equipment - Articles",
https://alusteel.net/en/articles/hotel-and-restaurant-equipment,https://alusteel.net/media/s1cj4ls4/بان-مارى-اوفر-كونتر.jpg,"Alusteel For Hotel, Restaurant, kitchen Equipment",
https://alusteel.net/en/articles/hotel-and-restaurant-equipment,https://alusteel.net/media/bxnlzecx/فرن-بيتزا-حطب-2.jpg,"Alusteel For Hotel, Restaurant, kitchen Equipment",
https://alusteel.net/en/articles/hotel-and-restaurant-equipment,https://alusteel.net/media/vu4ng5ee/شوايات-حطب.jpg,"Alusteel For Hotel, Restaurant, kitchen Equipment",
https://alusteel.net/en/articles/hotel-and-restaurant-equipment,https://alusteel.net/media/0k2n2u0d/شوايات-دوارة.jpg,"Alusteel For Hotel, Restaurant, kitchen Equipment",
https://alusteel.net/en/articles/hotel-and-restaurant-equipment,https://alusteel.net/media/mg3h3bva/فرن-بطاطس-كومبير-2.jpg,"Alusteel For Hotel, Restaurant, kitchen Equipment",
https://alusteel.net/en/articles/hotel-and-restaurant-equipment,https://alusteel.net/media/grxcakgd/فرن-عيش.jpg,"Alusteel For Hotel, Restaurant, kitchen Equipment",
https://alusteel.net/en/articles/hotel-and-restaurant-equipment,https://alusteel.net/media/jkvbzvv4/فرن-تدخين.jpg,"Alusteel For Hotel, Restaurant, kitchen Equipment",
https://alusteel.net/en/articles/hotel-and-restaurant-equipment,https://alusteel.net/media/lzvnpozm/شواية-فراخ-كهرباء.jpg,"Alusteel For Hotel, Restaurant, kitchen Equipment",
https://alusteel.net/en/articles/the-impact-of-technology-on-the-stainless-steel-industry,https://alusteel.net/media/zjifmhl0/37578108_1771423512977878_6980921065597829120_n.jpg,"Alusteel For Hotel, Restaurant, kitchen Equipment - The impact of technology on the stainless steel industry - Articles",
https://alusteel.net/en/articles/the-impact-of-technology-on-the-stainless-steel-industry,https://alusteel.net/media/q2qpscd1/42205400_1865665083553720_3972598496850083840_n.jpg,"Alusteel For Hotel, Restaurant, kitchen Equipment - The impact of technology on the stainless steel industry - Articles",
https://alusteel.net/en/articles/the-impact-of-technology-on-the-stainless-steel-industry,https://alusteel.net/media/prvl5tex/44269440_1900313570088871_3779987488710328320_n.jpg,"Alusteel For Hotel, Restaurant, kitchen Equipment - The impact of technology on the stainless steel industry - Articles",
https://alusteel.net/en/articles/the-impact-of-technology-on-the-stainless-steel-industry,https://alusteel.net/media/4s0ph302/49816873_2019714301482130_2215635665066917888_n.jpg,"Alusteel For Hotel, Restaurant, kitchen Equipment - The impact of technology on the stainless steel industry - Articles",
https://alusteel.net/en/articles/the-impact-of-technology-on-the-stainless-steel-industry,https://alusteel.net/media/haanejr2/52013926_2060609450725948_900481700818059264_n.jpg,"Alusteel For Hotel, Restaurant, kitchen Equipment - The impact of technology on the stainless steel industry - Articles",
https://alusteel.net/en/articles/the-impact-of-technology-on-the-stainless-steel-industry,https://alusteel.net/media/fk3iybsr/56666877_2147852955334930_5517421911652433920_n.jpg,"Alusteel For Hotel, Restaurant, kitchen Equipment - The impact of technology on the stainless steel industry - Articles",
https://alusteel.net/en/articles/the-impact-of-technology-on-the-stainless-steel-industry,https://alusteel.net/media/s1cj4ls4/بان-مارى-اوفر-كونتر.jpg,"Alusteel For Hotel, Restaurant, kitchen Equipment",
https://alusteel.net/en/articles/the-impact-of-technology-on-the-stainless-steel-industry,https://alusteel.net/media/bxnlzecx/فرن-بيتزا-حطب-2.jpg,"Alusteel For Hotel, Restaurant, kitchen Equipment",
https://alusteel.net/en/articles/the-impact-of-technology-on-the-stainless-steel-industry,https://alusteel.net/media/vu4ng5ee/شوايات-حطب.jpg,"Alusteel For Hotel, Restaurant, kitchen Equipment",
https://alusteel.net/en/articles/the-impact-of-technology-on-the-stainless-steel-industry,https://alusteel.net/media/0k2n2u0d/شوايات-دوارة.jpg,"Alusteel For Hotel, Restaurant, kitchen Equipment",
https://alusteel.net/en/articles/the-impact-of-technology-on-the-stainless-steel-industry,https://alusteel.net/media/mg3h3bva/فرن-بطاطس-كومبير-2.jpg,"Alusteel For Hotel, Restaurant, kitchen Equipment",
https://alusteel.net/en/articles/the-impact-of-technology-on-the-stainless-steel-industry,https://alusteel.net/media/grxcakgd/فرن-عيش.jpg,"Alusteel For Hotel, Restaurant, kitchen Equipment",
https://alusteel.net/en/articles/the-impact-of-technology-on-the-stainless-steel-industry,https://alusteel.net/media/jkvbzvv4/فرن-تدخين.jpg,"Alusteel For Hotel, Restaurant, kitchen Equipment",
https://alusteel.net/en/articles/the-impact-of-technology-on-the-stainless-steel-industry,https://alusteel.net/media/lzvnpozm/شواية-فراخ-كهرباء.jpg,"Alusteel For Hotel, Restaurant, kitchen Equipment",
https://alusteel.net/en/articles/the-most-prominent-trends-in-restaurant-equipment-design,https://alusteel.net/media/gq2czpyi/328429637_587702149477296_4153431115415337185_n.jpg,"Alusteel For Hotel, Restaurant, kitchen Equipment - The most prominent trends in restaurant equipment design - Articles",
https://alusteel.net/en/articles/the-most-prominent-trends-in-restaurant-equipment-design,https://alusteel.net/media/1ecmiaca/328433751_1207108503513576_8031184087957533300_n.jpg,"Alusteel For Hotel, Restaurant, kitchen Equipment - The most prominent trends in restaurant equipment design - Articles",
https://alusteel.net/en/articles/the-most-prominent-trends-in-restaurant-equipment-design,https://alusteel.net/media/vwgpyfyu/329182045_1257809805084149_5706072533232234952_n.jpg,"Alusteel For Hotel, Restaurant, kitchen Equipment - The most prominent trends in restaurant equipment design - Articles",
https://alusteel.net/en/articles/the-most-prominent-trends-in-restaurant-equipment-design,https://alusteel.net/media/2c5j3ndi/329445422_875512563733661_5348493177571817463_n.jpg,"Alusteel For Hotel, Restaurant, kitchen Equipment - The most prominent trends in restaurant equipment design - Articles",
https://alusteel.net/en/articles/the-most-prominent-trends-in-restaurant-equipment-design,https://alusteel.net/media/kyyfhvvj/329793608_855506975538667_3028188712974720304_n.jpg,"Alusteel For Hotel, Restaurant, kitchen Equipment - The most prominent trends in restaurant equipment design - Articles",
https://alusteel.net/en/articles/the-most-prominent-trends-in-restaurant-equipment-design,https://alusteel.net/media/kbinxwxc/334081362_1700698520345383_1254947213021034869_n.jpg,"Alusteel For Hotel, Restaurant, kitchen Equipment - The most prominent trends in restaurant equipment design - Articles",
https://alusteel.net/en/articles/the-most-prominent-trends-in-restaurant-equipment-design,https://alusteel.net/media/s1cj4ls4/بان-مارى-اوفر-كونتر.jpg,"Alusteel For Hotel, Restaurant, kitchen Equipment",
https://alusteel.net/en/articles/the-most-prominent-trends-in-restaurant-equipment-design,https://alusteel.net/media/bxnlzecx/فرن-بيتزا-حطب-2.jpg,"Alusteel For Hotel, Restaurant, kitchen Equipment",
https://alusteel.net/en/articles/the-most-prominent-trends-in-restaurant-equipment-design,https://alusteel.net/media/vu4ng5ee/شوايات-حطب.jpg,"Alusteel For Hotel, Restaurant, kitchen Equipment",
https://alusteel.net/en/articles/the-most-prominent-trends-in-restaurant-equipment-design,https://alusteel.net/media/0k2n2u0d/شوايات-دوارة.jpg,"Alusteel For Hotel, Restaurant, kitchen Equipment",
https://alusteel.net/en/articles/the-most-prominent-trends-in-restaurant-equipment-design,https://alusteel.net/media/mg3h3bva/فرن-بطاطس-كومبير-2.jpg,"Alusteel For Hotel, Restaurant, kitchen Equipment",
https://alusteel.net/en/articles/the-most-prominent-trends-in-restaurant-equipment-design,https://alusteel.net/media/grxcakgd/فرن-عيش.jpg,"Alusteel For Hotel, Restaurant, kitchen Equipment",
https://alusteel.net/en/articles/the-most-prominent-trends-in-restaurant-equipment-design,https://alusteel.net/media/jkvbzvv4/فرن-تدخين.jpg,"Alusteel For Hotel, Restaurant, kitchen Equipment",
https://alusteel.net/en/articles/the-most-prominent-trends-in-restaurant-equipment-design,https://alusteel.net/media/lzvnpozm/شواية-فراخ-كهرباء.jpg,"Alusteel For Hotel, Restaurant, kitchen Equipment",
https://alusteel.net/en/articles/bane-mari,https://alusteel.net/media/iesbuyzb/banemari.jpg,"Alusteel For Hotel, Restaurant, kitchen Equipment - Bane Mari - Articles",
https://alusteel.net/en/articles/bane-mari,https://alusteel.net/media/s1cj4ls4/بان-مارى-اوفر-كونتر.jpg,"Alusteel For Hotel, Restaurant, kitchen Equipment - Bane Mari - Articles",
https://alusteel.net/en/articles/bane-mari,https://alusteel.net/media/0xyc44jr/بان-مارى.jpg,"Alusteel For Hotel, Restaurant, kitchen Equipment - Bane Mari - Articles",
https://alusteel.net/en/articles/bane-mari,https://alusteel.net/media/bxnlzecx/فرن-بيتزا-حطب-2.jpg,"Alusteel For Hotel, Restaurant, kitchen Equipment",
https://alusteel.net/en/articles/bane-mari,https://alusteel.net/media/vu4ng5ee/شوايات-حطب.jpg,"Alusteel For Hotel, Restaurant, kitchen Equipment",
https://alusteel.net/en/articles/bane-mari,https://alusteel.net/media/0k2n2u0d/شوايات-دوارة.jpg,"Alusteel For Hotel, Restaurant, kitchen Equipment",
https://alusteel.net/en/articles/bane-mari,https://alusteel.net/media/mg3h3bva/فرن-بطاطس-كومبير-2.jpg,"Alusteel For Hotel, Restaurant, kitchen Equipment",
https://alusteel.net/en/articles/bane-mari,https://alusteel.net/media/grxcakgd/فرن-عيش.jpg,"Alusteel For Hotel, Restaurant, kitchen Equipment",
https://alusteel.net/en/articles/bane-mari,https://alusteel.net/media/jkvbzvv4/فرن-تدخين.jpg,"Alusteel For Hotel, Restaurant, kitchen Equipment",
https://alusteel.net/en/articles/bane-mari,https://alusteel.net/media/lzvnpozm/شواية-فراخ-كهرباء.jpg,"Alusteel For Hotel, Restaurant, kitchen Equipment",
https://alusteel.net/en/articles/alusteel-at-hace-hotel-expo-2025-renewed-leadership-in-the-world-of-hotel-kitchen-equipment,https://alusteel.net/media/oviefjhh/كفر-مقال-الوستيل-فى-هيس-2025.jpg,"Alusteel For Hotel, Restaurant, kitchen Equipment - Alusteel at HACE Hotel Expo 2025: Renewed leadership in the world of hotel kitchen equipment - Articles",
https://alusteel.net/en/articles/alusteel-at-hace-hotel-expo-2025-renewed-leadership-in-the-world-of-hotel-kitchen-equipment,https://alusteel.net/media/s1cj4ls4/بان-مارى-اوفر-كونتر.jpg,"Alusteel For Hotel, Restaurant, kitchen Equipment",
https://alusteel.net/en/articles/alusteel-at-hace-hotel-expo-2025-renewed-leadership-in-the-world-of-hotel-kitchen-equipment,https://alusteel.net/media/bxnlzecx/فرن-بيتزا-حطب-2.jpg,"Alusteel For Hotel, Restaurant, kitchen Equipment",
https://alusteel.net/en/articles/alusteel-at-hace-hotel-expo-2025-renewed-leadership-in-the-world-of-hotel-kitchen-equipment,https://alusteel.net/media/vu4ng5ee/شوايات-حطب.jpg,"Alusteel For Hotel, Restaurant, kitchen Equipment",
https://alusteel.net/en/articles/alusteel-at-hace-hotel-expo-2025-renewed-leadership-in-the-world-of-hotel-kitchen-equipment,https://alusteel.net/media/0k2n2u0d/شوايات-دوارة.jpg,"Alusteel For Hotel, Restaurant, kitchen Equipment",
https://alusteel.net/en/articles/alusteel-at-hace-hotel-expo-2025-renewed-leadership-in-the-world-of-hotel-kitchen-equipment,https://alusteel.net/media/mg3h3bva/فرن-بطاطس-كومبير-2.jpg,"Alusteel For Hotel, Restaurant, kitchen Equipment",
https://alusteel.net/en/articles/alusteel-at-hace-hotel-expo-2025-renewed-leadership-in-the-world-of-hotel-kitchen-equipment,https://alusteel.net/media/grxcakgd/فرن-عيش.jpg,"Alusteel For Hotel, Restaurant, kitchen Equipment",
https://alusteel.net/en/articles/alusteel-at-hace-hotel-expo-2025-renewed-leadership-in-the-world-of-hotel-kitchen-equipment,https://alusteel.net/media/jkvbzvv4/فرن-تدخين.jpg,"Alusteel For Hotel, Restaurant, kitchen Equipment",
https://alusteel.net/en/articles/alusteel-at-hace-hotel-expo-2025-renewed-leadership-in-the-world-of-hotel-kitchen-equipment,https://alusteel.net/media/lzvnpozm/شواية-فراخ-كهرباء.jpg,"Alusteel For Hotel, Restaurant, kitchen Equipment",
https://alusteel.net/en/articles/innovation-in-culinary-service-and-alusteel-s-impact-on-the-world-of-professional-kitchens,https://alusteel.net/media/al2jtzdz/خبراء-الطهى-نرحب-بزيارتكم.jpg,"Alusteel For Hotel, Restaurant, kitchen Equipment - Innovation in Culinary Service and ALUSTEEL's Impact on the World of Professional Kitchens - Articles",
https://alusteel.net/en/articles/innovation-in-culinary-service-and-alusteel-s-impact-on-the-world-of-professional-kitchens,https://alusteel.net/media/s1cj4ls4/بان-مارى-اوفر-كونتر.jpg,"Alusteel For Hotel, Restaurant, kitchen Equipment",
https://alusteel.net/en/articles/innovation-in-culinary-service-and-alusteel-s-impact-on-the-world-of-professional-kitchens,https://alusteel.net/media/bxnlzecx/فرن-بيتزا-حطب-2.jpg,"Alusteel For Hotel, Restaurant, kitchen Equipment",
https://alusteel.net/en/articles/innovation-in-culinary-service-and-alusteel-s-impact-on-the-world-of-professional-kitchens,https://alusteel.net/media/vu4ng5ee/شوايات-حطب.jpg,"Alusteel For Hotel, Restaurant, kitchen Equipment",
https://alusteel.net/en/articles/innovation-in-culinary-service-and-alusteel-s-impact-on-the-world-of-professional-kitchens,https://alusteel.net/media/0k2n2u0d/شوايات-دوارة.jpg,"Alusteel For Hotel, Restaurant, kitchen Equipment",
https://alusteel.net/en/articles/innovation-in-culinary-service-and-alusteel-s-impact-on-the-world-of-professional-kitchens,https://alusteel.net/media/mg3h3bva/فرن-بطاطس-كومبير-2.jpg,"Alusteel For Hotel, Restaurant, kitchen Equipment",
https://alusteel.net/en/articles/innovation-in-culinary-service-and-alusteel-s-impact-on-the-world-of-professional-kitchens,https://alusteel.net/media/grxcakgd/فرن-عيش.jpg,"Alusteel For Hotel, Restaurant, kitchen Equipment",
https://alusteel.net/en/articles/innovation-in-culinary-service-and-alusteel-s-impact-on-the-world-of-professional-kitchens,https://alusteel.net/media/jkvbzvv4/فرن-تدخين.jpg,"Alusteel For Hotel, Restaurant, kitchen Equipment",
https://alusteel.net/en/articles/innovation-in-culinary-service-and-alusteel-s-impact-on-the-world-of-professional-kitchens,https://alusteel.net/media/lzvnpozm/شواية-فراخ-كهرباء.jpg,"Alusteel For Hotel, Restaurant, kitchen Equipment",
https://alusteel.net/en/articles/stainless-steel-industry-in-egypt,https://alusteel.net/media/jknda2l2/70l.jpg,"Alusteel For Hotel, Restaurant, kitchen Equipment - Stainless steel industry in Egypt - Articles",
https://alusteel.net/en/articles/stainless-steel-industry-in-egypt,https://alusteel.net/media/wi0lkbbu/28l.jpg,"Alusteel For Hotel, Restaurant, kitchen Equipment - Stainless steel industry in Egypt - Articles",
https://alusteel.net/en/articles/stainless-steel-industry-in-egypt,https://alusteel.net/media/gdwaf0hn/124l.jpg,"Alusteel For Hotel, Restaurant, kitchen Equipment - Stainless steel industry in Egypt - Articles",
https://alusteel.net/en/articles/stainless-steel-industry-in-egypt,https://alusteel.net/media/s1cj4ls4/بان-مارى-اوفر-كونتر.jpg,"Alusteel For Hotel, Restaurant, kitchen Equipment",
https://alusteel.net/en/articles/stainless-steel-industry-in-egypt,https://alusteel.net/media/bxnlzecx/فرن-بيتزا-حطب-2.jpg,"Alusteel For Hotel, Restaurant, kitchen Equipment",
https://alusteel.net/en/articles/stainless-steel-industry-in-egypt,https://alusteel.net/media/vu4ng5ee/شوايات-حطب.jpg,"Alusteel For Hotel, Restaurant, kitchen Equipment",
https://alusteel.net/en/articles/stainless-steel-industry-in-egypt,https://alusteel.net/media/0k2n2u0d/شوايات-دوارة.jpg,"Alusteel For Hotel, Restaurant, kitchen Equipment",
https://alusteel.net/en/articles/stainless-steel-industry-in-egypt,https://alusteel.net/media/mg3h3bva/فرن-بطاطس-كومبير-2.jpg,"Alusteel For Hotel, Restaurant, kitchen Equipment",
https://alusteel.net/en/articles/stainless-steel-industry-in-egypt,https://alusteel.net/media/grxcakgd/فرن-عيش.jpg,"Alusteel For Hotel, Restaurant, kitchen Equipment",
https://alusteel.net/en/articles/stainless-steel-industry-in-egypt,https://alusteel.net/media/jkvbzvv4/فرن-تدخين.jpg,"Alusteel For Hotel, Restaurant, kitchen Equipment",
https://alusteel.net/en/articles/stainless-steel-industry-in-egypt,https://alusteel.net/media/lzvnpozm/شواية-فراخ-كهرباء.jpg,"Alusteel For Hotel, Restaurant, kitchen Equipment",
https://alusteel.net/en/articles/egyptian-economy-and-industry,https://alusteel.net/media/hifdgz2j/137l.jpg,"Alusteel For Hotel, Restaurant, kitchen Equipment - Egyptian economy and industry - Articles",
https://alusteel.net/en/articles/egyptian-economy-and-industry,https://alusteel.net/media/lxsdvmvs/29l.jpg,"Alusteel For Hotel, Restaurant, kitchen Equipment - Egyptian economy and industry - Articles",
https://alusteel.net/en/articles/egyptian-economy-and-industry,https://alusteel.net/media/lp0jlh3u/66l.jpg,"Alusteel For Hotel, Restaurant, kitchen Equipment - Egyptian economy and industry - Articles",
https://alusteel.net/en/articles/egyptian-economy-and-industry,https://alusteel.net/media/ifhdu5lp/64l.jpg,"Alusteel For Hotel, Restaurant, kitchen Equipment - Egyptian economy and industry - Articles",
https://alusteel.net/en/articles/egyptian-economy-and-industry,https://alusteel.net/media/yzznixgf/103l.jpg,"Alusteel For Hotel, Restaurant, kitchen Equipment - Egyptian economy and industry - Articles",
https://alusteel.net/en/articles/egyptian-economy-and-industry,https://alusteel.net/media/riwcxthc/84l.jpg,"Alusteel For Hotel, Restaurant, kitchen Equipment - Egyptian economy and industry - Articles",
https://alusteel.net/en/articles/egyptian-economy-and-industry,https://alusteel.net/media/ncfltcv1/117l.jpg,"Alusteel For Hotel, Restaurant, kitchen Equipment - Egyptian economy and industry - Articles",
https://alusteel.net/en/articles/egyptian-economy-and-industry,https://alusteel.net/media/yzghwgwa/269th.jpg,"Alusteel For Hotel, Restaurant, kitchen Equipment - Egyptian economy and industry - Articles",
https://alusteel.net/en/articles/egyptian-economy-and-industry,https://alusteel.net/media/bm1dyamk/270th.jpg,"Alusteel For Hotel, Restaurant, kitchen Equipment - Egyptian economy and industry - Articles",
https://alusteel.net/en/articles/egyptian-economy-and-industry,https://alusteel.net/media/a1wlzy5j/260th.jpg,"Alusteel For Hotel, Restaurant, kitchen Equipment - Egyptian economy and industry - Articles",
https://alusteel.net/en/articles/egyptian-economy-and-industry,https://alusteel.net/media/2x4o5wpm/258th.jpg,"Alusteel For Hotel, Restaurant, kitchen Equipment - Egyptian economy and industry - Articles",
https://alusteel.net/en/articles/egyptian-economy-and-industry,https://alusteel.net/media/s1cj4ls4/بان-مارى-اوفر-كونتر.jpg,"Alusteel For Hotel, Restaurant, kitchen Equipment",
https://alusteel.net/en/articles/egyptian-economy-and-industry,https://alusteel.net/media/bxnlzecx/فرن-بيتزا-حطب-2.jpg,"Alusteel For Hotel, Restaurant, kitchen Equipment",
https://alusteel.net/en/articles/egyptian-economy-and-industry,https://alusteel.net/media/vu4ng5ee/شوايات-حطب.jpg,"Alusteel For Hotel, Restaurant, kitchen Equipment",
https://alusteel.net/en/articles/egyptian-economy-and-industry,https://alusteel.net/media/0k2n2u0d/شوايات-دوارة.jpg,"Alusteel For Hotel, Restaurant, kitchen Equipment",
https://alusteel.net/en/articles/egyptian-economy-and-industry,https://alusteel.net/media/mg3h3bva/فرن-بطاطس-كومبير-2.jpg,"Alusteel For Hotel, Restaurant, kitchen Equipment",
https://alusteel.net/en/articles/egyptian-economy-and-industry,https://alusteel.net/media/grxcakgd/فرن-عيش.jpg,"Alusteel For Hotel, Restaurant, kitchen Equipment",
https://alusteel.net/en/articles/egyptian-economy-and-industry,https://alusteel.net/media/jkvbzvv4/فرن-تدخين.jpg,"Alusteel For Hotel, Restaurant, kitchen Equipment",
https://alusteel.net/en/articles/egyptian-economy-and-industry,https://alusteel.net/media/lzvnpozm/شواية-فراخ-كهرباء.jpg,"Alusteel For Hotel, Restaurant, kitchen Equipment",
https://alusteel.net/en/articles/the-importance-of-trained-workers-in-industry,https://alusteel.net/media/03ihkfvo/dsc_0185.jpg,"Alusteel For Hotel, Restaurant, kitchen Equipment - The importance of trained workers in industry - Articles",
https://alusteel.net/en/articles/the-importance-of-trained-workers-in-industry,https://alusteel.net/media/zgffq0gn/333l.jpg,"Alusteel For Hotel, Restaurant, kitchen Equipment - The importance of trained workers in industry - Articles",
https://alusteel.net/en/articles/the-importance-of-trained-workers-in-industry,https://alusteel.net/media/joaphcaa/177l.jpg,"Alusteel For Hotel, Restaurant, kitchen Equipment - The importance of trained workers in industry - Articles",
https://alusteel.net/en/articles/the-importance-of-trained-workers-in-industry,https://alusteel.net/media/q4ihaa55/232th.jpg,"Alusteel For Hotel, Restaurant, kitchen Equipment - The importance of trained workers in industry - Articles",
https://alusteel.net/en/articles/the-importance-of-trained-workers-in-industry,https://alusteel.net/media/pa0lml5n/cladding-handrail01.jpg,"Alusteel For Hotel, Restaurant, kitchen Equipment - The importance of trained workers in industry - Articles",
https://alusteel.net/en/articles/the-importance-of-trained-workers-in-industry,https://alusteel.net/media/s1cj4ls4/بان-مارى-اوفر-كونتر.jpg,"Alusteel For Hotel, Restaurant, kitchen Equipment",
https://alusteel.net/en/articles/the-importance-of-trained-workers-in-industry,https://alusteel.net/media/bxnlzecx/فرن-بيتزا-حطب-2.jpg,"Alusteel For Hotel, Restaurant, kitchen Equipment",
https://alusteel.net/en/articles/the-importance-of-trained-workers-in-industry,https://alusteel.net/media/vu4ng5ee/شوايات-حطب.jpg,"Alusteel For Hotel, Restaurant, kitchen Equipment",
https://alusteel.net/en/articles/the-importance-of-trained-workers-in-industry,https://alusteel.net/media/0k2n2u0d/شوايات-دوارة.jpg,"Alusteel For Hotel, Restaurant, kitchen Equipment",
https://alusteel.net/en/articles/the-importance-of-trained-workers-in-industry,https://alusteel.net/media/mg3h3bva/فرن-بطاطس-كومبير-2.jpg,"Alusteel For Hotel, Restaurant, kitchen Equipment",
https://alusteel.net/en/articles/the-importance-of-trained-workers-in-industry,https://alusteel.net/media/grxcakgd/فرن-عيش.jpg,"Alusteel For Hotel, Restaurant, kitchen Equipment",
https://alusteel.net/en/articles/the-importance-of-trained-workers-in-industry,https://alusteel.net/media/jkvbzvv4/فرن-تدخين.jpg,"Alusteel For Hotel, Restaurant, kitchen Equipment",
https://alusteel.net/en/articles/the-importance-of-trained-workers-in-industry,https://alusteel.net/media/lzvnpozm/شواية-فراخ-كهرباء.jpg,"Alusteel For Hotel, Restaurant, kitchen Equipment",
https://alusteel.net/المنتجات/خطوط-طهي-الوستيل/حلة-طهى-قلابة,https://alusteel.net/media/xuaa4atr/حلة-قلابة-مربع-رز.jpg,الوستيل لتجهيزات المطابخ والفنادق والمطاعم - حلة طهى قلابة - خطوط طهي الوستيل,
https://alusteel.net/المنتجات/خطوط-طهي-الوستيل/حلة-طهى-قلابة,https://alusteel.net/media/bxnlzecx/فرن-بيتزا-حطب-2.jpg,الوستيل لتجهيزات المطابخ والفنادق والمطاعم,
https://alusteel.net/المنتجات/خطوط-طهي-الوستيل/حلة-طهى-قلابة,https://alusteel.net/media/vu4ng5ee/شوايات-حطب.jpg,الوستيل لتجهيزات المطابخ والفنادق والمطاعم,
https://alusteel.net/المنتجات/خطوط-طهي-الوستيل/حلة-طهى-قلابة,https://alusteel.net/media/0k2n2u0d/شوايات-دوارة.jpg,الوستيل لتجهيزات المطابخ والفنادق والمطاعم,
https://alusteel.net/المنتجات/خطوط-طهي-الوستيل/حلة-طهى-قلابة,https://alusteel.net/media/mg3h3bva/فرن-بطاطس-كومبير-2.jpg,الوستيل لتجهيزات المطابخ والفنادق والمطاعم,
https://alusteel.net/المنتجات/خطوط-طهي-الوستيل/حلة-طهى-قلابة,https://alusteel.net/media/grxcakgd/فرن-عيش.jpg,الوستيل لتجهيزات المطابخ والفنادق والمطاعم,
https://alusteel.net/المنتجات/خطوط-طهي-الوستيل/حلة-طهى-قلابة,https://alusteel.net/media/jkvbzvv4/فرن-تدخين.jpg,الوستيل لتجهيزات المطابخ والفنادق والمطاعم,
https://alusteel.net/المنتجات/خطوط-طهي-الوستيل/حلة-طهى-قلابة,https://alusteel.net/media/lzvnpozm/شواية-فراخ-كهرباء.jpg,الوستيل لتجهيزات المطابخ والفنادق والمطاعم,
https://alusteel.net/مقالات/فوائد-استخدام-الفولاذ-المقاوم-للصدأ-في-معدات-المطاعم,https://alusteel.net/media/pa0lml5n/cladding-handrail01.jpg,الوستيل لتجهيزات المطابخ والفنادق والمطاعم - فوائد استخدام الفولاذ المقاوم للصدأ في معدات المطاعم - مقالات,
https://alusteel.net/مقالات/فوائد-استخدام-الفولاذ-المقاوم-للصدأ-في-معدات-المطاعم,https://alusteel.net/media/f3thj5ns/hotline04.jpg,الوستيل لتجهيزات المطابخ والفنادق والمطاعم - فوائد استخدام الفولاذ المقاوم للصدأ في معدات المطاعم - مقالات,
https://alusteel.net/مقالات/فوائد-استخدام-الفولاذ-المقاوم-للصدأ-في-معدات-المطاعم,https://alusteel.net/media/snsizia1/189l.jpg,الوستيل لتجهيزات المطابخ والفنادق والمطاعم - فوائد استخدام الفولاذ المقاوم للصدأ في معدات المطاعم - مقالات,
https://alusteel.net/مقالات/فوائد-استخدام-الفولاذ-المقاوم-للصدأ-في-معدات-المطاعم,https://alusteel.net/media/rk0bj2gu/183l.jpg,الوستيل لتجهيزات المطابخ والفنادق والمطاعم - فوائد استخدام الفولاذ المقاوم للصدأ في معدات المطاعم - مقالات,
https://alusteel.net/مقالات/فوائد-استخدام-الفولاذ-المقاوم-للصدأ-في-معدات-المطاعم,https://alusteel.net/media/joaphcaa/177l.jpg,الوستيل لتجهيزات المطابخ والفنادق والمطاعم - فوائد استخدام الفولاذ المقاوم للصدأ في معدات المطاعم - مقالات,
https://alusteel.net/مقالات/فوائد-استخدام-الفولاذ-المقاوم-للصدأ-في-معدات-المطاعم,https://alusteel.net/media/gdzpd3px/175l.jpg,الوستيل لتجهيزات المطابخ والفنادق والمطاعم - فوائد استخدام الفولاذ المقاوم للصدأ في معدات المطاعم - مقالات,
https://alusteel.net/مقالات/فوائد-استخدام-الفولاذ-المقاوم-للصدأ-في-معدات-المطاعم,https://alusteel.net/media/hhinop1h/178l.jpg,الوستيل لتجهيزات المطابخ والفنادق والمطاعم - فوائد استخدام الفولاذ المقاوم للصدأ في معدات المطاعم - مقالات,
https://alusteel.net/مقالات/فوائد-استخدام-الفولاذ-المقاوم-للصدأ-في-معدات-المطاعم,https://alusteel.net/media/cwedztrw/86th.jpg,الوستيل لتجهيزات المطابخ والفنادق والمطاعم - فوائد استخدام الفولاذ المقاوم للصدأ في معدات المطاعم - مقالات,
https://alusteel.net/مقالات/فوائد-استخدام-الفولاذ-المقاوم-للصدأ-في-معدات-المطاعم,https://alusteel.net/media/bxnlzecx/فرن-بيتزا-حطب-2.jpg,الوستيل لتجهيزات المطابخ والفنادق والمطاعم,
https://alusteel.net/مقالات/فوائد-استخدام-الفولاذ-المقاوم-للصدأ-في-معدات-المطاعم,https://alusteel.net/media/vu4ng5ee/شوايات-حطب.jpg,الوستيل لتجهيزات المطابخ والفنادق والمطاعم,
https://alusteel.net/مقالات/فوائد-استخدام-الفولاذ-المقاوم-للصدأ-في-معدات-المطاعم,https://alusteel.net/media/0k2n2u0d/شوايات-دوارة.jpg,الوستيل لتجهيزات المطابخ والفنادق والمطاعم,
https://alusteel.net/مقالات/فوائد-استخدام-الفولاذ-المقاوم-للصدأ-في-معدات-المطاعم,https://alusteel.net/media/mg3h3bva/فرن-بطاطس-كومبير-2.jpg,الوستيل لتجهيزات المطابخ والفنادق والمطاعم,
https://alusteel.net/مقالات/فوائد-استخدام-الفولاذ-المقاوم-للصدأ-في-معدات-المطاعم,https://alusteel.net/media/grxcakgd/فرن-عيش.jpg,الوستيل لتجهيزات المطابخ والفنادق والمطاعم,
https://alusteel.net/مقالات/فوائد-استخدام-الفولاذ-المقاوم-للصدأ-في-معدات-المطاعم,https://alusteel.net/media/jkvbzvv4/فرن-تدخين.jpg,الوستيل لتجهيزات المطابخ والفنادق والمطاعم,
https://alusteel.net/مقالات/فوائد-استخدام-الفولاذ-المقاوم-للصدأ-في-معدات-المطاعم,https://alusteel.net/media/lzvnpozm/شواية-فراخ-كهرباء.jpg,الوستيل لتجهيزات المطابخ والفنادق والمطاعم,
https://alusteel.net/مقالات/كيفية-اختيار-معدات-المطبخ-المناسبة-لمطعمك,https://alusteel.net/media/uqnfg5s2/114l.jpg,الوستيل لتجهيزات المطابخ والفنادق والمطاعم - كيفية اختيار معدات المطبخ المناسبة لمطعمك - مقالات,
https://alusteel.net/مقالات/كيفية-اختيار-معدات-المطبخ-المناسبة-لمطعمك,https://alusteel.net/media/od4kyb4y/66l.jpg,الوستيل لتجهيزات المطابخ والفنادق والمطاعم - كيفية اختيار معدات المطبخ المناسبة لمطعمك - مقالات,
https://alusteel.net/مقالات/كيفية-اختيار-معدات-المطبخ-المناسبة-لمطعمك,https://alusteel.net/media/qecphdqa/129l.jpg,الوستيل لتجهيزات المطابخ والفنادق والمطاعم - كيفية اختيار معدات المطبخ المناسبة لمطعمك - مقالات,
https://alusteel.net/مقالات/كيفية-اختيار-معدات-المطبخ-المناسبة-لمطعمك,https://alusteel.net/media/vp0ag13w/85l.jpg,الوستيل لتجهيزات المطابخ والفنادق والمطاعم - كيفية اختيار معدات المطبخ المناسبة لمطعمك - مقالات,
https://alusteel.net/مقالات/كيفية-اختيار-معدات-المطبخ-المناسبة-لمطعمك,https://alusteel.net/media/2addv3hw/140l.jpg,الوستيل لتجهيزات المطابخ والفنادق والمطاعم - كيفية اختيار معدات المطبخ المناسبة لمطعمك - مقالات,
https://alusteel.net/مقالات/كيفية-اختيار-معدات-المطبخ-المناسبة-لمطعمك,https://alusteel.net/media/jknda2l2/70l.jpg,الوستيل لتجهيزات المطابخ والفنادق والمطاعم - كيفية اختيار معدات المطبخ المناسبة لمطعمك - مقالات,
https://alusteel.net/مقالات/كيفية-اختيار-معدات-المطبخ-المناسبة-لمطعمك,https://alusteel.net/media/am5bq3gr/136l.jpg,الوستيل لتجهيزات المطابخ والفنادق والمطاعم - كيفية اختيار معدات المطبخ المناسبة لمطعمك - مقالات,
https://alusteel.net/مقالات/كيفية-اختيار-معدات-المطبخ-المناسبة-لمطعمك,https://alusteel.net/media/xz5lwx2k/img_0126.jpg,الوستيل لتجهيزات المطابخ والفنادق والمطاعم - كيفية اختيار معدات المطبخ المناسبة لمطعمك - مقالات,
https://alusteel.net/مقالات/كيفية-اختيار-معدات-المطبخ-المناسبة-لمطعمك,https://alusteel.net/media/bxnlzecx/فرن-بيتزا-حطب-2.jpg,الوستيل لتجهيزات المطابخ والفنادق والمطاعم,
https://alusteel.net/مقالات/كيفية-اختيار-معدات-المطبخ-المناسبة-لمطعمك,https://alusteel.net/media/vu4ng5ee/شوايات-حطب.jpg,الوستيل لتجهيزات المطابخ والفنادق والمطاعم,
https://alusteel.net/مقالات/كيفية-اختيار-معدات-المطبخ-المناسبة-لمطعمك,https://alusteel.net/media/0k2n2u0d/شوايات-دوارة.jpg,الوستيل لتجهيزات المطابخ والفنادق والمطاعم,
https://alusteel.net/مقالات/كيفية-اختيار-معدات-المطبخ-المناسبة-لمطعمك,https://alusteel.net/media/mg3h3bva/فرن-بطاطس-كومبير-2.jpg,الوستيل لتجهيزات المطابخ والفنادق والمطاعم,
https://alusteel.net/مقالات/كيفية-اختيار-معدات-المطبخ-المناسبة-لمطعمك,https://alusteel.net/media/grxcakgd/فرن-عيش.jpg,الوستيل لتجهيزات المطابخ والفنادق والمطاعم,
https://alusteel.net/مقالات/كيفية-اختيار-معدات-المطبخ-المناسبة-لمطعمك,https://alusteel.net/media/jkvbzvv4/فرن-تدخين.jpg,الوستيل لتجهيزات المطابخ والفنادق والمطاعم,
https://alusteel.net/مقالات/كيفية-اختيار-معدات-المطبخ-المناسبة-لمطعمك,https://alusteel.net/media/lzvnpozm/شواية-فراخ-كهرباء.jpg,الوستيل لتجهيزات المطابخ والفنادق والمطاعم,
https://alusteel.net/مقالات/تجهيز-المطاعم-والمطابخ-بالمعدات-المناسبة,https://alusteel.net/media/2c5j3ndi/329445422_875512563733661_5348493177571817463_n.jpg,الوستيل لتجهيزات المطابخ والفنادق والمطاعم - تجهيز المطاعم والمطابخ بالمعدات المناسبة - مقالات,
https://alusteel.net/مقالات/تجهيز-المطاعم-والمطابخ-بالمعدات-المناسبة,https://alusteel.net/media/kyyfhvvj/329793608_855506975538667_3028188712974720304_n.jpg,الوستيل لتجهيزات المطابخ والفنادق والمطاعم - تجهيز المطاعم والمطابخ بالمعدات المناسبة - مقالات,
https://alusteel.net/مقالات/تجهيز-المطاعم-والمطابخ-بالمعدات-المناسبة,https://alusteel.net/media/kbinxwxc/334081362_1700698520345383_1254947213021034869_n.jpg,الوستيل لتجهيزات المطابخ والفنادق والمطاعم - تجهيز المطاعم والمطابخ بالمعدات المناسبة - مقالات,
https://alusteel.net/مقالات/تجهيز-المطاعم-والمطابخ-بالمعدات-المناسبة,https://alusteel.net/media/kthfclpo/261152549_4539986749454860_98075750782175892_n-1.jpg,الوستيل لتجهيزات المطابخ والفنادق والمطاعم - تجهيز المطاعم والمطابخ بالمعدات المناسبة - مقالات,
https://alusteel.net/مقالات/تجهيز-المطاعم-والمطابخ-بالمعدات-المناسبة,https://alusteel.net/media/bxnlzecx/فرن-بيتزا-حطب-2.jpg,الوستيل لتجهيزات المطابخ والفنادق والمطاعم,
https://alusteel.net/مقالات/تجهيز-المطاعم-والمطابخ-بالمعدات-المناسبة,https://alusteel.net/media/vu4ng5ee/شوايات-حطب.jpg,الوستيل لتجهيزات المطابخ والفنادق والمطاعم,
https://alusteel.net/مقالات/تجهيز-المطاعم-والمطابخ-بالمعدات-المناسبة,https://alusteel.net/media/0k2n2u0d/شوايات-دوارة.jpg,الوستيل لتجهيزات المطابخ والفنادق والمطاعم,
https://alusteel.net/مقالات/تجهيز-المطاعم-والمطابخ-بالمعدات-المناسبة,https://alusteel.net/media/mg3h3bva/فرن-بطاطس-كومبير-2.jpg,الوستيل لتجهيزات المطابخ والفنادق والمطاعم,
https://alusteel.net/مقالات/تجهيز-المطاعم-والمطابخ-بالمعدات-المناسبة,https://alusteel.net/media/grxcakgd/فرن-عيش.jpg,الوستيل لتجهيزات المطابخ والفنادق والمطاعم,
https://alusteel.net/مقالات/تجهيز-المطاعم-والمطابخ-بالمعدات-المناسبة,https://alusteel.net/media/jkvbzvv4/فرن-تدخين.jpg,الوستيل لتجهيزات المطابخ والفنادق والمطاعم,
https://alusteel.net/مقالات/تجهيز-المطاعم-والمطابخ-بالمعدات-المناسبة,https://alusteel.net/media/lzvnpozm/شواية-فراخ-كهرباء.jpg,الوستيل لتجهيزات المطابخ والفنادق والمطاعم,
https://alusteel.net/مقالات/مستقبل-معدات-المطاعم-الابتكارات-والتطورات,https://alusteel.net/media/03ihkfvo/dsc_0185.jpg,الوستيل لتجهيزات المطابخ والفنادق والمطاعم - مستقبل معدات المطاعم: الابتكارات والتطورات - مقالات,
https://alusteel.net/مقالات/مستقبل-معدات-المطاعم-الابتكارات-والتطورات,https://alusteel.net/media/rwlhcxy5/dsc_0008.jpg,الوستيل لتجهيزات المطابخ والفنادق والمطاعم - مستقبل معدات المطاعم: الابتكارات والتطورات - مقالات,
https://alusteel.net/مقالات/مستقبل-معدات-المطاعم-الابتكارات-والتطورات,https://alusteel.net/media/iwtjhd4d/dsc_0026.jpg,الوستيل لتجهيزات المطابخ والفنادق والمطاعم - مستقبل معدات المطاعم: الابتكارات والتطورات - مقالات,
https://alusteel.net/مقالات/مستقبل-معدات-المطاعم-الابتكارات-والتطورات,https://alusteel.net/media/4z3fyb1s/37578108_1771423512977878_6980921065597829120_n.jpg,الوستيل لتجهيزات المطابخ والفنادق والمطاعم - مستقبل معدات المطاعم: الابتكارات والتطورات - مقالات,
https://alusteel.net/مقالات/مستقبل-معدات-المطاعم-الابتكارات-والتطورات,https://alusteel.net/media/msoixb1n/42298538_1865666230220272_7766003085435994112_n.jpg,الوستيل لتجهيزات المطابخ والفنادق والمطاعم - مستقبل معدات المطاعم: الابتكارات والتطورات - مقالات,
https://alusteel.net/مقالات/مستقبل-معدات-المطاعم-الابتكارات-والتطورات,https://alusteel.net/media/244oquws/57649301_2173672212753004_3364340186098958336_n.jpg,الوستيل لتجهيزات المطابخ والفنادق والمطاعم - مستقبل معدات المطاعم: الابتكارات والتطورات - مقالات,
https://alusteel.net/مقالات/مستقبل-معدات-المطاعم-الابتكارات-والتطورات,https://alusteel.net/media/bxnlzecx/فرن-بيتزا-حطب-2.jpg,الوستيل لتجهيزات المطابخ والفنادق والمطاعم,
https://alusteel.net/مقالات/مستقبل-معدات-المطاعم-الابتكارات-والتطورات,https://alusteel.net/media/vu4ng5ee/شوايات-حطب.jpg,الوستيل لتجهيزات المطابخ والفنادق والمطاعم,
https://alusteel.net/مقالات/مستقبل-معدات-المطاعم-الابتكارات-والتطورات,https://alusteel.net/media/0k2n2u0d/شوايات-دوارة.jpg,الوستيل لتجهيزات المطابخ والفنادق والمطاعم,
https://alusteel.net/مقالات/مستقبل-معدات-المطاعم-الابتكارات-والتطورات,https://alusteel.net/media/mg3h3bva/فرن-بطاطس-كومبير-2.jpg,الوستيل لتجهيزات المطابخ والفنادق والمطاعم,
https://alusteel.net/مقالات/مستقبل-معدات-المطاعم-الابتكارات-والتطورات,https://alusteel.net/media/grxcakgd/فرن-عيش.jpg,الوستيل لتجهيزات المطابخ والفنادق والمطاعم,
https://alusteel.net/مقالات/مستقبل-معدات-المطاعم-الابتكارات-والتطورات,https://alusteel.net/media/jkvbzvv4/فرن-تدخين.jpg,الوستيل لتجهيزات المطابخ والفنادق والمطاعم,
https://alusteel.net/مقالات/مستقبل-معدات-المطاعم-الابتكارات-والتطورات,https://alusteel.net/media/lzvnpozm/شواية-فراخ-كهرباء.jpg,الوستيل لتجهيزات المطابخ والفنادق والمطاعم,
https://alusteel.net/مقالات/صناعة-الأفران-من-الاستانلس-ستيل,https://alusteel.net/media/zqgh12h4/article-stainless-steel-oven-industry.jpg,الوستيل لتجهيزات المطابخ والفنادق والمطاعم - صناعة الأفران من الاستانلس ستيل - مقالات,
https://alusteel.net/مقالات/صناعة-الأفران-من-الاستانلس-ستيل,https://alusteel.net/media/bxnlzecx/فرن-بيتزا-حطب-2.jpg,الوستيل لتجهيزات المطابخ والفنادق والمطاعم,
https://alusteel.net/مقالات/صناعة-الأفران-من-الاستانلس-ستيل,https://alusteel.net/media/vu4ng5ee/شوايات-حطب.jpg,الوستيل لتجهيزات المطابخ والفنادق والمطاعم,
https://alusteel.net/مقالات/صناعة-الأفران-من-الاستانلس-ستيل,https://alusteel.net/media/0k2n2u0d/شوايات-دوارة.jpg,الوستيل لتجهيزات المطابخ والفنادق والمطاعم,
https://alusteel.net/مقالات/صناعة-الأفران-من-الاستانلس-ستيل,https://alusteel.net/media/mg3h3bva/فرن-بطاطس-كومبير-2.jpg,الوستيل لتجهيزات المطابخ والفنادق والمطاعم,
https://alusteel.net/مقالات/صناعة-الأفران-من-الاستانلس-ستيل,https://alusteel.net/media/grxcakgd/فرن-عيش.jpg,الوستيل لتجهيزات المطابخ والفنادق والمطاعم,
https://alusteel.net/مقالات/صناعة-الأفران-من-الاستانلس-ستيل,https://alusteel.net/media/jkvbzvv4/فرن-تدخين.jpg,الوستيل لتجهيزات المطابخ والفنادق والمطاعم,
https://alusteel.net/مقالات/صناعة-الأفران-من-الاستانلس-ستيل,https://alusteel.net/media/lzvnpozm/شواية-فراخ-كهرباء.jpg,الوستيل لتجهيزات المطابخ والفنادق والمطاعم,
https://alusteel.net/مقالات/حلة-الطهى-بالبخار-الحلة-البخارية,https://alusteel.net/media/ww4lp25s/boilng-ban.jpg,"الوستيل لتجهيزات المطابخ والفنادق والمطاعم - حلة الطهى بالبخار "" الحلة البخارية "" - مقالات",
https://alusteel.net/مقالات/حلة-الطهى-بالبخار-الحلة-البخارية,https://alusteel.net/media/kljihi0d/حلة-بخارية.jpg,"الوستيل لتجهيزات المطابخ والفنادق والمطاعم - حلة الطهى بالبخار "" الحلة البخارية "" - مقالات",
https://alusteel.net/مقالات/حلة-الطهى-بالبخار-الحلة-البخارية,https://alusteel.net/media/bxnlzecx/فرن-بيتزا-حطب-2.jpg,الوستيل لتجهيزات المطابخ والفنادق والمطاعم,
https://alusteel.net/مقالات/حلة-الطهى-بالبخار-الحلة-البخارية,https://alusteel.net/media/vu4ng5ee/شوايات-حطب.jpg,الوستيل لتجهيزات المطابخ والفنادق والمطاعم,
https://alusteel.net/مقالات/حلة-الطهى-بالبخار-الحلة-البخارية,https://alusteel.net/media/0k2n2u0d/شوايات-دوارة.jpg,الوستيل لتجهيزات المطابخ والفنادق والمطاعم,
https://alusteel.net/مقالات/حلة-الطهى-بالبخار-الحلة-البخارية,https://alusteel.net/media/mg3h3bva/فرن-بطاطس-كومبير-2.jpg,الوستيل لتجهيزات المطابخ والفنادق والمطاعم,
https://alusteel.net/مقالات/حلة-الطهى-بالبخار-الحلة-البخارية,https://alusteel.net/media/grxcakgd/فرن-عيش.jpg,الوستيل لتجهيزات المطابخ والفنادق والمطاعم,
https://alusteel.net/مقالات/حلة-الطهى-بالبخار-الحلة-البخارية,https://alusteel.net/media/jkvbzvv4/فرن-تدخين.jpg,الوستيل لتجهيزات المطابخ والفنادق والمطاعم,
https://alusteel.net/مقالات/حلة-الطهى-بالبخار-الحلة-البخارية,https://alusteel.net/media/lzvnpozm/شواية-فراخ-كهرباء.jpg,الوستيل لتجهيزات المطابخ والفنادق والمطاعم,
https://alusteel.net/مقالات/حلة-الطهى-القلابة-مربع-الأرز,https://alusteel.net/media/5vqny4jk/telting-ban.jpg,"الوستيل لتجهيزات المطابخ والفنادق والمطاعم - حلة الطهى القلابة "" مربع الأرز  "" - مقالات",
https://alusteel.net/مقالات/حلة-الطهى-القلابة-مربع-الأرز,https://alusteel.net/media/xuaa4atr/حلة-قلابة-مربع-رز.jpg,"الوستيل لتجهيزات المطابخ والفنادق والمطاعم - حلة الطهى القلابة "" مربع الأرز  "" - مقالات",
https://alusteel.net/مقالات/حلة-الطهى-القلابة-مربع-الأرز,https://alusteel.net/media/bxnlzecx/فرن-بيتزا-حطب-2.jpg,الوستيل لتجهيزات المطابخ والفنادق والمطاعم,
https://alusteel.net/مقالات/حلة-الطهى-القلابة-مربع-الأرز,https://alusteel.net/media/vu4ng5ee/شوايات-حطب.jpg,الوستيل لتجهيزات المطابخ والفنادق والمطاعم,
https://alusteel.net/مقالات/حلة-الطهى-القلابة-مربع-الأرز,https://alusteel.net/media/0k2n2u0d/شوايات-دوارة.jpg,الوستيل لتجهيزات المطابخ والفنادق والمطاعم,
https://alusteel.net/مقالات/حلة-الطهى-القلابة-مربع-الأرز,https://alusteel.net/media/mg3h3bva/فرن-بطاطس-كومبير-2.jpg,الوستيل لتجهيزات المطابخ والفنادق والمطاعم,
https://alusteel.net/مقالات/حلة-الطهى-القلابة-مربع-الأرز,https://alusteel.net/media/grxcakgd/فرن-عيش.jpg,الوستيل لتجهيزات المطابخ والفنادق والمطاعم,
https://alusteel.net/مقالات/حلة-الطهى-القلابة-مربع-الأرز,https://alusteel.net/media/jkvbzvv4/فرن-تدخين.jpg,الوستيل لتجهيزات المطابخ والفنادق والمطاعم,
https://alusteel.net/مقالات/حلة-الطهى-القلابة-مربع-الأرز,https://alusteel.net/media/lzvnpozm/شواية-فراخ-كهرباء.jpg,الوستيل لتجهيزات المطابخ والفنادق والمطاعم,
https://alusteel.net/مقالات/المواقد-الكهربية,https://alusteel.net/media/r11hx4qx/electric-stove.jpg,الوستيل لتجهيزات المطابخ والفنادق والمطاعم - المواقد الكهربية - مقالات,
https://alusteel.net/مقالات/المواقد-الكهربية,https://alusteel.net/media/ccfepx3p/اوفر-كونتر-موقد-2-بلاطة.jpg,الوستيل لتجهيزات المطابخ والفنادق والمطاعم - المواقد الكهربية - مقالات,
https://alusteel.net/مقالات/المواقد-الكهربية,https://alusteel.net/media/do1d0wya/موقد-4-بلاطة-دائرة.jpg,الوستيل لتجهيزات المطابخ والفنادق والمطاعم - المواقد الكهربية - مقالات,
https://alusteel.net/مقالات/المواقد-الكهربية,https://alusteel.net/media/fueo4r4d/موقد-4-بلاطة-مربعه.jpg,الوستيل لتجهيزات المطابخ والفنادق والمطاعم - المواقد الكهربية - مقالات,
https://alusteel.net/مقالات/المواقد-الكهربية,https://alusteel.net/media/xygfipal/موقد-6-بلاطة-دائرة.jpg,الوستيل لتجهيزات المطابخ والفنادق والمطاعم - المواقد الكهربية - مقالات,
https://alusteel.net/مقالات/المواقد-الكهربية,https://alusteel.net/media/fehcw0v0/موقد-6-بلاطة-مربعه.jpg,الوستيل لتجهيزات المطابخ والفنادق والمطاعم - المواقد الكهربية - مقالات,
https://alusteel.net/مقالات/المواقد-الكهربية,https://alusteel.net/media/bxnlzecx/فرن-بيتزا-حطب-2.jpg,الوستيل لتجهيزات المطابخ والفنادق والمطاعم,
https://alusteel.net/مقالات/المواقد-الكهربية,https://alusteel.net/media/vu4ng5ee/شوايات-حطب.jpg,الوستيل لتجهيزات المطابخ والفنادق والمطاعم,
https://alusteel.net/مقالات/المواقد-الكهربية,https://alusteel.net/media/0k2n2u0d/شوايات-دوارة.jpg,الوستيل لتجهيزات المطابخ والفنادق والمطاعم,
https://alusteel.net/مقالات/المواقد-الكهربية,https://alusteel.net/media/mg3h3bva/فرن-بطاطس-كومبير-2.jpg,الوستيل لتجهيزات المطابخ والفنادق والمطاعم,
https://alusteel.net/مقالات/المواقد-الكهربية,https://alusteel.net/media/grxcakgd/فرن-عيش.jpg,الوستيل لتجهيزات المطابخ والفنادق والمطاعم,
https://alusteel.net/مقالات/المواقد-الكهربية,https://alusteel.net/media/jkvbzvv4/فرن-تدخين.jpg,الوستيل لتجهيزات المطابخ والفنادق والمطاعم,
https://alusteel.net/مقالات/المواقد-الكهربية,https://alusteel.net/media/lzvnpozm/شواية-فراخ-كهرباء.jpg,الوستيل لتجهيزات المطابخ والفنادق والمطاعم,
https://alusteel.net/مقالات/البوتجازات-الغاز,https://alusteel.net/media/pncdvclo/gas-stove.jpg,الوستيل لتجهيزات المطابخ والفنادق والمطاعم - البوتجازات الغاز - مقالات,
https://alusteel.net/مقالات/البوتجازات-الغاز,https://alusteel.net/media/g3innvhb/بوتجاز-2-شعلة-اوفر-كونتر.jpg,الوستيل لتجهيزات المطابخ والفنادق والمطاعم - البوتجازات الغاز - مقالات,
https://alusteel.net/مقالات/البوتجازات-الغاز,https://alusteel.net/media/ovgpy0ev/بوتجاز-4-شعلة.jpg,الوستيل لتجهيزات المطابخ والفنادق والمطاعم - البوتجازات الغاز - مقالات,
https://alusteel.net/مقالات/البوتجازات-الغاز,https://alusteel.net/media/1bec0ji5/بوتجاز-6-شعلة.jpg,الوستيل لتجهيزات المطابخ والفنادق والمطاعم - البوتجازات الغاز - مقالات,
https://alusteel.net/مقالات/البوتجازات-الغاز,https://alusteel.net/media/fu5gz112/بوتجاز-2-شعلة-بدون-فرن.jpg,الوستيل لتجهيزات المطابخ والفنادق والمطاعم - البوتجازات الغاز - مقالات,
https://alusteel.net/مقالات/البوتجازات-الغاز,https://alusteel.net/media/uhtlppbq/بوتجاز-4-شعلة-بدون-فرن.jpg,الوستيل لتجهيزات المطابخ والفنادق والمطاعم - البوتجازات الغاز - مقالات,
https://alusteel.net/مقالات/البوتجازات-الغاز,https://alusteel.net/media/bxnlzecx/فرن-بيتزا-حطب-2.jpg,الوستيل لتجهيزات المطابخ والفنادق والمطاعم,
https://alusteel.net/مقالات/البوتجازات-الغاز,https://alusteel.net/media/vu4ng5ee/شوايات-حطب.jpg,الوستيل لتجهيزات المطابخ والفنادق والمطاعم,
https://alusteel.net/مقالات/البوتجازات-الغاز,https://alusteel.net/media/0k2n2u0d/شوايات-دوارة.jpg,الوستيل لتجهيزات المطابخ والفنادق والمطاعم,
https://alusteel.net/مقالات/البوتجازات-الغاز,https://alusteel.net/media/mg3h3bva/فرن-بطاطس-كومبير-2.jpg,الوستيل لتجهيزات المطابخ والفنادق والمطاعم,
https://alusteel.net/مقالات/البوتجازات-الغاز,https://alusteel.net/media/grxcakgd/فرن-عيش.jpg,الوستيل لتجهيزات المطابخ والفنادق والمطاعم,
https://alusteel.net/مقالات/البوتجازات-الغاز,https://alusteel.net/media/jkvbzvv4/فرن-تدخين.jpg,الوستيل لتجهيزات المطابخ والفنادق والمطاعم,
https://alusteel.net/مقالات/البوتجازات-الغاز,https://alusteel.net/media/lzvnpozm/شواية-فراخ-كهرباء.jpg,الوستيل لتجهيزات المطابخ والفنادق والمطاعم,
https://alusteel.net/مقالات/القلايات,https://alusteel.net/media/xp3bdoj3/electric-fryer.jpg,الوستيل لتجهيزات المطابخ والفنادق والمطاعم - القلايات - مقالات,
https://alusteel.net/مقالات/القلايات,https://alusteel.net/media/45okq2pr/قلاية-2-عين.jpg,الوستيل لتجهيزات المطابخ والفنادق والمطاعم - القلايات - مقالات,
https://alusteel.net/مقالات/القلايات,https://alusteel.net/media/tdmdovab/قلاية-1-عين-اوفر-كونتر.jpg,الوستيل لتجهيزات المطابخ والفنادق والمطاعم - القلايات - مقالات,
https://alusteel.net/مقالات/القلايات,https://alusteel.net/media/bxnlzecx/فرن-بيتزا-حطب-2.jpg,الوستيل لتجهيزات المطابخ والفنادق والمطاعم,
https://alusteel.net/مقالات/القلايات,https://alusteel.net/media/vu4ng5ee/شوايات-حطب.jpg,الوستيل لتجهيزات المطابخ والفنادق والمطاعم,
https://alusteel.net/مقالات/القلايات,https://alusteel.net/media/0k2n2u0d/شوايات-دوارة.jpg,الوستيل لتجهيزات المطابخ والفنادق والمطاعم,
https://alusteel.net/مقالات/القلايات,https://alusteel.net/media/mg3h3bva/فرن-بطاطس-كومبير-2.jpg,الوستيل لتجهيزات المطابخ والفنادق والمطاعم,
https://alusteel.net/مقالات/القلايات,https://alusteel.net/media/grxcakgd/فرن-عيش.jpg,الوستيل لتجهيزات المطابخ والفنادق والمطاعم,
https://alusteel.net/مقالات/القلايات,https://alusteel.net/media/jkvbzvv4/فرن-تدخين.jpg,الوستيل لتجهيزات المطابخ والفنادق والمطاعم,
https://alusteel.net/مقالات/القلايات,https://alusteel.net/media/lzvnpozm/شواية-فراخ-كهرباء.jpg,الوستيل لتجهيزات المطابخ والفنادق والمطاعم,
https://alusteel.net/مقالات/الجريل,https://alusteel.net/media/rtcivuyv/grill.jpg,الوستيل لتجهيزات المطابخ والفنادق والمطاعم - الجريل - مقالات,
https://alusteel.net/مقالات/الجريل,https://alusteel.net/media/kzkhoe1x/جريل.jpg,الوستيل لتجهيزات المطابخ والفنادق والمطاعم - الجريل - مقالات,
https://alusteel.net/مقالات/الجريل,https://alusteel.net/media/0ltlpxon/جريل-شاركل.jpg,الوستيل لتجهيزات المطابخ والفنادق والمطاعم - الجريل - مقالات,
https://alusteel.net/مقالات/الجريل,https://alusteel.net/media/2jyfm01p/جريل-اوفر-كونتر.jpg,الوستيل لتجهيزات المطابخ والفنادق والمطاعم - الجريل - مقالات,
https://alusteel.net/مقالات/الجريل,https://alusteel.net/media/bxnlzecx/فرن-بيتزا-حطب-2.jpg,الوستيل لتجهيزات المطابخ والفنادق والمطاعم,
https://alusteel.net/مقالات/الجريل,https://alusteel.net/media/vu4ng5ee/شوايات-حطب.jpg,الوستيل لتجهيزات المطابخ والفنادق والمطاعم,
https://alusteel.net/مقالات/الجريل,https://alusteel.net/media/0k2n2u0d/شوايات-دوارة.jpg,الوستيل لتجهيزات المطابخ والفنادق والمطاعم,
https://alusteel.net/مقالات/الجريل,https://alusteel.net/media/mg3h3bva/فرن-بطاطس-كومبير-2.jpg,الوستيل لتجهيزات المطابخ والفنادق والمطاعم,
https://alusteel.net/مقالات/الجريل,https://alusteel.net/media/grxcakgd/فرن-عيش.jpg,الوستيل لتجهيزات المطابخ والفنادق والمطاعم,
https://alusteel.net/مقالات/الجريل,https://alusteel.net/media/jkvbzvv4/فرن-تدخين.jpg,الوستيل لتجهيزات المطابخ والفنادق والمطاعم,
https://alusteel.net/مقالات/الجريل,https://alusteel.net/media/lzvnpozm/شواية-فراخ-كهرباء.jpg,الوستيل لتجهيزات المطابخ والفنادق والمطاعم,
https://alusteel.net/مقالات/باستا-كوكر,https://alusteel.net/media/xgzhfcxo/pasta-cooker.jpg,الوستيل لتجهيزات المطابخ والفنادق والمطاعم - باستا كوكر - مقالات,
https://alusteel.net/مقالات/باستا-كوكر,https://alusteel.net/media/fmjbevps/باستا-كوكر-اوفر-كونتر.jpg,الوستيل لتجهيزات المطابخ والفنادق والمطاعم - باستا كوكر - مقالات,
https://alusteel.net/مقالات/باستا-كوكر,https://alusteel.net/media/bxnlzecx/فرن-بيتزا-حطب-2.jpg,الوستيل لتجهيزات المطابخ والفنادق والمطاعم,
https://alusteel.net/مقالات/باستا-كوكر,https://alusteel.net/media/vu4ng5ee/شوايات-حطب.jpg,الوستيل لتجهيزات المطابخ والفنادق والمطاعم,
https://alusteel.net/مقالات/باستا-كوكر,https://alusteel.net/media/0k2n2u0d/شوايات-دوارة.jpg,الوستيل لتجهيزات المطابخ والفنادق والمطاعم,
https://alusteel.net/مقالات/باستا-كوكر,https://alusteel.net/media/mg3h3bva/فرن-بطاطس-كومبير-2.jpg,الوستيل لتجهيزات المطابخ والفنادق والمطاعم,
https://alusteel.net/مقالات/باستا-كوكر,https://alusteel.net/media/grxcakgd/فرن-عيش.jpg,الوستيل لتجهيزات المطابخ والفنادق والمطاعم,
https://alusteel.net/مقالات/باستا-كوكر,https://alusteel.net/media/jkvbzvv4/فرن-تدخين.jpg,الوستيل لتجهيزات المطابخ والفنادق والمطاعم,
https://alusteel.net/مقالات/باستا-كوكر,https://alusteel.net/media/lzvnpozm/شواية-فراخ-كهرباء.jpg,الوستيل لتجهيزات المطابخ والفنادق والمطاعم,
https://alusteel.net/مقالات/أفران-البيتزا-الحجرية-المصنوعة-من-الاستانلس-ستيل-مزيج-من-الأصالة-والمتانة-للمطابخ-الفندقية-والمطاعم,https://alusteel.net/media/bxnlzecx/فرن-بيتزا-حطب-2.jpg,الوستيل لتجهيزات المطابخ والفنادق والمطاعم - أفران البيتزا الحجرية المصنوعة من الاستانلس ستيل مزيج من الأصالة والمتانة للمطابخ الفندقية والمطاعم - مقالات,
https://alusteel.net/مقالات/أفران-البيتزا-الحجرية-المصنوعة-من-الاستانلس-ستيل-مزيج-من-الأصالة-والمتانة-للمطابخ-الفندقية-والمطاعم,https://alusteel.net/media/zefbvzum/فرن-بيتزا-حطب-1.jpg,الوستيل لتجهيزات المطابخ والفنادق والمطاعم - أفران البيتزا الحجرية المصنوعة من الاستانلس ستيل مزيج من الأصالة والمتانة للمطابخ الفندقية والمطاعم - مقالات,
https://alusteel.net/مقالات/أفران-البيتزا-الحجرية-المصنوعة-من-الاستانلس-ستيل-مزيج-من-الأصالة-والمتانة-للمطابخ-الفندقية-والمطاعم,https://alusteel.net/media/otdaablv/فرن-بيتزا-حطب-3.jpg,الوستيل لتجهيزات المطابخ والفنادق والمطاعم - أفران البيتزا الحجرية المصنوعة من الاستانلس ستيل مزيج من الأصالة والمتانة للمطابخ الفندقية والمطاعم - مقالات,
https://alusteel.net/مقالات/أفران-البيتزا-الحجرية-المصنوعة-من-الاستانلس-ستيل-مزيج-من-الأصالة-والمتانة-للمطابخ-الفندقية-والمطاعم,https://alusteel.net/media/sa1dk0gp/فرن-بيتزا-حطب-4.jpg,الوستيل لتجهيزات المطابخ والفنادق والمطاعم - أفران البيتزا الحجرية المصنوعة من الاستانلس ستيل مزيج من الأصالة والمتانة للمطابخ الفندقية والمطاعم - مقالات,
https://alusteel.net/مقالات/أفران-البيتزا-الحجرية-المصنوعة-من-الاستانلس-ستيل-مزيج-من-الأصالة-والمتانة-للمطابخ-الفندقية-والمطاعم,https://alusteel.net/media/ka1hr2gu/فرن-بيتزا-حطب-5.jpg,الوستيل لتجهيزات المطابخ والفنادق والمطاعم - أفران البيتزا الحجرية المصنوعة من الاستانلس ستيل مزيج من الأصالة والمتانة للمطابخ الفندقية والمطاعم - مقالات,
https://alusteel.net/مقالات/أفران-البيتزا-الحجرية-المصنوعة-من-الاستانلس-ستيل-مزيج-من-الأصالة-والمتانة-للمطابخ-الفندقية-والمطاعم,https://alusteel.net/media/dacphpby/احدث-فرن-بيتزا.jpg,الوستيل لتجهيزات المطابخ والفنادق والمطاعم - أفران البيتزا الحجرية المصنوعة من الاستانلس ستيل مزيج من الأصالة والمتانة للمطابخ الفندقية والمطاعم - مقالات,
https://alusteel.net/مقالات/أفران-البيتزا-الحجرية-المصنوعة-من-الاستانلس-ستيل-مزيج-من-الأصالة-والمتانة-للمطابخ-الفندقية-والمطاعم,https://alusteel.net/media/vu4ng5ee/شوايات-حطب.jpg,الوستيل لتجهيزات المطابخ والفنادق والمطاعم,
https://alusteel.net/مقالات/أفران-البيتزا-الحجرية-المصنوعة-من-الاستانلس-ستيل-مزيج-من-الأصالة-والمتانة-للمطابخ-الفندقية-والمطاعم,https://alusteel.net/media/0k2n2u0d/شوايات-دوارة.jpg,الوستيل لتجهيزات المطابخ والفنادق والمطاعم,
https://alusteel.net/مقالات/أفران-البيتزا-الحجرية-المصنوعة-من-الاستانلس-ستيل-مزيج-من-الأصالة-والمتانة-للمطابخ-الفندقية-والمطاعم,https://alusteel.net/media/mg3h3bva/فرن-بطاطس-كومبير-2.jpg,الوستيل لتجهيزات المطابخ والفنادق والمطاعم,
https://alusteel.net/مقالات/أفران-البيتزا-الحجرية-المصنوعة-من-الاستانلس-ستيل-مزيج-من-الأصالة-والمتانة-للمطابخ-الفندقية-والمطاعم,https://alusteel.net/media/grxcakgd/فرن-عيش.jpg,الوستيل لتجهيزات المطابخ والفنادق والمطاعم,
https://alusteel.net/مقالات/أفران-البيتزا-الحجرية-المصنوعة-من-الاستانلس-ستيل-مزيج-من-الأصالة-والمتانة-للمطابخ-الفندقية-والمطاعم,https://alusteel.net/media/jkvbzvv4/فرن-تدخين.jpg,الوستيل لتجهيزات المطابخ والفنادق والمطاعم,
https://alusteel.net/مقالات/أفران-البيتزا-الحجرية-المصنوعة-من-الاستانلس-ستيل-مزيج-من-الأصالة-والمتانة-للمطابخ-الفندقية-والمطاعم,https://alusteel.net/media/lzvnpozm/شواية-فراخ-كهرباء.jpg,الوستيل لتجهيزات المطابخ والفنادق والمطاعم,
https://alusteel.net/مقالات/فرن-البيتزا-النابولي,https://alusteel.net/media/bxnlzecx/فرن-بيتزا-حطب-2.jpg,الوستيل لتجهيزات المطابخ والفنادق والمطاعم - فرن البيتزا النابولي - مقالات,
https://alusteel.net/مقالات/فرن-البيتزا-النابولي,https://alusteel.net/media/zefbvzum/فرن-بيتزا-حطب-1.jpg,الوستيل لتجهيزات المطابخ والفنادق والمطاعم - فرن البيتزا النابولي - مقالات,
https://alusteel.net/مقالات/فرن-البيتزا-النابولي,https://alusteel.net/media/otdaablv/فرن-بيتزا-حطب-3.jpg,الوستيل لتجهيزات المطابخ والفنادق والمطاعم - فرن البيتزا النابولي - مقالات,
https://alusteel.net/مقالات/فرن-البيتزا-النابولي,https://alusteel.net/media/sa1dk0gp/فرن-بيتزا-حطب-4.jpg,الوستيل لتجهيزات المطابخ والفنادق والمطاعم - فرن البيتزا النابولي - مقالات,
https://alusteel.net/مقالات/فرن-البيتزا-النابولي,https://alusteel.net/media/ka1hr2gu/فرن-بيتزا-حطب-5.jpg,الوستيل لتجهيزات المطابخ والفنادق والمطاعم - فرن البيتزا النابولي - مقالات,
https://alusteel.net/مقالات/فرن-البيتزا-النابولي,https://alusteel.net/media/vu4ng5ee/شوايات-حطب.jpg,الوستيل لتجهيزات المطابخ والفنادق والمطاعم,
https://alusteel.net/مقالات/فرن-البيتزا-النابولي,https://alusteel.net/media/0k2n2u0d/شوايات-دوارة.jpg,الوستيل لتجهيزات المطابخ والفنادق والمطاعم,
https://alusteel.net/مقالات/فرن-البيتزا-النابولي,https://alusteel.net/media/mg3h3bva/فرن-بطاطس-كومبير-2.jpg,الوستيل لتجهيزات المطابخ والفنادق والمطاعم,
https://alusteel.net/مقالات/فرن-البيتزا-النابولي,https://alusteel.net/media/grxcakgd/فرن-عيش.jpg,الوستيل لتجهيزات المطابخ والفنادق والمطاعم,
https://alusteel.net/مقالات/فرن-البيتزا-النابولي,https://alusteel.net/media/jkvbzvv4/فرن-تدخين.jpg,الوستيل لتجهيزات المطابخ والفنادق والمطاعم,
https://alusteel.net/مقالات/فرن-البيتزا-النابولي,https://alusteel.net/media/lzvnpozm/شواية-فراخ-كهرباء.jpg,الوستيل لتجهيزات المطابخ والفنادق والمطاعم,
https://alusteel.net/مقالات/الثلاجات-الاستانلس-ستيل-حلول-تبريد-متينة-وعالية-الأداء-للمطابخ-الفندقية-والمطاعم,https://alusteel.net/media/ybinclav/ثلاجة-تحضير-بيتزا.jpg,الوستيل لتجهيزات المطابخ والفنادق والمطاعم - الثلاجات الاستانلس ستيل حلول تبريد متينة وعالية الأداء للمطابخ الفندقية والمطاعم - مقالات,
https://alusteel.net/مقالات/الثلاجات-الاستانلس-ستيل-حلول-تبريد-متينة-وعالية-الأداء-للمطابخ-الفندقية-والمطاعم,https://alusteel.net/media/gksf1phw/ثلاجـة-سلطات.jpg,الوستيل لتجهيزات المطابخ والفنادق والمطاعم - الثلاجات الاستانلس ستيل حلول تبريد متينة وعالية الأداء للمطابخ الفندقية والمطاعم - مقالات,
https://alusteel.net/مقالات/الثلاجات-الاستانلس-ستيل-حلول-تبريد-متينة-وعالية-الأداء-للمطابخ-الفندقية-والمطاعم,https://alusteel.net/media/kw2pjb03/ثلاجة-رأسية-2-باب.jpg,الوستيل لتجهيزات المطابخ والفنادق والمطاعم - الثلاجات الاستانلس ستيل حلول تبريد متينة وعالية الأداء للمطابخ الفندقية والمطاعم - مقالات,
https://alusteel.net/مقالات/الثلاجات-الاستانلس-ستيل-حلول-تبريد-متينة-وعالية-الأداء-للمطابخ-الفندقية-والمطاعم,https://alusteel.net/media/0t2jufe3/ثلاجة-افقية-2.jpg,الوستيل لتجهيزات المطابخ والفنادق والمطاعم - الثلاجات الاستانلس ستيل حلول تبريد متينة وعالية الأداء للمطابخ الفندقية والمطاعم - مقالات,
https://alusteel.net/مقالات/الثلاجات-الاستانلس-ستيل-حلول-تبريد-متينة-وعالية-الأداء-للمطابخ-الفندقية-والمطاعم,https://alusteel.net/media/114p2rkg/ثلاجة-افقية.jpg,الوستيل لتجهيزات المطابخ والفنادق والمطاعم - الثلاجات الاستانلس ستيل حلول تبريد متينة وعالية الأداء للمطابخ الفندقية والمطاعم - مقالات,
https://alusteel.net/مقالات/الثلاجات-الاستانلس-ستيل-حلول-تبريد-متينة-وعالية-الأداء-للمطابخ-الفندقية-والمطاعم,https://alusteel.net/media/4syhov2k/ثلاجة-رأسية-1-باب.jpg,الوستيل لتجهيزات المطابخ والفنادق والمطاعم - الثلاجات الاستانلس ستيل حلول تبريد متينة وعالية الأداء للمطابخ الفندقية والمطاعم - مقالات,
https://alusteel.net/مقالات/الثلاجات-الاستانلس-ستيل-حلول-تبريد-متينة-وعالية-الأداء-للمطابخ-الفندقية-والمطاعم,https://alusteel.net/media/bxnlzecx/فرن-بيتزا-حطب-2.jpg,الوستيل لتجهيزات المطابخ والفنادق والمطاعم,
https://alusteel.net/مقالات/الثلاجات-الاستانلس-ستيل-حلول-تبريد-متينة-وعالية-الأداء-للمطابخ-الفندقية-والمطاعم,https://alusteel.net/media/vu4ng5ee/شوايات-حطب.jpg,الوستيل لتجهيزات المطابخ والفنادق والمطاعم,
https://alusteel.net/مقالات/الثلاجات-الاستانلس-ستيل-حلول-تبريد-متينة-وعالية-الأداء-للمطابخ-الفندقية-والمطاعم,https://alusteel.net/media/0k2n2u0d/شوايات-دوارة.jpg,الوستيل لتجهيزات المطابخ والفنادق والمطاعم,
https://alusteel.net/مقالات/الثلاجات-الاستانلس-ستيل-حلول-تبريد-متينة-وعالية-الأداء-للمطابخ-الفندقية-والمطاعم,https://alusteel.net/media/mg3h3bva/فرن-بطاطس-كومبير-2.jpg,الوستيل لتجهيزات المطابخ والفنادق والمطاعم,
https://alusteel.net/مقالات/الثلاجات-الاستانلس-ستيل-حلول-تبريد-متينة-وعالية-الأداء-للمطابخ-الفندقية-والمطاعم,https://alusteel.net/media/grxcakgd/فرن-عيش.jpg,الوستيل لتجهيزات المطابخ والفنادق والمطاعم,
https://alusteel.net/مقالات/الثلاجات-الاستانلس-ستيل-حلول-تبريد-متينة-وعالية-الأداء-للمطابخ-الفندقية-والمطاعم,https://alusteel.net/media/jkvbzvv4/فرن-تدخين.jpg,الوستيل لتجهيزات المطابخ والفنادق والمطاعم,
https://alusteel.net/مقالات/الثلاجات-الاستانلس-ستيل-حلول-تبريد-متينة-وعالية-الأداء-للمطابخ-الفندقية-والمطاعم,https://alusteel.net/media/lzvnpozm/شواية-فراخ-كهرباء.jpg,الوستيل لتجهيزات المطابخ والفنادق والمطاعم,
https://alusteel.net/مقالات/كيفية-اختيار-معدات-المطاعم-والمطابخ-الفندقية,https://alusteel.net/media/rcsjh5it/29.jpg,الوستيل لتجهيزات المطابخ والفنادق والمطاعم - كيفية اختيار معدات المطاعم والمطابخ الفندقية - مقالات,
https://alusteel.net/مقالات/كيفية-اختيار-معدات-المطاعم-والمطابخ-الفندقية,https://alusteel.net/media/bxnlzecx/فرن-بيتزا-حطب-2.jpg,الوستيل لتجهيزات المطابخ والفنادق والمطاعم,
https://alusteel.net/مقالات/كيفية-اختيار-معدات-المطاعم-والمطابخ-الفندقية,https://alusteel.net/media/vu4ng5ee/شوايات-حطب.jpg,الوستيل لتجهيزات المطابخ والفنادق والمطاعم,
https://alusteel.net/مقالات/كيفية-اختيار-معدات-المطاعم-والمطابخ-الفندقية,https://alusteel.net/media/0k2n2u0d/شوايات-دوارة.jpg,الوستيل لتجهيزات المطابخ والفنادق والمطاعم,
https://alusteel.net/مقالات/كيفية-اختيار-معدات-المطاعم-والمطابخ-الفندقية,https://alusteel.net/media/mg3h3bva/فرن-بطاطس-كومبير-2.jpg,الوستيل لتجهيزات المطابخ والفنادق والمطاعم,
https://alusteel.net/مقالات/كيفية-اختيار-معدات-المطاعم-والمطابخ-الفندقية,https://alusteel.net/media/grxcakgd/فرن-عيش.jpg,الوستيل لتجهيزات المطابخ والفنادق والمطاعم,
https://alusteel.net/مقالات/كيفية-اختيار-معدات-المطاعم-والمطابخ-الفندقية,https://alusteel.net/media/jkvbzvv4/فرن-تدخين.jpg,الوستيل لتجهيزات المطابخ والفنادق والمطاعم,
https://alusteel.net/مقالات/كيفية-اختيار-معدات-المطاعم-والمطابخ-الفندقية,https://alusteel.net/media/lzvnpozm/شواية-فراخ-كهرباء.jpg,الوستيل لتجهيزات المطابخ والفنادق والمطاعم,
https://alusteel.net/en/products/various-products,https://alusteel.net/media/bxnlzecx/فرن-بيتزا-حطب-2.jpg,"Alusteel For Hotel, Restaurant, kitchen Equipment",
https://alusteel.net/en/products/various-products,https://alusteel.net/media/vu4ng5ee/شوايات-حطب.jpg,"Alusteel For Hotel, Restaurant, kitchen Equipment",
https://alusteel.net/en/products/various-products,https://alusteel.net/media/0k2n2u0d/شوايات-دوارة.jpg,"Alusteel For Hotel, Restaurant, kitchen Equipment",
https://alusteel.net/en/products/various-products,https://alusteel.net/media/mg3h3bva/فرن-بطاطس-كومبير-2.jpg,"Alusteel For Hotel, Restaurant, kitchen Equipment",
https://alusteel.net/en/products/various-products,https://alusteel.net/media/grxcakgd/فرن-عيش.jpg,"Alusteel For Hotel, Restaurant, kitchen Equipment",
https://alusteel.net/en/products/various-products,https://alusteel.net/media/jkvbzvv4/فرن-تدخين.jpg,"Alusteel For Hotel, Restaurant, kitchen Equipment",
https://alusteel.net/en/products/various-products,https://alusteel.net/media/lzvnpozm/شواية-فراخ-كهرباء.jpg,"Alusteel For Hotel, Restaurant, kitchen Equipment",
https://alusteel.net/en/products/hotline/talting-ban,https://alusteel.net/media/xuaa4atr/حلة-قلابة-مربع-رز.jpg,"Alusteel For Hotel, Restaurant, kitchen Equipment - TALTING-BAN - Hotline",
https://alusteel.net/en/products/hotline/talting-ban,https://alusteel.net/media/s1cj4ls4/بان-مارى-اوفر-كونتر.jpg,"Alusteel For Hotel, Restaurant, kitchen Equipment",
https://alusteel.net/en/products/hotline/talting-ban,https://alusteel.net/media/bxnlzecx/فرن-بيتزا-حطب-2.jpg,"Alusteel For Hotel, Restaurant, kitchen Equipment",
https://alusteel.net/en/products/hotline/talting-ban,https://alusteel.net/media/vu4ng5ee/شوايات-حطب.jpg,"Alusteel For Hotel, Restaurant, kitchen Equipment",
https://alusteel.net/en/products/hotline/talting-ban,https://alusteel.net/media/0k2n2u0d/شوايات-دوارة.jpg,"Alusteel For Hotel, Restaurant, kitchen Equipment",
https://alusteel.net/en/products/hotline/talting-ban,https://alusteel.net/media/mg3h3bva/فرن-بطاطس-كومبير-2.jpg,"Alusteel For Hotel, Restaurant, kitchen Equipment",
https://alusteel.net/en/products/hotline/talting-ban,https://alusteel.net/media/grxcakgd/فرن-عيش.jpg,"Alusteel For Hotel, Restaurant, kitchen Equipment",
https://alusteel.net/en/products/hotline/talting-ban,https://alusteel.net/media/jkvbzvv4/فرن-تدخين.jpg,"Alusteel For Hotel, Restaurant, kitchen Equipment",
https://alusteel.net/en/products/hotline/talting-ban,https://alusteel.net/media/lzvnpozm/شواية-فراخ-كهرباء.jpg,"Alusteel For Hotel, Restaurant, kitchen Equipment",
https://alusteel.net/en/articles/benefits-of-using-stainless-steel-in-restaurant-equipment,https://alusteel.net/media/pa0lml5n/cladding-handrail01.jpg,"Alusteel For Hotel, Restaurant, kitchen Equipment - Benefits of using stainless steel in restaurant equipment - Articles",
https://alusteel.net/en/articles/benefits-of-using-stainless-steel-in-restaurant-equipment,https://alusteel.net/media/f3thj5ns/hotline04.jpg,"Alusteel For Hotel, Restaurant, kitchen Equipment - Benefits of using stainless steel in restaurant equipment - Articles",
https://alusteel.net/en/articles/benefits-of-using-stainless-steel-in-restaurant-equipment,https://alusteel.net/media/snsizia1/189l.jpg,"Alusteel For Hotel, Restaurant, kitchen Equipment - Benefits of using stainless steel in restaurant equipment - Articles",
https://alusteel.net/en/articles/benefits-of-using-stainless-steel-in-restaurant-equipment,https://alusteel.net/media/rk0bj2gu/183l.jpg,"Alusteel For Hotel, Restaurant, kitchen Equipment - Benefits of using stainless steel in restaurant equipment - Articles",
https://alusteel.net/en/articles/benefits-of-using-stainless-steel-in-restaurant-equipment,https://alusteel.net/media/joaphcaa/177l.jpg,"Alusteel For Hotel, Restaurant, kitchen Equipment - Benefits of using stainless steel in restaurant equipment - Articles",
https://alusteel.net/en/articles/benefits-of-using-stainless-steel-in-restaurant-equipment,https://alusteel.net/media/gdzpd3px/175l.jpg,"Alusteel For Hotel, Restaurant, kitchen Equipment - Benefits of using stainless steel in restaurant equipment - Articles",
https://alusteel.net/en/articles/benefits-of-using-stainless-steel-in-restaurant-equipment,https://alusteel.net/media/hhinop1h/178l.jpg,"Alusteel For Hotel, Restaurant, kitchen Equipment - Benefits of using stainless steel in restaurant equipment - Articles",
https://alusteel.net/en/articles/benefits-of-using-stainless-steel-in-restaurant-equipment,https://alusteel.net/media/cwedztrw/86th.jpg,"Alusteel For Hotel, Restaurant, kitchen Equipment - Benefits of using stainless steel in restaurant equipment - Articles",
https://alusteel.net/en/articles/benefits-of-using-stainless-steel-in-restaurant-equipment,https://alusteel.net/media/s1cj4ls4/بان-مارى-اوفر-كونتر.jpg,"Alusteel For Hotel, Restaurant, kitchen Equipment",
https://alusteel.net/en/articles/benefits-of-using-stainless-steel-in-restaurant-equipment,https://alusteel.net/media/bxnlzecx/فرن-بيتزا-حطب-2.jpg,"Alusteel For Hotel, Restaurant, kitchen Equipment",
https://alusteel.net/en/articles/benefits-of-using-stainless-steel-in-restaurant-equipment,https://alusteel.net/media/vu4ng5ee/شوايات-حطب.jpg,"Alusteel For Hotel, Restaurant, kitchen Equipment",
https://alusteel.net/en/articles/benefits-of-using-stainless-steel-in-restaurant-equipment,https://alusteel.net/media/0k2n2u0d/شوايات-دوارة.jpg,"Alusteel For Hotel, Restaurant, kitchen Equipment",
https://alusteel.net/en/articles/benefits-of-using-stainless-steel-in-restaurant-equipment,https://alusteel.net/media/mg3h3bva/فرن-بطاطس-كومبير-2.jpg,"Alusteel For Hotel, Restaurant, kitchen Equipment",
https://alusteel.net/en/articles/benefits-of-using-stainless-steel-in-restaurant-equipment,https://alusteel.net/media/grxcakgd/فرن-عيش.jpg,"Alusteel For Hotel, Restaurant, kitchen Equipment",
https://alusteel.net/en/articles/benefits-of-using-stainless-steel-in-restaurant-equipment,https://alusteel.net/media/jkvbzvv4/فرن-تدخين.jpg,"Alusteel For Hotel, Restaurant, kitchen Equipment",
https://alusteel.net/en/articles/benefits-of-using-stainless-steel-in-restaurant-equipment,https://alusteel.net/media/lzvnpozm/شواية-فراخ-كهرباء.jpg,"Alusteel For Hotel, Restaurant, kitchen Equipment",
https://alusteel.net/en/articles/how-to-choose-the-right-kitchen-equipment-for-your-restaurant,https://alusteel.net/media/uqnfg5s2/114l.jpg,"Alusteel For Hotel, Restaurant, kitchen Equipment - How to choose the right kitchen equipment for your restaurant - Articles",
https://alusteel.net/en/articles/how-to-choose-the-right-kitchen-equipment-for-your-restaurant,https://alusteel.net/media/od4kyb4y/66l.jpg,"Alusteel For Hotel, Restaurant, kitchen Equipment - How to choose the right kitchen equipment for your restaurant - Articles",
https://alusteel.net/en/articles/how-to-choose-the-right-kitchen-equipment-for-your-restaurant,https://alusteel.net/media/qecphdqa/129l.jpg,"Alusteel For Hotel, Restaurant, kitchen Equipment - How to choose the right kitchen equipment for your restaurant - Articles",
https://alusteel.net/en/articles/how-to-choose-the-right-kitchen-equipment-for-your-restaurant,https://alusteel.net/media/vp0ag13w/85l.jpg,"Alusteel For Hotel, Restaurant, kitchen Equipment - How to choose the right kitchen equipment for your restaurant - Articles",
https://alusteel.net/en/articles/how-to-choose-the-right-kitchen-equipment-for-your-restaurant,https://alusteel.net/media/2addv3hw/140l.jpg,"Alusteel For Hotel, Restaurant, kitchen Equipment - How to choose the right kitchen equipment for your restaurant - Articles",
https://alusteel.net/en/articles/how-to-choose-the-right-kitchen-equipment-for-your-restaurant,https://alusteel.net/media/jknda2l2/70l.jpg,"Alusteel For Hotel, Restaurant, kitchen Equipment - How to choose the right kitchen equipment for your restaurant - Articles",
https://alusteel.net/en/articles/how-to-choose-the-right-kitchen-equipment-for-your-restaurant,https://alusteel.net/media/am5bq3gr/136l.jpg,"Alusteel For Hotel, Restaurant, kitchen Equipment - How to choose the right kitchen equipment for your restaurant - Articles",
https://alusteel.net/en/articles/how-to-choose-the-right-kitchen-equipment-for-your-restaurant,https://alusteel.net/media/xz5lwx2k/img_0126.jpg,"Alusteel For Hotel, Restaurant, kitchen Equipment - How to choose the right kitchen equipment for your restaurant - Articles",
https://alusteel.net/en/articles/how-to-choose-the-right-kitchen-equipment-for-your-restaurant,https://alusteel.net/media/s1cj4ls4/بان-مارى-اوفر-كونتر.jpg,"Alusteel For Hotel, Restaurant, kitchen Equipment",
https://alusteel.net/en/articles/how-to-choose-the-right-kitchen-equipment-for-your-restaurant,https://alusteel.net/media/bxnlzecx/فرن-بيتزا-حطب-2.jpg,"Alusteel For Hotel, Restaurant, kitchen Equipment",
https://alusteel.net/en/articles/how-to-choose-the-right-kitchen-equipment-for-your-restaurant,https://alusteel.net/media/vu4ng5ee/شوايات-حطب.jpg,"Alusteel For Hotel, Restaurant, kitchen Equipment",
https://alusteel.net/en/articles/how-to-choose-the-right-kitchen-equipment-for-your-restaurant,https://alusteel.net/media/0k2n2u0d/شوايات-دوارة.jpg,"Alusteel For Hotel, Restaurant, kitchen Equipment",
https://alusteel.net/en/articles/how-to-choose-the-right-kitchen-equipment-for-your-restaurant,https://alusteel.net/media/mg3h3bva/فرن-بطاطس-كومبير-2.jpg,"Alusteel For Hotel, Restaurant, kitchen Equipment",
https://alusteel.net/en/articles/how-to-choose-the-right-kitchen-equipment-for-your-restaurant,https://alusteel.net/media/grxcakgd/فرن-عيش.jpg,"Alusteel For Hotel, Restaurant, kitchen Equipment",
https://alusteel.net/en/articles/how-to-choose-the-right-kitchen-equipment-for-your-restaurant,https://alusteel.net/media/jkvbzvv4/فرن-تدخين.jpg,"Alusteel For Hotel, Restaurant, kitchen Equipment",
https://alusteel.net/en/articles/how-to-choose-the-right-kitchen-equipment-for-your-restaurant,https://alusteel.net/media/lzvnpozm/شواية-فراخ-كهرباء.jpg,"Alusteel For Hotel, Restaurant, kitchen Equipment",
https://alusteel.net/en/articles/equipping-restaurants-and-kitchens-with-appropriate-equipment,https://alusteel.net/media/2c5j3ndi/329445422_875512563733661_5348493177571817463_n.jpg,"Alusteel For Hotel, Restaurant, kitchen Equipment - Equipping restaurants and kitchens with appropriate equipment - Articles",
https://alusteel.net/en/articles/equipping-restaurants-and-kitchens-with-appropriate-equipment,https://alusteel.net/media/kyyfhvvj/329793608_855506975538667_3028188712974720304_n.jpg,"Alusteel For Hotel, Restaurant, kitchen Equipment - Equipping restaurants and kitchens with appropriate equipment - Articles",
https://alusteel.net/en/articles/equipping-restaurants-and-kitchens-with-appropriate-equipment,https://alusteel.net/media/kbinxwxc/334081362_1700698520345383_1254947213021034869_n.jpg,"Alusteel For Hotel, Restaurant, kitchen Equipment - Equipping restaurants and kitchens with appropriate equipment - Articles",
https://alusteel.net/en/articles/equipping-restaurants-and-kitchens-with-appropriate-equipment,https://alusteel.net/media/kthfclpo/261152549_4539986749454860_98075750782175892_n-1.jpg,"Alusteel For Hotel, Restaurant, kitchen Equipment - Equipping restaurants and kitchens with appropriate equipment - Articles",
https://alusteel.net/en/articles/equipping-restaurants-and-kitchens-with-appropriate-equipment,https://alusteel.net/media/s1cj4ls4/بان-مارى-اوفر-كونتر.jpg,"Alusteel For Hotel, Restaurant, kitchen Equipment",
https://alusteel.net/en/articles/equipping-restaurants-and-kitchens-with-appropriate-equipment,https://alusteel.net/media/bxnlzecx/فرن-بيتزا-حطب-2.jpg,"Alusteel For Hotel, Restaurant, kitchen Equipment",
https://alusteel.net/en/articles/equipping-restaurants-and-kitchens-with-appropriate-equipment,https://alusteel.net/media/vu4ng5ee/شوايات-حطب.jpg,"Alusteel For Hotel, Restaurant, kitchen Equipment",
https://alusteel.net/en/articles/equipping-restaurants-and-kitchens-with-appropriate-equipment,https://alusteel.net/media/0k2n2u0d/شوايات-دوارة.jpg,"Alusteel For Hotel, Restaurant, kitchen Equipment",
https://alusteel.net/en/articles/equipping-restaurants-and-kitchens-with-appropriate-equipment,https://alusteel.net/media/mg3h3bva/فرن-بطاطس-كومبير-2.jpg,"Alusteel For Hotel, Restaurant, kitchen Equipment",
https://alusteel.net/en/articles/equipping-restaurants-and-kitchens-with-appropriate-equipment,https://alusteel.net/media/grxcakgd/فرن-عيش.jpg,"Alusteel For Hotel, Restaurant, kitchen Equipment",
https://alusteel.net/en/articles/equipping-restaurants-and-kitchens-with-appropriate-equipment,https://alusteel.net/media/jkvbzvv4/فرن-تدخين.jpg,"Alusteel For Hotel, Restaurant, kitchen Equipment",
https://alusteel.net/en/articles/equipping-restaurants-and-kitchens-with-appropriate-equipment,https://alusteel.net/media/lzvnpozm/شواية-فراخ-كهرباء.jpg,"Alusteel For Hotel, Restaurant, kitchen Equipment",
https://alusteel.net/en/articles/the-future-of-restaurant-equipment-innovations-and-developments,https://alusteel.net/media/03ihkfvo/dsc_0185.jpg,"Alusteel For Hotel, Restaurant, kitchen Equipment - The future of restaurant equipment: innovations and developments - Articles",
https://alusteel.net/en/articles/the-future-of-restaurant-equipment-innovations-and-developments,https://alusteel.net/media/rwlhcxy5/dsc_0008.jpg,"Alusteel For Hotel, Restaurant, kitchen Equipment - The future of restaurant equipment: innovations and developments - Articles",
https://alusteel.net/en/articles/the-future-of-restaurant-equipment-innovations-and-developments,https://alusteel.net/media/iwtjhd4d/dsc_0026.jpg,"Alusteel For Hotel, Restaurant, kitchen Equipment - The future of restaurant equipment: innovations and developments - Articles",
https://alusteel.net/en/articles/the-future-of-restaurant-equipment-innovations-and-developments,https://alusteel.net/media/4z3fyb1s/37578108_1771423512977878_6980921065597829120_n.jpg,"Alusteel For Hotel, Restaurant, kitchen Equipment - The future of restaurant equipment: innovations and developments - Articles",
https://alusteel.net/en/articles/the-future-of-restaurant-equipment-innovations-and-developments,https://alusteel.net/media/msoixb1n/42298538_1865666230220272_7766003085435994112_n.jpg,"Alusteel For Hotel, Restaurant, kitchen Equipment - The future of restaurant equipment: innovations and developments - Articles",
https://alusteel.net/en/articles/the-future-of-restaurant-equipment-innovations-and-developments,https://alusteel.net/media/244oquws/57649301_2173672212753004_3364340186098958336_n.jpg,"Alusteel For Hotel, Restaurant, kitchen Equipment - The future of restaurant equipment: innovations and developments - Articles",
https://alusteel.net/en/articles/the-future-of-restaurant-equipment-innovations-and-developments,https://alusteel.net/media/s1cj4ls4/بان-مارى-اوفر-كونتر.jpg,"Alusteel For Hotel, Restaurant, kitchen Equipment",
https://alusteel.net/en/articles/the-future-of-restaurant-equipment-innovations-and-developments,https://alusteel.net/media/bxnlzecx/فرن-بيتزا-حطب-2.jpg,"Alusteel For Hotel, Restaurant, kitchen Equipment",
https://alusteel.net/en/articles/the-future-of-restaurant-equipment-innovations-and-developments,https://alusteel.net/media/vu4ng5ee/شوايات-حطب.jpg,"Alusteel For Hotel, Restaurant, kitchen Equipment",
https://alusteel.net/en/articles/the-future-of-restaurant-equipment-innovations-and-developments,https://alusteel.net/media/0k2n2u0d/شوايات-دوارة.jpg,"Alusteel For Hotel, Restaurant, kitchen Equipment",
https://alusteel.net/en/articles/the-future-of-restaurant-equipment-innovations-and-developments,https://alusteel.net/media/mg3h3bva/فرن-بطاطس-كومبير-2.jpg,"Alusteel For Hotel, Restaurant, kitchen Equipment",
https://alusteel.net/en/articles/the-future-of-restaurant-equipment-innovations-and-developments,https://alusteel.net/media/grxcakgd/فرن-عيش.jpg,"Alusteel For Hotel, Restaurant, kitchen Equipment",
https://alusteel.net/en/articles/the-future-of-restaurant-equipment-innovations-and-developments,https://alusteel.net/media/jkvbzvv4/فرن-تدخين.jpg,"Alusteel For Hotel, Restaurant, kitchen Equipment",
https://alusteel.net/en/articles/the-future-of-restaurant-equipment-innovations-and-developments,https://alusteel.net/media/lzvnpozm/شواية-فراخ-كهرباء.jpg,"Alusteel For Hotel, Restaurant, kitchen Equipment",
https://alusteel.net/en/articles/stainless-steel-oven-industry,https://alusteel.net/media/zqgh12h4/article-stainless-steel-oven-industry.jpg,"Alusteel For Hotel, Restaurant, kitchen Equipment - Stainless Steel Oven Industry - Articles",
https://alusteel.net/en/articles/stainless-steel-oven-industry,https://alusteel.net/media/s1cj4ls4/بان-مارى-اوفر-كونتر.jpg,"Alusteel For Hotel, Restaurant, kitchen Equipment",
https://alusteel.net/en/articles/stainless-steel-oven-industry,https://alusteel.net/media/bxnlzecx/فرن-بيتزا-حطب-2.jpg,"Alusteel For Hotel, Restaurant, kitchen Equipment",
https://alusteel.net/en/articles/stainless-steel-oven-industry,https://alusteel.net/media/vu4ng5ee/شوايات-حطب.jpg,"Alusteel For Hotel, Restaurant, kitchen Equipment",
https://alusteel.net/en/articles/stainless-steel-oven-industry,https://alusteel.net/media/0k2n2u0d/شوايات-دوارة.jpg,"Alusteel For Hotel, Restaurant, kitchen Equipment",
https://alusteel.net/en/articles/stainless-steel-oven-industry,https://alusteel.net/media/mg3h3bva/فرن-بطاطس-كومبير-2.jpg,"Alusteel For Hotel, Restaurant, kitchen Equipment",
https://alusteel.net/en/articles/stainless-steel-oven-industry,https://alusteel.net/media/grxcakgd/فرن-عيش.jpg,"Alusteel For Hotel, Restaurant, kitchen Equipment",
https://alusteel.net/en/articles/stainless-steel-oven-industry,https://alusteel.net/media/jkvbzvv4/فرن-تدخين.jpg,"Alusteel For Hotel, Restaurant, kitchen Equipment",
https://alusteel.net/en/articles/stainless-steel-oven-industry,https://alusteel.net/media/lzvnpozm/شواية-فراخ-كهرباء.jpg,"Alusteel For Hotel, Restaurant, kitchen Equipment",
https://alusteel.net/en/articles/boiling-ban,https://alusteel.net/media/ww4lp25s/boilng-ban.jpg,"Alusteel For Hotel, Restaurant, kitchen Equipment - Boiling Ban - Articles",
https://alusteel.net/en/articles/boiling-ban,https://alusteel.net/media/kljihi0d/حلة-بخارية.jpg,"Alusteel For Hotel, Restaurant, kitchen Equipment - Boiling Ban - Articles",
https://alusteel.net/en/articles/boiling-ban,https://alusteel.net/media/s1cj4ls4/بان-مارى-اوفر-كونتر.jpg,"Alusteel For Hotel, Restaurant, kitchen Equipment",
https://alusteel.net/en/articles/boiling-ban,https://alusteel.net/media/bxnlzecx/فرن-بيتزا-حطب-2.jpg,"Alusteel For Hotel, Restaurant, kitchen Equipment",
https://alusteel.net/en/articles/boiling-ban,https://alusteel.net/media/vu4ng5ee/شوايات-حطب.jpg,"Alusteel For Hotel, Restaurant, kitchen Equipment",
https://alusteel.net/en/articles/boiling-ban,https://alusteel.net/media/0k2n2u0d/شوايات-دوارة.jpg,"Alusteel For Hotel, Restaurant, kitchen Equipment",
https://alusteel.net/en/articles/boiling-ban,https://alusteel.net/media/mg3h3bva/فرن-بطاطس-كومبير-2.jpg,"Alusteel For Hotel, Restaurant, kitchen Equipment",
https://alusteel.net/en/articles/boiling-ban,https://alusteel.net/media/grxcakgd/فرن-عيش.jpg,"Alusteel For Hotel, Restaurant, kitchen Equipment",
https://alusteel.net/en/articles/boiling-ban,https://alusteel.net/media/jkvbzvv4/فرن-تدخين.jpg,"Alusteel For Hotel, Restaurant, kitchen Equipment",
https://alusteel.net/en/articles/boiling-ban,https://alusteel.net/media/lzvnpozm/شواية-فراخ-كهرباء.jpg,"Alusteel For Hotel, Restaurant, kitchen Equipment",
https://alusteel.net/en/articles/telting-ban,https://alusteel.net/media/5vqny4jk/telting-ban.jpg,"Alusteel For Hotel, Restaurant, kitchen Equipment - Telting Ban - Articles",
https://alusteel.net/en/articles/telting-ban,https://alusteel.net/media/xuaa4atr/حلة-قلابة-مربع-رز.jpg,"Alusteel For Hotel, Restaurant, kitchen Equipment - Telting Ban - Articles",
https://alusteel.net/en/articles/telting-ban,https://alusteel.net/media/s1cj4ls4/بان-مارى-اوفر-كونتر.jpg,"Alusteel For Hotel, Restaurant, kitchen Equipment",
https://alusteel.net/en/articles/telting-ban,https://alusteel.net/media/bxnlzecx/فرن-بيتزا-حطب-2.jpg,"Alusteel For Hotel, Restaurant, kitchen Equipment",
https://alusteel.net/en/articles/telting-ban,https://alusteel.net/media/vu4ng5ee/شوايات-حطب.jpg,"Alusteel For Hotel, Restaurant, kitchen Equipment",
https://alusteel.net/en/articles/telting-ban,https://alusteel.net/media/0k2n2u0d/شوايات-دوارة.jpg,"Alusteel For Hotel, Restaurant, kitchen Equipment",
https://alusteel.net/en/articles/telting-ban,https://alusteel.net/media/mg3h3bva/فرن-بطاطس-كومبير-2.jpg,"Alusteel For Hotel, Restaurant, kitchen Equipment",
https://alusteel.net/en/articles/telting-ban,https://alusteel.net/media/grxcakgd/فرن-عيش.jpg,"Alusteel For Hotel, Restaurant, kitchen Equipment",
https://alusteel.net/en/articles/telting-ban,https://alusteel.net/media/jkvbzvv4/فرن-تدخين.jpg,"Alusteel For Hotel, Restaurant, kitchen Equipment",
https://alusteel.net/en/articles/telting-ban,https://alusteel.net/media/lzvnpozm/شواية-فراخ-كهرباء.jpg,"Alusteel For Hotel, Restaurant, kitchen Equipment",
https://alusteel.net/en/articles/electric-stoves,https://alusteel.net/media/r11hx4qx/electric-stove.jpg,"Alusteel For Hotel, Restaurant, kitchen Equipment - electric stoves - Articles",
https://alusteel.net/en/articles/electric-stoves,https://alusteel.net/media/ccfepx3p/اوفر-كونتر-موقد-2-بلاطة.jpg,"Alusteel For Hotel, Restaurant, kitchen Equipment - electric stoves - Articles",
https://alusteel.net/en/articles/electric-stoves,https://alusteel.net/media/do1d0wya/موقد-4-بلاطة-دائرة.jpg,"Alusteel For Hotel, Restaurant, kitchen Equipment - electric stoves - Articles",
https://alusteel.net/en/articles/electric-stoves,https://alusteel.net/media/fueo4r4d/موقد-4-بلاطة-مربعه.jpg,"Alusteel For Hotel, Restaurant, kitchen Equipment - electric stoves - Articles",
https://alusteel.net/en/articles/electric-stoves,https://alusteel.net/media/xygfipal/موقد-6-بلاطة-دائرة.jpg,"Alusteel For Hotel, Restaurant, kitchen Equipment - electric stoves - Articles",
https://alusteel.net/en/articles/electric-stoves,https://alusteel.net/media/fehcw0v0/موقد-6-بلاطة-مربعه.jpg,"Alusteel For Hotel, Restaurant, kitchen Equipment - electric stoves - Articles",
https://alusteel.net/en/articles/electric-stoves,https://alusteel.net/media/s1cj4ls4/بان-مارى-اوفر-كونتر.jpg,"Alusteel For Hotel, Restaurant, kitchen Equipment",
https://alusteel.net/en/articles/electric-stoves,https://alusteel.net/media/bxnlzecx/فرن-بيتزا-حطب-2.jpg,"Alusteel For Hotel, Restaurant, kitchen Equipment",
https://alusteel.net/en/articles/electric-stoves,https://alusteel.net/media/vu4ng5ee/شوايات-حطب.jpg,"Alusteel For Hotel, Restaurant, kitchen Equipment",
https://alusteel.net/en/articles/electric-stoves,https://alusteel.net/media/0k2n2u0d/شوايات-دوارة.jpg,"Alusteel For Hotel, Restaurant, kitchen Equipment",
https://alusteel.net/en/articles/electric-stoves,https://alusteel.net/media/mg3h3bva/فرن-بطاطس-كومبير-2.jpg,"Alusteel For Hotel, Restaurant, kitchen Equipment",
https://alusteel.net/en/articles/electric-stoves,https://alusteel.net/media/grxcakgd/فرن-عيش.jpg,"Alusteel For Hotel, Restaurant, kitchen Equipment",
https://alusteel.net/en/articles/electric-stoves,https://alusteel.net/media/jkvbzvv4/فرن-تدخين.jpg,"Alusteel For Hotel, Restaurant, kitchen Equipment",
https://alusteel.net/en/articles/electric-stoves,https://alusteel.net/media/lzvnpozm/شواية-فراخ-كهرباء.jpg,"Alusteel For Hotel, Restaurant, kitchen Equipment",
https://alusteel.net/en/articles/gas-stove,https://alusteel.net/media/pncdvclo/gas-stove.jpg,"Alusteel For Hotel, Restaurant, kitchen Equipment - Gas Stove - Articles",
https://alusteel.net/en/articles/gas-stove,https://alusteel.net/media/g3innvhb/بوتجاز-2-شعلة-اوفر-كونتر.jpg,"Alusteel For Hotel, Restaurant, kitchen Equipment - Gas Stove - Articles",
https://alusteel.net/en/articles/gas-stove,https://alusteel.net/media/ovgpy0ev/بوتجاز-4-شعلة.jpg,"Alusteel For Hotel, Restaurant, kitchen Equipment - Gas Stove - Articles",
https://alusteel.net/en/articles/gas-stove,https://alusteel.net/media/1bec0ji5/بوتجاز-6-شعلة.jpg,"Alusteel For Hotel, Restaurant, kitchen Equipment - Gas Stove - Articles",
https://alusteel.net/en/articles/gas-stove,https://alusteel.net/media/fu5gz112/بوتجاز-2-شعلة-بدون-فرن.jpg,"Alusteel For Hotel, Restaurant, kitchen Equipment - Gas Stove - Articles",
https://alusteel.net/en/articles/gas-stove,https://alusteel.net/media/uhtlppbq/بوتجاز-4-شعلة-بدون-فرن.jpg,"Alusteel For Hotel, Restaurant, kitchen Equipment - Gas Stove - Articles",
https://alusteel.net/en/articles/gas-stove,https://alusteel.net/media/s1cj4ls4/بان-مارى-اوفر-كونتر.jpg,"Alusteel For Hotel, Restaurant, kitchen Equipment",
https://alusteel.net/en/articles/gas-stove,https://alusteel.net/media/bxnlzecx/فرن-بيتزا-حطب-2.jpg,"Alusteel For Hotel, Restaurant, kitchen Equipment",
https://alusteel.net/en/articles/gas-stove,https://alusteel.net/media/vu4ng5ee/شوايات-حطب.jpg,"Alusteel For Hotel, Restaurant, kitchen Equipment",
https://alusteel.net/en/articles/gas-stove,https://alusteel.net/media/0k2n2u0d/شوايات-دوارة.jpg,"Alusteel For Hotel, Restaurant, kitchen Equipment",
https://alusteel.net/en/articles/gas-stove,https://alusteel.net/media/mg3h3bva/فرن-بطاطس-كومبير-2.jpg,"Alusteel For Hotel, Restaurant, kitchen Equipment",
https://alusteel.net/en/articles/gas-stove,https://alusteel.net/media/grxcakgd/فرن-عيش.jpg,"Alusteel For Hotel, Restaurant, kitchen Equipment",
https://alusteel.net/en/articles/gas-stove,https://alusteel.net/media/jkvbzvv4/فرن-تدخين.jpg,"Alusteel For Hotel, Restaurant, kitchen Equipment",
https://alusteel.net/en/articles/gas-stove,https://alusteel.net/media/lzvnpozm/شواية-فراخ-كهرباء.jpg,"Alusteel For Hotel, Restaurant, kitchen Equipment",
https://alusteel.net/en/articles/fryers,https://alusteel.net/media/xp3bdoj3/electric-fryer.jpg,"Alusteel For Hotel, Restaurant, kitchen Equipment - Fryers - Articles",
https://alusteel.net/en/articles/fryers,https://alusteel.net/media/45okq2pr/قلاية-2-عين.jpg,"Alusteel For Hotel, Restaurant, kitchen Equipment - Fryers - Articles",
https://alusteel.net/en/articles/fryers,https://alusteel.net/media/tdmdovab/قلاية-1-عين-اوفر-كونتر.jpg,"Alusteel For Hotel, Restaurant, kitchen Equipment - Fryers - Articles",
https://alusteel.net/en/articles/fryers,https://alusteel.net/media/s1cj4ls4/بان-مارى-اوفر-كونتر.jpg,"Alusteel For Hotel, Restaurant, kitchen Equipment",
https://alusteel.net/en/articles/fryers,https://alusteel.net/media/bxnlzecx/فرن-بيتزا-حطب-2.jpg,"Alusteel For Hotel, Restaurant, kitchen Equipment",
https://alusteel.net/en/articles/fryers,https://alusteel.net/media/vu4ng5ee/شوايات-حطب.jpg,"Alusteel For Hotel, Restaurant, kitchen Equipment",
https://alusteel.net/en/articles/fryers,https://alusteel.net/media/0k2n2u0d/شوايات-دوارة.jpg,"Alusteel For Hotel, Restaurant, kitchen Equipment",
https://alusteel.net/en/articles/fryers,https://alusteel.net/media/mg3h3bva/فرن-بطاطس-كومبير-2.jpg,"Alusteel For Hotel, Restaurant, kitchen Equipment",
https://alusteel.net/en/articles/fryers,https://alusteel.net/media/grxcakgd/فرن-عيش.jpg,"Alusteel For Hotel, Restaurant, kitchen Equipment",
https://alusteel.net/en/articles/fryers,https://alusteel.net/media/jkvbzvv4/فرن-تدخين.jpg,"Alusteel For Hotel, Restaurant, kitchen Equipment",
https://alusteel.net/en/articles/fryers,https://alusteel.net/media/lzvnpozm/شواية-فراخ-كهرباء.jpg,"Alusteel For Hotel, Restaurant, kitchen Equipment",
https://alusteel.net/en/articles/grill,https://alusteel.net/media/rtcivuyv/grill.jpg,"Alusteel For Hotel, Restaurant, kitchen Equipment - Grill - Articles",
https://alusteel.net/en/articles/grill,https://alusteel.net/media/kzkhoe1x/جريل.jpg,"Alusteel For Hotel, Restaurant, kitchen Equipment - Grill - Articles",
https://alusteel.net/en/articles/grill,https://alusteel.net/media/0ltlpxon/جريل-شاركل.jpg,"Alusteel For Hotel, Restaurant, kitchen Equipment - Grill - Articles",
https://alusteel.net/en/articles/grill,https://alusteel.net/media/2jyfm01p/جريل-اوفر-كونتر.jpg,"Alusteel For Hotel, Restaurant, kitchen Equipment - Grill - Articles",
https://alusteel.net/en/articles/grill,https://alusteel.net/media/s1cj4ls4/بان-مارى-اوفر-كونتر.jpg,"Alusteel For Hotel, Restaurant, kitchen Equipment",
https://alusteel.net/en/articles/grill,https://alusteel.net/media/bxnlzecx/فرن-بيتزا-حطب-2.jpg,"Alusteel For Hotel, Restaurant, kitchen Equipment",
https://alusteel.net/en/articles/grill,https://alusteel.net/media/vu4ng5ee/شوايات-حطب.jpg,"Alusteel For Hotel, Restaurant, kitchen Equipment",
https://alusteel.net/en/articles/grill,https://alusteel.net/media/0k2n2u0d/شوايات-دوارة.jpg,"Alusteel For Hotel, Restaurant, kitchen Equipment",
https://alusteel.net/en/articles/grill,https://alusteel.net/media/mg3h3bva/فرن-بطاطس-كومبير-2.jpg,"Alusteel For Hotel, Restaurant, kitchen Equipment",
https://alusteel.net/en/articles/grill,https://alusteel.net/media/grxcakgd/فرن-عيش.jpg,"Alusteel For Hotel, Restaurant, kitchen Equipment",
https://alusteel.net/en/articles/grill,https://alusteel.net/media/jkvbzvv4/فرن-تدخين.jpg,"Alusteel For Hotel, Restaurant, kitchen Equipment",
https://alusteel.net/en/articles/grill,https://alusteel.net/media/lzvnpozm/شواية-فراخ-كهرباء.jpg,"Alusteel For Hotel, Restaurant, kitchen Equipment",
https://alusteel.net/en/articles/pasta-cooker,https://alusteel.net/media/xgzhfcxo/pasta-cooker.jpg,"Alusteel For Hotel, Restaurant, kitchen Equipment - Pasta Cooker - Articles",
https://alusteel.net/en/articles/pasta-cooker,https://alusteel.net/media/fmjbevps/باستا-كوكر-اوفر-كونتر.jpg,"Alusteel For Hotel, Restaurant, kitchen Equipment - Pasta Cooker - Articles",
https://alusteel.net/en/articles/pasta-cooker,https://alusteel.net/media/s1cj4ls4/بان-مارى-اوفر-كونتر.jpg,"Alusteel For Hotel, Restaurant, kitchen Equipment",
https://alusteel.net/en/articles/pasta-cooker,https://alusteel.net/media/bxnlzecx/فرن-بيتزا-حطب-2.jpg,"Alusteel For Hotel, Restaurant, kitchen Equipment",
https://alusteel.net/en/articles/pasta-cooker,https://alusteel.net/media/vu4ng5ee/شوايات-حطب.jpg,"Alusteel For Hotel, Restaurant, kitchen Equipment",
https://alusteel.net/en/articles/pasta-cooker,https://alusteel.net/media/0k2n2u0d/شوايات-دوارة.jpg,"Alusteel For Hotel, Restaurant, kitchen Equipment",
https://alusteel.net/en/articles/pasta-cooker,https://alusteel.net/media/mg3h3bva/فرن-بطاطس-كومبير-2.jpg,"Alusteel For Hotel, Restaurant, kitchen Equipment",
https://alusteel.net/en/articles/pasta-cooker,https://alusteel.net/media/grxcakgd/فرن-عيش.jpg,"Alusteel For Hotel, Restaurant, kitchen Equipment",
https://alusteel.net/en/articles/pasta-cooker,https://alusteel.net/media/jkvbzvv4/فرن-تدخين.jpg,"Alusteel For Hotel, Restaurant, kitchen Equipment",
https://alusteel.net/en/articles/pasta-cooker,https://alusteel.net/media/lzvnpozm/شواية-فراخ-كهرباء.jpg,"Alusteel For Hotel, Restaurant, kitchen Equipment",
https://alusteel.net/en/articles/stainless-steel-stone-pizza-ovens-are-a-combination-of-authenticity-and-durability-for-hotel-and-restaurant-kitchens,https://alusteel.net/media/bxnlzecx/فرن-بيتزا-حطب-2.jpg,"Alusteel For Hotel, Restaurant, kitchen Equipment - Stainless steel stone pizza ovens are a combination of authenticity and durability for hotel and restaurant kitchens. - Articles",
https://alusteel.net/en/articles/stainless-steel-stone-pizza-ovens-are-a-combination-of-authenticity-and-durability-for-hotel-and-restaurant-kitchens,https://alusteel.net/media/zefbvzum/فرن-بيتزا-حطب-1.jpg,"Alusteel For Hotel, Restaurant, kitchen Equipment - Stainless steel stone pizza ovens are a combination of authenticity and durability for hotel and restaurant kitchens. - Articles",
https://alusteel.net/en/articles/stainless-steel-stone-pizza-ovens-are-a-combination-of-authenticity-and-durability-for-hotel-and-restaurant-kitchens,https://alusteel.net/media/otdaablv/فرن-بيتزا-حطب-3.jpg,"Alusteel For Hotel, Restaurant, kitchen Equipment - Stainless steel stone pizza ovens are a combination of authenticity and durability for hotel and restaurant kitchens. - Articles",
https://alusteel.net/en/articles/stainless-steel-stone-pizza-ovens-are-a-combination-of-authenticity-and-durability-for-hotel-and-restaurant-kitchens,https://alusteel.net/media/sa1dk0gp/فرن-بيتزا-حطب-4.jpg,"Alusteel For Hotel, Restaurant, kitchen Equipment - Stainless steel stone pizza ovens are a combination of authenticity and durability for hotel and restaurant kitchens. - Articles",
https://alusteel.net/en/articles/stainless-steel-stone-pizza-ovens-are-a-combination-of-authenticity-and-durability-for-hotel-and-restaurant-kitchens,https://alusteel.net/media/ka1hr2gu/فرن-بيتزا-حطب-5.jpg,"Alusteel For Hotel, Restaurant, kitchen Equipment - Stainless steel stone pizza ovens are a combination of authenticity and durability for hotel and restaurant kitchens. - Articles",
https://alusteel.net/en/articles/stainless-steel-stone-pizza-ovens-are-a-combination-of-authenticity-and-durability-for-hotel-and-restaurant-kitchens,https://alusteel.net/media/dacphpby/احدث-فرن-بيتزا.jpg,"Alusteel For Hotel, Restaurant, kitchen Equipment - Stainless steel stone pizza ovens are a combination of authenticity and durability for hotel and restaurant kitchens. - Articles",
https://alusteel.net/en/articles/stainless-steel-stone-pizza-ovens-are-a-combination-of-authenticity-and-durability-for-hotel-and-restaurant-kitchens,https://alusteel.net/media/s1cj4ls4/بان-مارى-اوفر-كونتر.jpg,"Alusteel For Hotel, Restaurant, kitchen Equipment",
https://alusteel.net/en/articles/stainless-steel-stone-pizza-ovens-are-a-combination-of-authenticity-and-durability-for-hotel-and-restaurant-kitchens,https://alusteel.net/media/vu4ng5ee/شوايات-حطب.jpg,"Alusteel For Hotel, Restaurant, kitchen Equipment",
https://alusteel.net/en/articles/stainless-steel-stone-pizza-ovens-are-a-combination-of-authenticity-and-durability-for-hotel-and-restaurant-kitchens,https://alusteel.net/media/0k2n2u0d/شوايات-دوارة.jpg,"Alusteel For Hotel, Restaurant, kitchen Equipment",
https://alusteel.net/en/articles/stainless-steel-stone-pizza-ovens-are-a-combination-of-authenticity-and-durability-for-hotel-and-restaurant-kitchens,https://alusteel.net/media/mg3h3bva/فرن-بطاطس-كومبير-2.jpg,"Alusteel For Hotel, Restaurant, kitchen Equipment",
https://alusteel.net/en/articles/stainless-steel-stone-pizza-ovens-are-a-combination-of-authenticity-and-durability-for-hotel-and-restaurant-kitchens,https://alusteel.net/media/grxcakgd/فرن-عيش.jpg,"Alusteel For Hotel, Restaurant, kitchen Equipment",
https://alusteel.net/en/articles/stainless-steel-stone-pizza-ovens-are-a-combination-of-authenticity-and-durability-for-hotel-and-restaurant-kitchens,https://alusteel.net/media/jkvbzvv4/فرن-تدخين.jpg,"Alusteel For Hotel, Restaurant, kitchen Equipment",
https://alusteel.net/en/articles/stainless-steel-stone-pizza-ovens-are-a-combination-of-authenticity-and-durability-for-hotel-and-restaurant-kitchens,https://alusteel.net/media/lzvnpozm/شواية-فراخ-كهرباء.jpg,"Alusteel For Hotel, Restaurant, kitchen Equipment",
https://alusteel.net/en/articles/napoli-pizza-oven,https://alusteel.net/media/bxnlzecx/فرن-بيتزا-حطب-2.jpg,"Alusteel For Hotel, Restaurant, kitchen Equipment - Napoli pizza oven - Articles",
https://alusteel.net/en/articles/napoli-pizza-oven,https://alusteel.net/media/zefbvzum/فرن-بيتزا-حطب-1.jpg,"Alusteel For Hotel, Restaurant, kitchen Equipment - Napoli pizza oven - Articles",
https://alusteel.net/en/articles/napoli-pizza-oven,https://alusteel.net/media/otdaablv/فرن-بيتزا-حطب-3.jpg,"Alusteel For Hotel, Restaurant, kitchen Equipment - Napoli pizza oven - Articles",
https://alusteel.net/en/articles/napoli-pizza-oven,https://alusteel.net/media/sa1dk0gp/فرن-بيتزا-حطب-4.jpg,"Alusteel For Hotel, Restaurant, kitchen Equipment - Napoli pizza oven - Articles",
https://alusteel.net/en/articles/napoli-pizza-oven,https://alusteel.net/media/ka1hr2gu/فرن-بيتزا-حطب-5.jpg,"Alusteel For Hotel, Restaurant, kitchen Equipment - Napoli pizza oven - Articles",
https://alusteel.net/en/articles/napoli-pizza-oven,https://alusteel.net/media/s1cj4ls4/بان-مارى-اوفر-كونتر.jpg,"Alusteel For Hotel, Restaurant, kitchen Equipment",
https://alusteel.net/en/articles/napoli-pizza-oven,https://alusteel.net/media/vu4ng5ee/شوايات-حطب.jpg,"Alusteel For Hotel, Restaurant, kitchen Equipment",
https://alusteel.net/en/articles/napoli-pizza-oven,https://alusteel.net/media/0k2n2u0d/شوايات-دوارة.jpg,"Alusteel For Hotel, Restaurant, kitchen Equipment",
https://alusteel.net/en/articles/napoli-pizza-oven,https://alusteel.net/media/mg3h3bva/فرن-بطاطس-كومبير-2.jpg,"Alusteel For Hotel, Restaurant, kitchen Equipment",
https://alusteel.net/en/articles/napoli-pizza-oven,https://alusteel.net/media/grxcakgd/فرن-عيش.jpg,"Alusteel For Hotel, Restaurant, kitchen Equipment",
https://alusteel.net/en/articles/napoli-pizza-oven,https://alusteel.net/media/jkvbzvv4/فرن-تدخين.jpg,"Alusteel For Hotel, Restaurant, kitchen Equipment",
https://alusteel.net/en/articles/napoli-pizza-oven,https://alusteel.net/media/lzvnpozm/شواية-فراخ-كهرباء.jpg,"Alusteel For Hotel, Restaurant, kitchen Equipment",
https://alusteel.net/en/articles/stainless-steel-refrigerators-are-durable-high-performance-refrigeration-solutions-for-hotel-kitchens-and-restaurants,https://alusteel.net/media/ybinclav/ثلاجة-تحضير-بيتزا.jpg,"Alusteel For Hotel, Restaurant, kitchen Equipment - Stainless steel refrigerators are durable, high-performance refrigeration solutions for hotel kitchens and restaurants. - Articles",
https://alusteel.net/en/articles/stainless-steel-refrigerators-are-durable-high-performance-refrigeration-solutions-for-hotel-kitchens-and-restaurants,https://alusteel.net/media/gksf1phw/ثلاجـة-سلطات.jpg,"Alusteel For Hotel, Restaurant, kitchen Equipment - Stainless steel refrigerators are durable, high-performance refrigeration solutions for hotel kitchens and restaurants. - Articles",
https://alusteel.net/en/articles/stainless-steel-refrigerators-are-durable-high-performance-refrigeration-solutions-for-hotel-kitchens-and-restaurants,https://alusteel.net/media/kw2pjb03/ثلاجة-رأسية-2-باب.jpg,"Alusteel For Hotel, Restaurant, kitchen Equipment - Stainless steel refrigerators are durable, high-performance refrigeration solutions for hotel kitchens and restaurants. - Articles",
https://alusteel.net/en/articles/stainless-steel-refrigerators-are-durable-high-performance-refrigeration-solutions-for-hotel-kitchens-and-restaurants,https://alusteel.net/media/0t2jufe3/ثلاجة-افقية-2.jpg,"Alusteel For Hotel, Restaurant, kitchen Equipment - Stainless steel refrigerators are durable, high-performance refrigeration solutions for hotel kitchens and restaurants. - Articles",
https://alusteel.net/en/articles/stainless-steel-refrigerators-are-durable-high-performance-refrigeration-solutions-for-hotel-kitchens-and-restaurants,https://alusteel.net/media/114p2rkg/ثلاجة-افقية.jpg,"Alusteel For Hotel, Restaurant, kitchen Equipment - Stainless steel refrigerators are durable, high-performance refrigeration solutions for hotel kitchens and restaurants. - Articles",
https://alusteel.net/en/articles/stainless-steel-refrigerators-are-durable-high-performance-refrigeration-solutions-for-hotel-kitchens-and-restaurants,https://alusteel.net/media/4syhov2k/ثلاجة-رأسية-1-باب.jpg,"Alusteel For Hotel, Restaurant, kitchen Equipment - Stainless steel refrigerators are durable, high-performance refrigeration solutions for hotel kitchens and restaurants. - Articles",
https://alusteel.net/en/articles/stainless-steel-refrigerators-are-durable-high-performance-refrigeration-solutions-for-hotel-kitchens-and-restaurants,https://alusteel.net/media/s1cj4ls4/بان-مارى-اوفر-كونتر.jpg,"Alusteel For Hotel, Restaurant, kitchen Equipment",
https://alusteel.net/en/articles/stainless-steel-refrigerators-are-durable-high-performance-refrigeration-solutions-for-hotel-kitchens-and-restaurants,https://alusteel.net/media/bxnlzecx/فرن-بيتزا-حطب-2.jpg,"Alusteel For Hotel, Restaurant, kitchen Equipment",
https://alusteel.net/en/articles/stainless-steel-refrigerators-are-durable-high-performance-refrigeration-solutions-for-hotel-kitchens-and-restaurants,https://alusteel.net/media/vu4ng5ee/شوايات-حطب.jpg,"Alusteel For Hotel, Restaurant, kitchen Equipment",
https://alusteel.net/en/articles/stainless-steel-refrigerators-are-durable-high-performance-refrigeration-solutions-for-hotel-kitchens-and-restaurants,https://alusteel.net/media/0k2n2u0d/شوايات-دوارة.jpg,"Alusteel For Hotel, Restaurant, kitchen Equipment",
https://alusteel.net/en/articles/stainless-steel-refrigerators-are-durable-high-performance-refrigeration-solutions-for-hotel-kitchens-and-restaurants,https://alusteel.net/media/mg3h3bva/فرن-بطاطس-كومبير-2.jpg,"Alusteel For Hotel, Restaurant, kitchen Equipment",
https://alusteel.net/en/articles/stainless-steel-refrigerators-are-durable-high-performance-refrigeration-solutions-for-hotel-kitchens-and-restaurants,https://alusteel.net/media/grxcakgd/فرن-عيش.jpg,"Alusteel For Hotel, Restaurant, kitchen Equipment",
https://alusteel.net/en/articles/stainless-steel-refrigerators-are-durable-high-performance-refrigeration-solutions-for-hotel-kitchens-and-restaurants,https://alusteel.net/media/jkvbzvv4/فرن-تدخين.jpg,"Alusteel For Hotel, Restaurant, kitchen Equipment",
https://alusteel.net/en/articles/stainless-steel-refrigerators-are-durable-high-performance-refrigeration-solutions-for-hotel-kitchens-and-restaurants,https://alusteel.net/media/lzvnpozm/شواية-فراخ-كهرباء.jpg,"Alusteel For Hotel, Restaurant, kitchen Equipment",
https://alusteel.net/en/articles/how-to-choose-restaurant-and-hotel-kitchen-equipment,https://alusteel.net/media/rcsjh5it/29.jpg,"Alusteel For Hotel, Restaurant, kitchen Equipment - How to choose restaurant and hotel kitchen equipment - Articles",
https://alusteel.net/en/articles/how-to-choose-restaurant-and-hotel-kitchen-equipment,https://alusteel.net/media/s1cj4ls4/بان-مارى-اوفر-كونتر.jpg,"Alusteel For Hotel, Restaurant, kitchen Equipment",
https://alusteel.net/en/articles/how-to-choose-restaurant-and-hotel-kitchen-equipment,https://alusteel.net/media/bxnlzecx/فرن-بيتزا-حطب-2.jpg,"Alusteel For Hotel, Restaurant, kitchen Equipment",
https://alusteel.net/en/articles/how-to-choose-restaurant-and-hotel-kitchen-equipment,https://alusteel.net/media/vu4ng5ee/شوايات-حطب.jpg,"Alusteel For Hotel, Restaurant, kitchen Equipment",
https://alusteel.net/en/articles/how-to-choose-restaurant-and-hotel-kitchen-equipment,https://alusteel.net/media/0k2n2u0d/شوايات-دوارة.jpg,"Alusteel For Hotel, Restaurant, kitchen Equipment",
https://alusteel.net/en/articles/how-to-choose-restaurant-and-hotel-kitchen-equipment,https://alusteel.net/media/mg3h3bva/فرن-بطاطس-كومبير-2.jpg,"Alusteel For Hotel, Restaurant, kitchen Equipment",
https://alusteel.net/en/articles/how-to-choose-restaurant-and-hotel-kitchen-equipment,https://alusteel.net/media/grxcakgd/فرن-عيش.jpg,"Alusteel For Hotel, Restaurant, kitchen Equipment",
https://alusteel.net/en/articles/how-to-choose-restaurant-and-hotel-kitchen-equipment,https://alusteel.net/media/jkvbzvv4/فرن-تدخين.jpg,"Alusteel For Hotel, Restaurant, kitchen Equipment",
https://alusteel.net/en/articles/how-to-choose-restaurant-and-hotel-kitchen-equipment,https://alusteel.net/media/lzvnpozm/شواية-فراخ-كهرباء.jpg,"Alusteel For Hotel, Restaurant, kitchen Equipment",
