url,section,title,h1,meta_description,text,image_count
https://alusteel.net,home,الرئيسية | الوستيل لتجهيزات المطابخ والفنادق والمطاعم,انتظرونا فى معرض هيس 2026,الوستيل تختص في مجال مستلزمات وتجهيزات +معدات المطابخ، الفنادق والمطاعم، وتوفير معدات ومنتجات ثلاجات مطاعم ، افران، جريل، قلايات، ايس ميكر وطاولات استانلس، بأفضل أسعار في مصر,"انتظرونا فى معرض هيس 2026
انتظروا الوستيل فى معرض 
HACE 2026
بمركز مصر للمؤتمرات والمعارض الدولية بالتجمع الخامس 
قاعة 3 الفترة ما بين 7 : 9 اكتوبر 2026
و تعرفوا على احدث منتجاتنا من معدات المطابخ الفندقية والمطاعم
اتصل بنا
خدماتنا
الوستيل لمعدات المطابخ والمطاعم
شركة رائدة فى صناعة الاستانلس ستيل خبرة اكثر من 30 عام
اتصل بنا
خدماتنا
أعلى جودة لمعدات المطاعم والفنادق
افضل التجهيزات الفندقية للمطابخ تجدها لدينا بأسعار تنافسية وجودة لا مثيل لها
اتصل بنا
خدماتنا
التميز في معدات المطابخ التجارية
تخطيط مطبخ مطعمك مهمتنا حيث نوفر لك كل الحلول
اتصل بنا
خدماتنا
تجهيزات مطابخ شاملة من الوستيل
تبحث عن أفضل تجهيزات مطابخ المطاعم والفنادق؟ الوستيل توفر كل ما تحتاجه من معدات وتجهيزات بأعلى جودة
اتصل بنا
خدماتنا
خدمات تركيب ودعم فني محترفة
مع الوستيل، احصل على تركيب ودعم فني لمعدات المطاعم والمطابخ. نضمن لك الأداء الأمثل واستمرارية العمل
اتصل بنا
خدماتنا
التميز في معدات المطابخ التجارية
توفر الوستيل حلولاً مطبخية من الدرجة الأولى للمطاعم والفنادق، مع ضمان المتانة والأداء
اتصل بنا
خدماتنا
إمدادات فندقية مبتكرة
اكتشف مجموعتنا الشاملة من معدات الفنادق المصممة وفقًا للمعايير الدولية
اتصل بنا
خدماتنا
حلول مخصصة لكل مطبخ
معدات مصممة خصيصًا لتلبية احتياجات مطبخك، لتعزيز الكفاءة والجودة
اتصل بنا
خدماتنا
دعم وصيانة موثوقة
التزامنا يتجاوز التركيب، حيث نقدم دعمًا وصيانة مستمرة
اتصل بنا
خدماتنا
خدمات الوستيل
تتميز الوستيل بخدمات شاملة تشمل تجهيزات ومعدات المطابخ للفنادق، المطاعم، المستشفيات، ومواقع البترول. نوفر أفضل الأسعار والجودة وخدمات ما بعد البيع في السوق المصري.
افضل العلامات التجاريه
تبحث عن تجهيزات مطاعم متميزة؟ الوستيل رائدة في تجهيزات المطاعم، حيث نقدم أفضل العلامات التجارية للمعدات والتجهيزات للمطاعم والمطابخ والفنادق
افضل الحلول
تقدم الوستيل حلول مبتكرة لزيادة الكفاءة مع ثلاجات المطاعم، الأفران، الجريل، القلايات، وآيس ميكر بأعلى أنظمة الأمان، لنكسب ثقة عملائنا في مصر والشرق الأوسط ودول الخليج
خدمات التصدير
توفر الوستيل خدمات تصدير احترافية وفعالة، وقمنا بالتصدير إلى السعودية، الإمارات، السودان، قطر، جنوب إفريقيا، غانا، رواندا، أوغندا، أنغولا، موزمبيق، وألمانيا
تحديثات ضخمة وغير محدودة
نستخدم أحدث الماكينات العالمية لمواكبة التطور في صناعة معدات المطابخ، ثلاجات المطاعم، وتجهيزات المطاعم لتحقيق العالمية في منتجات الوستيل
خدمة مابعد البيع
هل تبحث عن أسعار تجهيزات المطاعم في مصر وأفضل خدمات ما بعد البيع؟ اكتشف المزيد عن منتجاتنا وافضل خدمة ما بعد البيع في السوق المصري.
الالتزام باحتياجات العملاء
أولويتنا هي إرضاء عملائنا من خلال تقديم أفضل النتائج في تجهيزات المطابخ للفنادق، المطاعم، القرى السياحية، القوارب العائمة، النوادي، المطارات، شركات الأغذية، المواقع البترولية، ومركبات المطاعم.
Since 1997
نبذة عن الوستيل
الوستيل شركة متخصصة في تجهيزمعدات المطابخ للفنادق والمطاعم والقرى السياحية والمراكب العائمة والنوادي والمطارات وشركات الأغذية والمواقع البترولية وعربات المطاعم. تمتلك الشركة مصنع بمساحة 4500 متر يمتلك أحدث  الماكينات في صناعة المنتجات مثل الجريل والافران والمواقد والبوتجازات والشوايات والقلايات وشوايات الشاورما وحلة الطبخ بالبخار الحلة البخارية ومربع الارز والثلاجات الراسية والافقية والترابيزات والاحواض والتروليات والاهواد وغيرها
قمنا بتنفيذ العديد من المشاريع العملاقة والمشروعات القومية للقوات المسلحة غير الفنادق والمطاعم والمستشفيات والعديد من المواقع البترولية ومشاريع الجامعات المصرية .
الوستيل معتمدة من وزارة الصناعة بالسجل الصناعي وشهادة الترخيص الصناعية والموافقة الأمنية للتعامل مع القوات المسلحة بخلاف سجل المصدرين حيث قمنا بالتصدير إلى المملكة العربية السعودية والإمارات العربية المتحدة والسودان وقطر وجنوب إفريقيا وغانا ورواندا وأوغندا وأنغولا وموزمبيق وألمانيا
رؤيتنا
الوستيل للتجارة والهندسة من الشركات الرائدة التي تعمل في مجال معدات المطابخ. شركتنا متخصصة في مجال المعدات الفندقية التي نفخر بخدمتها. تشمل خدمتنا تصميم وتصنيع وتسليم وتركيب وتوفير جميع قطع الغيار لمعدات المطبخ. تبدأ علاقتنا مع العميل بالبيع خلال فترة حياة الماكينة. هدفنا هو الاستماع والفهم.
هدفنا
تقوم الوستيل بتصنيع جميع اعمال الستانلس ستيل بواسطة مكائن تعمل بالتحكم الرقمي الحاسوبي بشكل آلي لإخراج المعدات غير القابل للصدأ بأعلى جودة كالمنتجات الأجنبية حيث تمتلك الشركة أفضل الأيدي العاملة في هذا المجال وأن تساعد الشركة العميل في تحديد الاختيارات عن طريق زيادة الأحجام والبلان ، مع قائمة الأسعار وإبلاغ العميل بما يحتاجه من احتياجات حقيقية تقوم الشركة باستيراد المعدات المستوردة من الخارج حيث لدينا العديد من الوكالات الأجنبية وقد جهزت الشركة أكبر المشاريع في محافظات الدول العربية
المنتجات الجديدة
تقدم شركة الوستيل مجموعة متميزة من معدات الطبخ عالية الجودة للمطاعم والفنادق، تشمل المقالي العميقة المدمجة والمجموعات الكاملة. تُعد هذه المعدات أساسية لتعزيز الكفاءة والسمعة، حيث نقدم منتجات تتماشى مع أعلى معايير الجودة بأسعار تنافسية، مما يضمن نجاح مؤسستك في سوق تجهيزات المطاعم والمطابخ.
افران بيتزا حطب
أفران تعمل بالحطب حيث يتم طهي البيتزا باستخدام الخشب كمصدر أساسي للحرارة
عرض المزيد
شوايات حطب
تُعد الشوايات الخشبية إضافة مميزة لمطابخ المطاعم، حيث تقدم نكهة لا مثيل لها وتنوعاً كبيراً في الطهي. تستخدم هذه الشوايات...
عرض المزيد
شوايات دوارة مميزة
تعد الشوايات الدوارة من شركة الوستيل الخيار الأمثل للمطاعم والفنادق التي تسعى لتقديم أطباق مشوية عالية الجودة. بفضل تصميمها...
عرض المزيد
فرن بطاطس كومبير
فرن بطاطس كومبير
عرض المزيد
فرن عيش
فرن عيش
عرض المزيد
فرن تدخين
فرن تدخين
عرض المزيد
شواية فراخ كهرباء
شواية فراخ كهرباء
عرض المزيد
2550
مشاريع مكتملة
750
المشاريع الاخيرة
10
شهادات اعتماد
500
الموظفين
معارض
تشارك  الوستيل في المعارض الدولية مثل Cafex وHACE وHORECA وIATF لعرض منتجاتنا المبتكرة من الفولاذ المقاوم للصدأ للمطابخ والمطاعم. تشمل منتجاتنا تجهيزات المطابخ المتينة والأواني ومعدات المطبخ الاحترافية.  نحن نتواصل مع العملاء والمختصين بالطبخ، ونقدم أحدث الابتكارات والحلول.
All
CAFEX
HACE
IATF
HORECA
Caféx is Egypt's Ultimate Hospitality Expo
Caféx is Egypt's Ultimate Hospitality Expo
Caféx is Egypt's Ultimate Hospitality Expo
Caféx is Egypt's Ultimate Hospitality Expo
Caféx is Egypt's Ultimate Hospitality Expo
Caféx is Egypt's Ultimate Hospitality Expo
Hace – New Thinking for Exhibitions Organizing
Hace – New Thinking for Exhibitions Organizing
Hace – New Thinking for Exhibitions Organizing
Hace – New Thinking for Exhibitions Organizing
Hace – New Thinking for Exhibitions Organizing
Hace – New Thinking for Exhibitions Organizing
The Biggest International Food, Beverage, and Hospitality Exhibition in Saudi Arabia
The Biggest International Food, Beverage, and Hospitality Exhibition in Saudi Arabia
an essential source of strategic discussion and thought leadership.
عملاء الوستيل
مع شركة الوستيل، يمكنك الاستفادة من حلول متكاملة لتجهيز وتشغيل مطبخك أو مطعمك بأعلى جودة وكفاءة.
"" لقد قمنا بتجهيز مطعمنا بالكامل بمنتجات الوستيل، ولا يمكننا أن نكون أكثر رضا. الجودة الممتازة والمتانة الفائقة تميز معداتهم عن أي شيء آخر في السوق. بالتأكيد سنستمر في التعامل معهم.""
على الدهان
مالك المطعم
""معدات المطابخ من الوستيل هي الأفضل بلا منازع. الأفران والمواقد التي اشتريناها تعمل بكفاءة عالية وتسهل عمل الطهاة لدينا. خدمة العملاء كانت رائعة واهتموا بكل التفاصيل.""
محمد دعبس
المالك
""أفران البيتزا من الوستيل هي السر وراء البيتزا المثالية التي نقدمها. الحرارة تتوزع بشكل متساوٍ والجودة لا تضاهى. نحن سعداء جداً بهذه المنتجات ونوصي بها لأي مطعم يسعى للتميز.""
ايمن ابوعلى
مدير مشاروعات
""القلايات والجريلات من الوستيل هي ما كنا نحتاجه بالضبط. الجودة العالية وسهولة الاستخدام تجعل عملية الطهي أكثر سلاسة وسرعة. شكراً للوستيل على تقديم هذه المنتجات الرائعة.""
محمد الباز
المالك
اخر المقالات
أطلقت شركة الوستيل ، وهي شركة رائدة في صناعة الضيافة، مدونة تعرض خبراتها في هذه الصناعة. توفر المدونة مقالات قصير
							ة حول مواضيع مختلفة، بما في ذلك اتجاهات معدات المطبخ، وتصميم المطاعم،
							ونصائح الكفاءة، والخدمة عالية الجودة. تعد المدونة مصدرًا موثوقًا لأصحاب
							المطاعم والفنادق، حيث تقدم أفكارًا مبتكرة وتحديثات حول آخر التطورات في قطاع الضيافة.
20 يناير
تجهيزات الفنادق والمطاعم
يعد التجهيز الأمثل للمطبخ التجاري من حيث المعدات والأدوات المعتمدة على التقنيات الحديثة
عرض المزيد
20 يناير
اثر التكنولوجيا فى صناعة الاستانلس ستيل
تلعب صناعة الاستانلس ستيل دورًا حيويًا في صناعة معدات الطهي للفنادق والمطاعم والمطابخ،
عرض المزيد
20 يناير
أبرز اتجاهات تصميم معدات المطاعم
تعتبر تصميمات معدات المطاعم أمرًا حاسمًا في تحسين العمليات وتعزيز الكفاءة في المطاعم والفنادق
عرض المزيد
اسئلة شائعة
مهمة
كل ما تريد معرفته عن الوستيل للتجارة والصناعة، وتجهيزات المطابخ والفنادق والمطاعم ومعدات المطاعم والفنادق والمطابخ، مستلزمات المطاعم والفنادق والمطابخ وشراء معدات مطاعم الفنادق والمطابخ. أفضل أسعار شراء ثلاجات، مواقد، أفران طهى الطعام، شوايات مسطحة، قلايات، باستا كوكر، جريل شاورما، جريلات صرف ارضيات في مصر.
ما هى شركة الوستيل للتجارة والصناعة، وتجهيزات المطابخ والفنادق والمطاعم ؟.
الوستيل شركة متخصصة في تجهيز المطابخ ومعدات الفنادق والمطاعم والقرى السياحية والقوارب العائمة والنوادي والمطارات وشركات الأغذية والمواقع البترولية وعربات المطاعم. تمتلك الشركة مصنع بمساحة 4500 متر يمتلك أحدث صناعة الماكينات والمنتجات مثل الجريل والافران والمواقد وايس ميكر وغيرها
قمنا بتنفيذ العديد من المشاريع العملاقة والمشروعات القومية للقوات المسلحة غير الفنادق والمطاعم والمستشفيات والعديد من المواقع البترولية ومشاريع الجامعات المصرية .
صناعة معدات المطابخ معتمدة من وزارة الصناعة وشهادة الترخيص الصناعي والموافقة الأمنية للتعامل مع القوات المسلحة بخلاف سجل المصدرين حيث قمنا بالتصدير إلى المملكة العربية السعودية والإمارات العربية المتحدة والسودان وقطر وجنوب إفريقيا وغانا ورواندا وأوغندا وأنغولا وموزمبيق وألمانيا
.
اين توجد الوستيل؟.
الوستيل للتجارة والصناعة ومعدات تقديم الطعام والمطاعم والفنادق ومستلزمات المطابخ وشراء معدات المطاعم والفنادق والمطابخ والثلاجات توجد في مصر.
المكتب الرئيسي
العنوان: 18 شارع الويلى - حدائق القبة - القاهرة
مصنعنا
العنوان: مدينة العبور قطعة 22 أ بلوك محاجر المنطقة الصناعية ب / ج بجوار كرايزى
عبر البريد الالكتروني:
info@alusteel.net
ahmed_alusteel@yahoo.com
وعلى منصات التواصل الاجتماعي المتعددة
تويتر: https://twitter.com/AhmedAlusteel؟s=08
يوتيوب: https://www.youtube.com/channel/UC2ROV7cSLjprGRNswLe6xzw
الفيسبوك: https://www.facebook.com/alusteel.egy
.
من هم عملاء الوستيل لمعدات المطابخ ومعدات الفنادق ومعدات المطاعم؟.
الوستيل للتجارة والصناعة ومعدات المطاعم والفنادق ومستلزمات المطابخ وشراء معدات المطاعم والفنادق والمطابخ والثلاجات. تخدم جميع القطاعات والمنشات.
المطاعم: وتجهيزات المطاعم  بكافة اعمال الاستانلس ستيل والمواقد والافران والجريل والثلاجات وغيرها من معدات المطابخ بالاضافة الى التربيزات والبوفيهات الخاصة بالمطعم بالاضافة الى جريلات صرف الارضيات ... وغيرها
الفنادق: تجهيزات الفنادق ومعدات الفنادق بكافة اعمال الاستانلس ستيل ومعدات مطابخ الفندق والمواقد والافران والجريل والثلاجات وغيرها من معدات المطابخ بالاضافة الى التربيزات والبوفيهات الخاصة بالفندق بالاضافة الى دربزين السلالم الاستانلس  ... وغيرها
القرى السياحية: تجهيزات القرى السياحية ومعدات القرى السياحية كافة اعمال الاستانلس ستيل ومعدات المطابخ الخاصة بالقرى السياحية بالاضافة الى معدات البوفيه وصالة الطعام الخاصة بالقرية والمواقد والافران والجريل والثلاجات وغيرها من معدات المطابخ بالاضافة الى التربيزات والبوفيهات الخاصة ب بالاضافة الى دربزين السلالم الاستانلس  ... وغيرها
المستشفيات: تجهيزات مطابخ المستشفيات ومعدات المطابخ من اعمال الاستانلس ستيل ومعدات المطابخ الخاصة بالاضافة الى المواقد والافران والجريل والثلاجات وغيرها من معدات المطابخ بالاضافة الى التربيزات والبوفيهات الخاصة  بالاضافة الى دربزين السلالم الاستانلس  ... وغيرها
بالضافة الى (مواقع العمل البترولية - مواقع المشاريع الانشائية .... وغيرها )
.
كلمة
م/مجدي عبدالعزيز
رحلة النجاح والتميز في صناعة معدات المطابخ والفنادق

تأسست شركة الوستيل في التسعينات على يد المهندس مجدي عبد العزيز، المهندس الاستشاري الهندسي وخريج جامعة الزقازيق بتخصص هندسة ميكانيكا. بدأت الشركة كمشروع صغير ولكنها نجحت في الوصول إلى قمة صناعة معدات المطابخ في مصر والشرق الأوسط.

قامت شركة الوستيل بتنفيذ وتأسيس مشروعات فنادق كبرى، مشروعات مطاعم راقية، ومشروعات مستشفيات وفنادق في مصر والعديد من الدول العربية والإفريقية. تميزت الشركة بجودة منتجاتها وخدماتها المتميزة، مما جعلها الخيار الأول للعديد من العملاء في هذه الصناعة.

تعتبر شركة الوستيل رمزًا للتميز والجودة في صناعة معدات المطابخ والفنادق. تضم فريق عمل مؤهل ومحترف يسعى دائمًا لتحقيق رؤية الشركة وتلبية احتياجات العملاء بأعلى مستويات الجودة والكفاءة.

من خلال استراتيجية ناجحة وروح الابتكار، استطاعت شركة الوستيل أن تحقق نجاحًا ملحوظًا في السوق المحلية والإقليمية. وتستمر في توسيع نطاقها وتقديم حلول مبتكرة ومتطورة لعملائها في جميع فى مصر والشرق الاوسط وافريقيا.

بفضل مسيرتها المثمرة والمليئة بالإنجازات، تظل شركة الوستيل الشريك الموثوق والمفضل لعملاء القطاع الفندقي ومجال المطاعم. وتستمر في تحقيق النجاحات والمساهمة في تطور هذه الصناعة المهمة.
ALWAYS IN OUR MEMORY
| THE MAKER OF SUCCESS
CEO | ENG. MAGDY ABD ELAZIZ
(1959 - 2022)
عملائنا
في الوستيل، نفخر بخدمة شركاء نجاحنا الذين يثقون بنا دائماً. نحرص على تقديم أفضل المنتجات والخدمات لتلبية احتياجاتهم في تجهيزات المطابخ والمطاعم والفنادق. نحن ملتزمون بتعزيز الكفاءة وتوفير الجودة العالية بأفضل الأسعار التنافسية، مما يضمن رضا عملائنا ويساهم في نجاحهم المستمر في السوق.
هل تبحث عن خدمات احترافية من اجل شركتك؟
تواصل معنا",135
https://alusteel.net/تواصل-معنا,تواصل-معنا,تواصل معنا | الوستيل لتجهيزات المطابخ والفنادق والمطاعم,,"أولوية الوستيل الأولى هي إرضاء جميع عملائنا الكرام من خلال تقديم أفضل النتائج التي تجعلهم في صدارة المنافسة ، في معدات المطابخ للفنادق والمطاعم
نستقبل اتصالاتكم لطلبات الصيانة وخدمات ما بعد البيع على رقم 01020076966","تواصل معنا
الرئيسية
تواصل معنا
للتواصل معنا
أولوية الوستيل الأولى هي إرضاء جميع عملائنا الكرام من خلال تقديم أفضل النتائج التي تجعلهم في صدارة المنافسة ، في معدات المطابخ للفنادق والمطاعم
المصنع
مدينة العبور المنطقة الصناعية الثانية ب ج قطعة 22أ بلوك 30000 امام البوابة الجانبية لمصنع كريازى
(+2)01000869066 / (+2)01113290504 / (+2)01000879076 / (+2)0243130335
info@alusteel.net
هل تبحث عن خدمات احترافية من اجل شركتك؟
تواصل معنا",0
https://alusteel.net/en,en,"Home | Alusteel For Hotel, Restaurant, kitchen Equipment",Excellence in Commercial Kitchen Equipment,"Alusteel supplies cooking equipment for hotels supplies & restaurants equipment & kitchens equipment with best prices refrigerators, ovens, grills, stainless steel tables, fryers, ice makers","Excellence in Commercial Kitchen Equipment
Alusteel brings top-tier kitchen solutions for restaurants and hotels, ensuring durability and performance
Our Services
Contact us
Highest Quality Restaurant and Hotel Equipment
Alusteel Company is famous in the field of processing and supplying restaurant and hotel equipment. We offer you the best retail factories in the world
Our Services
Contact us
Comprehensive kitchen equipment from Alusteel
Looking for the best restaurant and hotel kitchen equipment? 
Alusteel provides all the equipment and supplies you need with the highest quality.
Our Services
Contact us
Professional installation and technical support services
With Alusteel, get installation and technical support for restaurant and kitchen equipment. We guarantee you optimal performance and business continuity
Our Services
Contact us
Exclusive Offers and Discounts from Alusteel
Take advantage of exclusive offers on restaurant equipment and supplies. Contact us today to get the best prices
Our Services
Contact us
Excellence in Commercial Kitchen Equipment
Alusteel brings top-tier kitchen solutions for restaurants and hotels, ensuring durability and performance
Our Services
Contact us
Innovative Hotel Supplies
Discover our comprehensive range of hotel equipment, designed to meet international standards
Our Services
Contact us
Customized Solutions for Every Kitchen
Tailored equipment to fit your kitchen’s specific needs, enhancing efficiency and quality.
Our Services
Contact us
Reliable Support and Maintenance
Our commitment goes beyond installation, offering ongoing support and maintenance services
Our Services
Contact us
ALUSTEEL FEATURES
Alusteel is characterized by comprehensive services including kitchen equipment and supplies for hotels, restaurants, hospitals, and oil sites. We provide the best prices, quality, and after-sales services in the Egyptian market.
BEST BRANDS
Looking for distinctive restaurant equipment? Alusteel is a pioneer in restaurant equipment, providing the best brands of equipment and supplies for restaurants, kitchens and hotels.
SOLUTIONS
Alusteel provides innovative solutions to increase efficiency with restaurant refrigerators, ovens, grills, fryers, and ice makers with the highest safety systems, to gain the trust of our customers in Egypt, the Middle East and the Gulf countries
Export services
Alusteel provides professional and efficient export services, and we have exported to Saudi Arabia, the Emirates, Sudan, Qatar, South Africa, Ghana, Rwanda, Uganda, Angola, Mozambique, and Germany.
Huge and unlimited updates
We use the latest global machines to keep pace with the development of the kitchen equipment industry, restaurant refrigerators, and restaurant equipment to achieve globalization in Alusteel products
Customized Controls
Are you looking for restaurant equipment prices in Egypt and the best after-sales services? Find out more about our products and the best after-sales service in the Egyptian market.
Commitment to Client Needs
Our priority is to satisfy our customers by providing the best results in kitchen equipment for hotels, restaurants, tourist villages, floating boats, clubs, airports, food companies, petroleum sites, and catering vehicles.
Since 1997
About Alusteel
Alusteel has specialized in supplying cooking equipment with the best with prices for hotels, restaurants, cafes, kitchens,  tourist villages, floating boats, clubs, airports, food companies and petroleum sites.
The company owns a 4,500-square-meter factory that has the latest machinery and products such as grills, ovens, stoves, ice makers, and others
We have executed many grand projects and national projects not limited to hotels, such as the armed forces, restaurants, hospitals, and many petroleum sites and projects of Egyptian universities.
We offers an extensive array of cooking equipment ranging from heavy-duty equipment to small wares. Our main products for your restaurant kitchen are: Gas Range, Griddle, Grill, Deep Fryer, Pasta Cooker, Bain Marie, Boiling Pan, Electric Cooker, Induction Cooker, Tilting Braising Pan etc.
We have everything that you need conveniently located in one place!
Our Vision
Al Wasteel Trading and Engineering is one of the leading companies working in the field of kitchen equipment. Our company specializes in the field of hotel equipment, which we are proud to serve. Our service includes the design, manufacture, delivery, installation and provision of all spare parts for kitchen equipment. Our relationship with the customer begins with the sale during the life of the machine. Our goal is to listen and understand.
Our Goal
Alusteel manufactures all stainless steel works using machines that operate automatically with computer numerical control to produce stainless equipment with the highest quality, like foreign products. The company has the best workforce in this field, and the company helps the customer in determining choices by increasing the sizes and plans, with a price list and informing them. The client has the real needs he needs. The company imports equipment imported from abroad, as we have many foreign agencies. The company has prepared the largest projects in the governorates of the Arab countries.
New Products
Alusteel offers a wide range of high-quality cooking equipment for restaurants and hotels, including electric fryers and complete sets. With this standard comes necessity and reputation, as we provide products that comply with our highest quality standards, ensuring the success of your establishment in the restaurant and kitchen market.
Bain-marie
At Alusteel , we offer electric bain-maries to meet the various requirements of restaurants and hotels. The device consists...
View More
Wood-fired Pizza Oven
High quality and durable kneader Italian industry
View More
Wood-fired grills
Wood-fired grills are an exceptional addition to restaurant kitchens, bringing unparalleled flavor and versatility to the...
View More
Chicken Rotation Gas and Wood Fire
Rotary grills from Alusteel are the perfect choice for restaurants and hotels looking to serve high-quality grilled dishes....
View More
Potato Kumpir Oven
Potato Kumpir Oven
View More
Bread Oven
View More
Smoker oven
Smoker oven
View More
Electric chicken grill
Electric chicken grill
View More
2550
Complete projects
750
Latest projects
10
Awards won
500
Total worker
Our Events
ALUSTEEL, participate in international exhibitions like Cafex, HACE, HORECA, and IATF 
							to showcase our innovative stainless steel products for kitchens and restaurants. Our products 
							cover durable cookware, utensils, professional kitchen equipment, and storage systems. We connect with customers
							and professionals, offering the latest innovations and solutions.
All
CAFEX
HACE
IATF
HORECA
Caféx is Egypt's Ultimate Hospitality Expo
Caféx is Egypt's Ultimate Hospitality Expo
Caféx is Egypt's Ultimate Hospitality Expo
Caféx is Egypt's Ultimate Hospitality Expo
Caféx is Egypt's Ultimate Hospitality Expo
Caféx is Egypt's Ultimate Hospitality Expo
Hace – New Thinking for Exhibitions Organizing
Hace – New Thinking for Exhibitions Organizing
Hace – New Thinking for Exhibitions Organizing
Hace – New Thinking for Exhibitions Organizing
Hace – New Thinking for Exhibitions Organizing
Hace – New Thinking for Exhibitions Organizing
The Biggest International Food, Beverage, and Hospitality Exhibition in Saudi Arabia
The Biggest International Food, Beverage, and Hospitality Exhibition in Saudi Arabia
an essential source of strategic discussion and thought leadership.
Testimonials
With Alusteel Company, you can benefit from integrated solutions to equip and operate your kitchen or restaurant with the highest quality and efficiency.
""We have outfitted our entire restaurant with Alusteel products, and we could not be more satisfied. The excellent quality
replicaimitation
and superior durability sets their equipment apart from anything else on the market. We will definitely continue to do business with them.""
Aly Eldahhan
Owner
""Alusteel kitchen equipment is by far the best. The ovens and stoves we purchased work very efficiently and make the work of our chefs easier. The customer service was great and they paid attention to every detail.""
Mohamed Dabas
Owner
“Alusteel pizza ovens are the secret behind our perfect pizza. The heat is evenly distributed and the quality is unparalleled. We are very happy with these products and recommend them to any restaurant seeking excellence.”
Ayman Abo Aly
Projcet Manager
""Alusteel fryers and grills are exactly what we needed. The high quality and ease of use make the cooking process smoother and faster. Thank you to Alusteel for providing these wonderful products.""
Mohamed Elbaz
Owner
Latest Articals
ALUSTEEL, a leading company in the hospitality industry, has launched a blog showcasing their expertise in the industry.
							The blog provides short articles on various topics, including kitchen equipment trends, restaurant design, efficiency tips,
							& high-quality service. The blog is a trusted resource for restaurant and hotel owners, providing innovative ideas & updates
							on the latest developments in the hospitality sector.
20 يناير
Hotel and restaurant equipment
It is the ideal equipment for a commercial kitchen in terms of equipment and tools based on modern technologies
View More
20 يناير
The impact of technology on the stainless steel industry
The stainless steel industry plays a vital role in manufacturing cooking equipment for hotels, restaurants and kitchens.
View More
20 يناير
The most prominent trends in restaurant equipment design
Restaurant equipment designs are crucial in improving operations and enhancing efficiency in restaurants and hotels
View More
Important
FAQ
All that you need to know about Alusteel for trade and industry, kitchens, hotels, and restaurants equipment, catering equipment, restaurant, hotel, and kitchen supplies, buying restaurant equipment, hotels, and kitchens, best purchase prices for refrigerators, stoves, food cookers, flat grills, fryers, pasta cooker, grill shawarma, grills Floor exchange in Egypt.
who Alusteel for trade and industry, kitchens, hotels, and restaurants equipment Are ?.
Alusteel is a company specializing in kitchens, hotel and restaurant equipment for hotels, tourist villages, floating boats, clubs, airports, food companies, petroleum sites, and restaurants.
The company owns a 4,500-square-meter factory that has the latest machinery and products such as grills, ovens, stoves, ice makers, and others
We have executed many grand projects and national projects not limited to hotels, such as the armed forces, restaurants, hospitals, and many petroleum sites and projects of Egyptian universities.
the manufacturing of our kitchen equipment is approved by the Ministry of Industry and industrial license and security approval certificate to deal with the armed forces other than the register of exporters where we have exported to the Kingdom of Saudi Arabia, the United Arab Emirates, Sudan, Qatar, South Africa, Ghana, Rwanda, Uganda, Angola, Mozambique and Germany.
.
Where Are we Located?.
Alusteel for trade and industry, catering equipment, restaurant, hotel, and kitchen supplies, buying restaurant equipment, hotels, kitchens, and refrigerators is located in Egypt.
Main Office
Address: 18 El Waily St., Hadayek El Kobba - Cairo
Our Factory
Address: Obour City Plot 22 A block quarries industrial area B / C next to Kraiazi
Via email:
info@alusteel.net
ahmed_alusteel@yahoo.com
And on multiple social media platforms
Twitter: https://twitter.com/AhmedAlusteel?s=08
YouTube: https://www.youtube.com/channel/UC2ROV7cSLjprGRNswLe6xzw
Facebook: https://www.facebook.com/alusteel.egy
.
What Type of Customers Do Alusteel for  Hotel Equipment and Restaurant Equipment  Serve ?.
Alusteel for Trade and Industry, kitchen equipment, restaurants, hotels, kitchen supplies, and the purchase of equipment for restaurants, hotels, kitchens, and refrigerators. Serving all sectors and enterprises.
Restaurants: restaurant equipment with all stainless steelworks, stoves, ovens, grills, refrigerators, and other kitchen equipment, in addition to restaurant stainless steel tables and buffets, in addition to floor drain grills ... and others
Hotels: Hotel supplies and hotel equipment in all stainless steelworks, hotel kitchen equipment, stoves, ovens, grills, refrigerators, and other kitchen equipment, in addition to hotel tables and buffets, in addition to stainless steel handrails ... and others
Tourist villages: equipment for tourist villages and equipment for tourist villages, all stainless steel works and kitchen equipment for tourist villages, in addition to the village's buffet and dining hall equipment, stoves, ovens, grills, refrigerators, and other kitchen equipment in addition to the tables and buffets for the in addition to the stainless stair railings ... and others
Hospitals: Hospital kitchen fittings and kitchen equipment made of stainless steelworks, special kitchen equipment, in addition to stoves, ovens, grills, refrigerators and other kitchen equipment, in addition to special tables and buffets, in addition to stainless steel handrails ... and others
In addition to (petroleum work sites - construction project sites ... and others)
.
Why Buy Cooking Equipment From Alusteel?.
Because we offer
the best brands of equipment, and cooking supplies, for restaurants, kitchens, and hotels and
the costs of manufacturing are very low compared to elsewhere in Egypt.
.
Kitchen Equipment Every Restaurant Needs.
When
opening a new restaurant
or refurbishing an existing business, choosing the right restaurant kitchen equipment is essential for success. Our team of experts created a list of essential restaurant equipment, so you can be sure that all of your bases are covered when outfitting your kitchen. It's important to note that different types of restaurants may require additional pieces of equipment or various styles that may not be on this list. Instead, this list is meant to include items that every restaurant will need, providing a foundation that you can build off of to meet your specific needs.
Cooking Equipment
Refrigeration Equipment
Restaurant Cooking Equipment
When choosing cooking equipment for your restaurant, or for your kitchen hotel be sure to think about what pieces of equipment you're going to be using most often.
Oven
This versatile piece of equipment can be used for baking, roasting, braising, and much more. As a result, an oven (or multiple ovens, depending on your business) is essential.
Deep Fryer:
While deep fryers are ideal for making French fries, chicken tenders, and other customer favorites, you can use them for frying up a variety of foods.
Grill:
Char broilers and other grills impart a smoky and charred flavor that's perfect for many different recipes.
Griddles:
Similar to grills but with a flat metallic surface, griddles are a mainstay in diners and can be used for a variety of different cooking methods.
Refrigeration Equipment
There are many different styles of refrigeration equipment, and the style you choose will depend on your type of restaurant and your specific refrigeration needs. But, here are some examples that a standard restaurant might choose:
Refrigerator:
Some common types of refrigerators include walk-in coolers, pass-through options, or prep fridges. It is likely that your restaurant will require a combination of different types.
Freezer:
Like refrigerators, freezers come in various sizes and styles to suit your needs and food capacities.
Ice Maker: Ice machines are an essential component for beverage service at any restaurant. Additionally, cafes, bars, and grocery stores may use ice to make smoothies or blended cocktails.
.
ENG. Magdy Abdel Aziz
Word
A Journey of Success and Excellence in the Kitchen and Hotel Equipment Industry

Alusteel Company was established in the 1990s by Engineer Magdi Abdelaziz, a mechanical engineering consultant and graduate of Zagazig University. The company started as a small project but has succeeded in reaching the pinnacle of the kitchen equipment industry in Egypt and the Middle East.

Alusteel Company has undertaken and established major hotel projects, upscale restaurant projects, as well as hotels and hospitals in Egypt and several Arab and African countries. The company distinguished itself through the quality of its products and excellent services, making it the preferred choice for many clients in this industry.

Alusteel Company is a symbol of excellence and quality in the kitchen and hotel equipment industry. It has a qualified and professional team that constantly strives to achieve the company's vision and meet customers' needs with the highest levels of quality and efficiency.

Through a successful strategy and a spirit of innovation, Alusteel Company has achieved significant success in the local and regional markets. It continues to expand its scope and provide innovative and advanced solutions to its clients In Egypt, the Middle East and Africa.

Thanks to its fruitful journey filled with achievements, Alusteel Company remains a trusted and preferred partner for customers in the hotel sector and the restaurant industry. It continues to achieve successes and contribute to the development of this important industry.
ALWAYS IN OUR MEMORY
| THE MAKER OF SUCCESS
CEO | ENG. MAGDY ABD ELAZIZ
(1959 - 2022)
Our Customer
At Alusteel Builders, we take pride in working with our trusted success partners. We are committed to providing them with the best products and essential services in restaurant and hotel processing. We have been committed to detail and improving product quality for a long time, ensuring customer satisfaction and contributing to their continued success in the market.Here are some of our valued customers
Are you looking for professional Services For your company
Contact us",135
https://alusteel.net/%D8%B7%D9%84%D8%A8-%D8%B9%D8%B1%D8%B6-%D8%B3%D8%B9%D8%B1,طلب-عرض-سعر,طلب عرض سعر | الوستيل لتجهيزات المطابخ والفنادق والمطاعم,طلب عرض سعر,,"طلب عرض سعر
الرئيسية
طلب عرض سعر
طلب عرض سعر
نرحب بكم في شركة الوستيل - رائدة تصنيع وتوريد معدات المطابخ المتخصصة في مصر والشرق الأوسط. مع خبرة تمتد لسنوات في تجهيز مطابخ الفنادق والمطاعم والمنشآت الكبرى، نقدم لكم حلولاً متكاملة تجمع بين الجودة العالية والأسعار المنافسة.
يسعدنا أن نقدم لكم استشارة مجانية وعرض سعر مفصل لجميع احتياجاتكم من معدات المطبخ المصنعة من الستانلس ستيل عالي الجودة. يرجى ملء النموذج أدناه بكافة التفاصيل المطلوبة، وسيقوم فريقنا المتخصص بدراسة متطلباتكم وتقديم أفضل الحلول المناسبة لمشروعكم.
نفخر بأن مصنعنا البالغ مساحته 4500 متر مجهز بأحدث التقنيات والماكينات التي تعمل بنظام التحكم الرقمي، مما يضمن دقة التصنيع ومطابقة المنتجات لأعلى المعايير العالمية. سواء كنتم تبحثون عن معدات طهي أو تبريد أو تجهيزات مطبخ متكاملة، فإن خبراءنا جاهزون لتقديم الدعم الفني الكامل والمشورة المناسبة لمشروعكم
هل تبحث عن خدمات احترافية من اجل شركتك؟
تواصل معنا",0
https://alusteel.net/من-نحن,من-نحن,من نحن | الوستيل لتجهيزات المطابخ والفنادق والمطاعم,من نحن,"الوستيل للتجارة والهندسة من الشركات الرائدة التي تعمل في مجال معدات المطابخ منذ 30 عاما . تعد شركة متخصصة في تجهيز معدات المطابخ الفندقية التي نفخر بخدمتها.  
 تشمل خدمتنا تصميم وتصنيع وتسليم وتركيب وتوفير جميع قطع الغيار لمعدات المطابخ سواء مطاعم، مطابخ او فنادق","من نحن
الرئيسية
من نحن
من نحن
الوستيل للتجارة والهندسة من الشركات الرائدة التي تعمل في مجال معدات المطابخ. تعد شركة متخصصة في مجال معدات المطابخ التي نفخر بخدمتها. تشمل خدمتنا تصميم وتصنيع وتسليم وتركيب وتوفير جميع قطع الغيار لمعدات المطبخ تجهيزات مطابخ - تجهيزات فنادق - تجهيزات مطاعم - معدات مطاعم - معدات فنادق - معدات مطابــخ - معدات المطابخ - أسعار معدات المطاعم في مصر
Since 1997
نبذة عن الوستيل
الوستيل شركة متخصصة في تجهيزمعدات المطابخ للفنادق والمطاعم والقرى السياحية والمراكب العائمة والنوادي والمطارات وشركات الأغذية والمواقع البترولية وعربات المطاعم. تمتلك الشركة مصنع بمساحة 4500 متر يمتلك أحدث  الماكينات في صناعة المنتجات مثل الجريل والافران والمواقد والبوتجازات والشوايات والقلايات وشوايات الشاورما وحلة الطبخ بالبخار الحلة البخارية ومربع الارز والثلاجات الراسية والافقية والترابيزات والاحواض والتروليات والاهواد وغيرها
قمنا بتنفيذ العديد من المشاريع العملاقة والمشروعات القومية للقوات المسلحة غير الفنادق والمطاعم والمستشفيات والعديد من المواقع البترولية ومشاريع الجامعات المصرية .
الوستيل معتمدة من وزارة الصناعة بالسجل الصناعي وشهادة الترخيص الصناعية والموافقة الأمنية للتعامل مع القوات المسلحة بخلاف سجل المصدرين حيث قمنا بالتصدير إلى المملكة العربية السعودية والإمارات العربية المتحدة والسودان وقطر وجنوب إفريقيا وغانا ورواندا وأوغندا وأنغولا وموزمبيق وألمانيا
رؤيتنا
الوستيل للتجارة والهندسة من الشركات الرائدة التي تعمل في مجال معدات المطابخ. شركتنا متخصصة في مجال المعدات الفندقية التي نفخر بخدمتها. تشمل خدمتنا تصميم وتصنيع وتسليم وتركيب وتوفير جميع قطع الغيار لمعدات المطبخ. تبدأ علاقتنا مع العميل بالبيع خلال فترة حياة الماكينة. هدفنا هو الاستماع والفهم.
هدفنا
تقوم الوستيل بتصنيع جميع اعمال الستانلس ستيل بواسطة مكائن تعمل بالتحكم الرقمي الحاسوبي بشكل آلي لإخراج المعدات غير القابل للصدأ بأعلى جودة كالمنتجات الأجنبية حيث تمتلك الشركة أفضل الأيدي العاملة في هذا المجال وأن تساعد الشركة العميل في تحديد الاختيارات عن طريق زيادة الأحجام والبلان ، مع قائمة الأسعار وإبلاغ العميل بما يحتاجه من احتياجات حقيقية تقوم الشركة باستيراد المعدات المستوردة من الخارج حيث لدينا العديد من الوكالات الأجنبية وقد جهزت الشركة أكبر المشاريع في محافظات الدول العربية
خطوط انتاج الوستيل
تركز شركة الوستيل على تقديم منتجات معدنية عالية الجودة مخصصة لمعدات المطاعم والمطابخ. تتنوع منتجات الشركة لتشمل مجموعة واسعة من الأدوات والمعدات المصممة خصيصًا للاستخدام في المطابخ والمطاعم والفنادق. من معدات الطهي مثل الأفران والمواقد إلى الثلاجات وأفران البيتزا والقلايات والجريلات، تضمن الوستيل تقديم أفضل المعدات لتلبية جميع احتياجاتك.
.
فريق من الخبراء
الوستيل بفريق من الخبراء المتخصصين في تصميم وتصنيع معدات المطابخ والمطاعم. يمتلك فريقنا خبرة واسعة ومعرفة عميقة في تلبية احتياجات العملاء وضمان تقديم أفضل الحلول الممكنة.
الخدمات الكاملة
التصميم: تصميم منتجات مخصصة لتلبية احتياجات العملاء - التصنيع: تصنيع عالي الجودة باستخدام أحدث التقنيات - التركيب: تركيب المعدات في الموقع لضمان الأداء الأمثل - الصيانة: خدمات صيانة دورية للحفاظ على المعدات في حالة ممتازة.
التكلفة المنخفضة
على الرغم من تقديم منتجات عالية الجودة، تضمن الوستيل توفير معدات بأسعار تنافسية. نعمل بجد لتقديم أفضل قيمة مقابل المال، مما يجعلنا الخيار الأمثل لأصحاب المطاعم والمطابخ.
التسليم في الوقت المحدد
تلتزم الوستيل بتسليم المنتجات في الوقت المحدد. نفهم أهمية الوقت في صناعة المطاعم ونحرص على توفير المعدات في الموعد المتفق عليه لضمان سير العمل دون انقطاع.
شاهد فيديو مخطط الاعمال  لبناء الصناعة المستقبلية.
استمتع بالدقة والخبرة التي يتمتع بها خط إنتاج الوستيل المتطور. شاهد العملية السلسة لتصنيع معدات المطابخ والفنادق عالية الجودة، مما يوضح التزامنا بالتميز في كل خطوة.يتبع خط الإنتاج في الوستيل عملية دقيقة لضمان أعلى مستويات الجودة لمعدات المطبخ والفندق:
التصميم والتخطيط.
اختيار المواد.
القطع والتشكيل.
اللحام والتجميع.
رقابة جودة.
التشطيب والتلميع.
الاختبار والشهادة.
التعبئة والتغليف والتسليم.
في الوستيل، يجسد خط الإنتاج لدينا الدقة والجودة والحرفية، مما يؤدي إلى معدات المطابخ والفنادق التي تتجاوز التوقعات وتعزز الكفاءة والجماليات في أي مساحة احترافية.
اسئلة شائعة
مهمة
كل ما تريد معرفته عن الوستيل للتجارة والصناعة، وتجهيزات المطابخ والفنادق والمطاعم ومعدات المطاعم والفنادق والمطابخ، مستلزمات المطاعم والفنادق والمطابخ وشراء معدات مطاعم الفنادق والمطابخ. أفضل أسعار شراء ثلاجات، مواقد، أفران طهى الطعام، شوايات مسطحة، قلايات، باستا كوكر، جريل شاورما، جريلات صرف ارضيات في مصر.
ما هى شركة الوستيل للتجارة والصناعة، وتجهيزات المطابخ والفنادق والمطاعم ؟.
الوستيل شركة متخصصة في تجهيز المطابخ ومعدات الفنادق والمطاعم والقرى السياحية والقوارب العائمة والنوادي والمطارات وشركات الأغذية والمواقع البترولية وعربات المطاعم. تمتلك الشركة مصنع بمساحة 4500 متر يمتلك أحدث صناعة الماكينات والمنتجات مثل الجريل والافران والمواقد وايس ميكر وغيرها
قمنا بتنفيذ العديد من المشاريع العملاقة والمشروعات القومية للقوات المسلحة غير الفنادق والمطاعم والمستشفيات والعديد من المواقع البترولية ومشاريع الجامعات المصرية .
صناعة معدات المطابخ معتمدة من وزارة الصناعة وشهادة الترخيص الصناعي والموافقة الأمنية للتعامل مع القوات المسلحة بخلاف سجل المصدرين حيث قمنا بالتصدير إلى المملكة العربية السعودية والإمارات العربية المتحدة والسودان وقطر وجنوب إفريقيا وغانا ورواندا وأوغندا وأنغولا وموزمبيق وألمانيا
.
اين توجد الوستيل؟.
الوستيل للتجارة والصناعة ومعدات تقديم الطعام والمطاعم والفنادق ومستلزمات المطابخ وشراء معدات المطاعم والفنادق والمطابخ والثلاجات توجد في مصر.
المكتب الرئيسي
العنوان: 18 شارع الويلى - حدائق القبة - القاهرة
مصنعنا
العنوان: مدينة العبور قطعة 22 أ بلوك محاجر المنطقة الصناعية ب / ج بجوار كرايزى
عبر البريد الالكتروني:
info@alusteel.net
ahmed_alusteel@yahoo.com
وعلى منصات التواصل الاجتماعي المتعددة
تويتر: https://twitter.com/AhmedAlusteel؟s=08
يوتيوب: https://www.youtube.com/channel/UC2ROV7cSLjprGRNswLe6xzw
الفيسبوك: https://www.facebook.com/alusteel.egy
.
من هم عملاء الوستيل لمعدات المطابخ ومعدات الفنادق ومعدات المطاعم؟.
الوستيل للتجارة والصناعة ومعدات المطاعم والفنادق ومستلزمات المطابخ وشراء معدات المطاعم والفنادق والمطابخ والثلاجات. تخدم جميع القطاعات والمنشات.
المطاعم: وتجهيزات المطاعم  بكافة اعمال الاستانلس ستيل والمواقد والافران والجريل والثلاجات وغيرها من معدات المطابخ بالاضافة الى التربيزات والبوفيهات الخاصة بالمطعم بالاضافة الى جريلات صرف الارضيات ... وغيرها
الفنادق: تجهيزات الفنادق ومعدات الفنادق بكافة اعمال الاستانلس ستيل ومعدات مطابخ الفندق والمواقد والافران والجريل والثلاجات وغيرها من معدات المطابخ بالاضافة الى التربيزات والبوفيهات الخاصة بالفندق بالاضافة الى دربزين السلالم الاستانلس  ... وغيرها
القرى السياحية: تجهيزات القرى السياحية ومعدات القرى السياحية كافة اعمال الاستانلس ستيل ومعدات المطابخ الخاصة بالقرى السياحية بالاضافة الى معدات البوفيه وصالة الطعام الخاصة بالقرية والمواقد والافران والجريل والثلاجات وغيرها من معدات المطابخ بالاضافة الى التربيزات والبوفيهات الخاصة ب بالاضافة الى دربزين السلالم الاستانلس  ... وغيرها
المستشفيات: تجهيزات مطابخ المستشفيات ومعدات المطابخ من اعمال الاستانلس ستيل ومعدات المطابخ الخاصة بالاضافة الى المواقد والافران والجريل والثلاجات وغيرها من معدات المطابخ بالاضافة الى التربيزات والبوفيهات الخاصة  بالاضافة الى دربزين السلالم الاستانلس  ... وغيرها
بالضافة الى (مواقع العمل البترولية - مواقع المشاريع الانشائية .... وغيرها )
.
كلمة
م/مجدي عبدالعزيز
رحلة النجاح والتميز في صناعة معدات المطابخ والفنادق

تأسست شركة الوستيل في التسعينات على يد المهندس مجدي عبد العزيز، المهندس الاستشاري الهندسي وخريج جامعة الزقازيق بتخصص هندسة ميكانيكا. بدأت الشركة كمشروع صغير ولكنها نجحت في الوصول إلى قمة صناعة معدات المطابخ في مصر والشرق الأوسط.

قامت شركة الوستيل بتنفيذ وتأسيس مشروعات فنادق كبرى، مشروعات مطاعم راقية، ومشروعات مستشفيات وفنادق في مصر والعديد من الدول العربية والإفريقية. تميزت الشركة بجودة منتجاتها وخدماتها المتميزة، مما جعلها الخيار الأول للعديد من العملاء في هذه الصناعة.

تعتبر شركة الوستيل رمزًا للتميز والجودة في صناعة معدات المطابخ والفنادق. تضم فريق عمل مؤهل ومحترف يسعى دائمًا لتحقيق رؤية الشركة وتلبية احتياجات العملاء بأعلى مستويات الجودة والكفاءة.

من خلال استراتيجية ناجحة وروح الابتكار، استطاعت شركة الوستيل أن تحقق نجاحًا ملحوظًا في السوق المحلية والإقليمية. وتستمر في توسيع نطاقها وتقديم حلول مبتكرة ومتطورة لعملائها في جميع فى مصر والشرق الاوسط وافريقيا.

بفضل مسيرتها المثمرة والمليئة بالإنجازات، تظل شركة الوستيل الشريك الموثوق والمفضل لعملاء القطاع الفندقي ومجال المطاعم. وتستمر في تحقيق النجاحات والمساهمة في تطور هذه الصناعة المهمة.
ALWAYS IN OUR MEMORY
| THE MAKER OF SUCCESS
CEO | ENG. MAGDY ABD ELAZIZ
(1959 - 2022)
هل تبحث عن خدمات احترافية من اجل شركتك؟
تواصل معنا",6
https://alusteel.net/خدماتنا,خدماتنا,خدماتنا | الوستيل لتجهيزات المطابخ والفنادق والمطاعم,,تتعامل الوستيل مع أفضل العلامات التجارية العالمية لتقديم وتطوير مجموعة متنوعة من أنسب الحلول التي تتناسب مع ميزانية العميل ورؤيته,"خدماتنا
الرئيسية
خدماتنا
خدمات الوستيل
تتميز الوستيل بخدمات شاملة تشمل تجهيزات ومعدات المطابخ للفنادق، المطاعم، المستشفيات، ومواقع البترول. نوفر أفضل الأسعار والجودة وخدمات ما بعد البيع في السوق المصري.
افضل العلامات التجاريه
تبحث عن تجهيزات مطاعم متميزة؟ الوستيل رائدة في تجهيزات المطاعم، حيث نقدم أفضل العلامات التجارية للمعدات والتجهيزات للمطاعم والمطابخ والفنادق
افضل الحلول
تقدم الوستيل حلول مبتكرة لزيادة الكفاءة مع ثلاجات المطاعم، الأفران، الجريل، القلايات، وآيس ميكر بأعلى أنظمة الأمان، لنكسب ثقة عملائنا في مصر والشرق الأوسط ودول الخليج
خدمات التصدير
توفر الوستيل خدمات تصدير احترافية وفعالة، وقمنا بالتصدير إلى السعودية، الإمارات، السودان، قطر، جنوب إفريقيا، غانا، رواندا، أوغندا، أنغولا، موزمبيق، وألمانيا
تحديثات ضخمة وغير محدودة
نستخدم أحدث الماكينات العالمية لمواكبة التطور في صناعة معدات المطابخ، ثلاجات المطاعم، وتجهيزات المطاعم لتحقيق العالمية في منتجات الوستيل
خدمة مابعد البيع
هل تبحث عن أسعار تجهيزات المطاعم في مصر وأفضل خدمات ما بعد البيع؟ اكتشف المزيد عن منتجاتنا وافضل خدمة ما بعد البيع في السوق المصري.
الالتزام باحتياجات العملاء
أولويتنا هي إرضاء عملائنا من خلال تقديم أفضل النتائج في تجهيزات المطابخ للفنادق، المطاعم، القرى السياحية، القوارب العائمة، النوادي، المطارات، شركات الأغذية، المواقع البترولية، ومركبات المطاعم.
خدمات الوستيل
تعد شركة الوستيل الرائدة في مجال توريد وتصنيع معدات المطابخ والمطاعم والفنادق، حيث تقدم مجموعة متكاملة من الخدمات التي تلبي احتياجات قطاع الضيافة المتنوع. تتميز الشركة بتوفير حلول مبتكرة وعالية الجودة تشمل تصميم وتصنيع معدات المطبخ المتخصصة مثل الأفران، الشوايات، وأجهزة التبريد والتجميد.
خدمات تصميم وتصنيع المعدات
تقدم الوستيل خدمات تصميم وتصنيع معدات المطابخ والمطاعم وفقًا لأعلى معايير الجودة. يشمل ذلك أفران الطهي، الشوايات، الثلاجات، وأجهزة التبريد والتجميد التي تتميز بالكفاءة والمتانة. يتم تصميم وتصنيع هذه المعدات باستخدام أحدث التقنيات والمواد لضمان أفضل أداء وطول عمر افتراضي.
الاستشارات والتخطيط
توفر الوستيل خدمات استشارية متخصصة في تخطيط وتصميم المطابخ والمطاعم والفنادق. يعمل فريق من الخبراء على تحليل احتياجات العملاء وتقديم حلول مخصصة تضمن تحقيق أعلى مستويات الكفاءة والإنتاجية. يتم إعداد خطط تصميم شاملة تأخذ في الاعتبار تدفق العمل، السلامة، والمساحات المتاحة.
التوريد والتركيب
بالإضافة إلى تصنيع المعدات، تقدم الوستيل خدمات توريد وتركيب تجهيزات المطابخ والمطاعم والفنادق. يتم تنفيذ هذه العمليات بواسطة فريق من الفنيين المتخصصين لضمان تركيب المعدات بشكل صحيح وآمن. تلتزم الشركة بتوفير خدمة سريعة وفعالة لضمان تقليل أي تعطيل في عمليات العملاء.
الصيانة والدعم الفني
تعتبر الصيانة والدعم الفني من أبرز خدمات الوستيل، حيث توفر الشركة برامج صيانة دورية وخدمات إصلاح عاجلة لضمان استمرار تشغيل المعدات بكفاءة. يقدم فريق الدعم الفني المساعدة الفورية لحل أي مشكلات قد تواجه العملاء، مما يضمن تقليل وقت التعطل وزيادة عمر المعدات.
التدريب والتطوير
تهتم الوستيل بتدريب وتطوير مهارات العاملين في قطاع الضيافة من خلال تقديم برامج تدريبية متخصصة. تشمل هذه البرامج التدريب على استخدام وصيانة المعدات بشكل صحيح وآمن، مما يسهم في تحسين أداء العاملين وزيادة كفاءة العمليات اليومية.
استيراد وتوريد المعدات المتخصصة
توفر الوستيل خدمات استيراد وتوريد المعدات المتخصصة للمطابخ والمطاعم والفنادق من أفضل العلامات التجارية العالمية. تشمل هذه المعدات مختلف الأجهزة والأدوات التي تحتاجها المؤسسات لضمان تقديم خدمات عالية الجودة لعملائها.
لماذا تختار الوستيل؟
الجودة والابتكار
تلتزم الوستيل بتقديم منتجات وخدمات عالية الجودة تعتمد على الابتكار واستخدام أحدث التقنيات. يتم تصميم وتصنيع كافة المعدات وفقًا لأعلى معايير الجودة لضمان تقديم أفضل أداء وتحقيق رضا العملاء.
الخبرة والاحترافية
بفضل سنوات طويلة من الخبرة في مجال تجهيز المطابخ والمطاعم والفنادق، تمتلك الوستيل فريقًا من الخبراء والفنيين المحترفين الذين يتمتعون بالمعرفة والمهارات اللازمة لتقديم أفضل الحلول والخدمات.
دعم العملاء
تولي الوستيل أهمية كبيرة لدعم العملاء وتلبية احتياجاتهم بشكل فوري وفعال. تقدم الشركة خدمات دعم فني وصيانة على مدار الساعة لضمان استمرار تشغيل المعدات بكفاءة وتحقيق أعلى مستويات رضا العملاء.
تعتبر شركة الوستيل الخيار الأمثل للمطاعم والفنادق التي تبحث عن الجودة والكفاءة في تجهيزاتها. بفضل خدماتها المتكاملة والمتخصصة، تضمن الوستيل تقديم أفضل الحلول التي تساهم في تحسين أداء وجودة العمليات اليومية في قطاع الضيافة.
هل تبحث عن خدمات احترافية من اجل شركتك؟
تواصل معنا",0
https://alusteel.net/المنتجات,المنتجات,المنتجات | الوستيل لتجهيزات المطابخ والفنادق والمطاعم,,الجودة لها معنى خاص فيما يتعلق بعملاء الوستيل. هدفنا هو تجاوز توقعات من نخدمهم بتقديم افضل معدات ومنتجات ثلاجات، افران، جريل، قلايات، ايس ميكر وطاولات استانلس,"المنتجات
الرئيسية
المنتجات
منتجات الوستيل
الجودة هي حجر الزاوية في تعاملنا مع عملاء الوستيل للتجارة والهندسة. نلتزم بتجاوز توقعات عملائنا من خلال تقديم منتجات عالية الجودة مثل ثلاجات المطاعم، الأفران، الجريلات، القلايات، أجهزة صنع الثلج، وطاولات الستانلس. نسعى دائماً لتحسين أدائنا ونظام إدارة الجودة من خلال وضع أهداف قابلة للقياس. التزامنا بالجودة يمتد من التفاصيل الصغيرة إلى القضايا الهامة، مما يضمن أن نبقى الشركة الرائدة في مجال معدات وتجهيزات المطابخ في مصر.
ALL
خطوط طهي الوستيل
ثلاجات الوستيل
خطوط متعادل الوستيل
منتجات متميزة
بوفيهات
خط سناك
خطوط طهي الوستيل
ثلاجات الوستيل
خطوط متعادل الوستيل
منتجات متميزة
بوفيهات
خط سناك
هل تبحث عن خدمات احترافية من اجل شركتك؟
تواصل معنا",6
https://alusteel.net/المنتجات/خطوط-طهي-الوستيل,المنتجات,خطوط طهي الوستيل | الوستيل لتجهيزات المطابخ والفنادق والمطاعم,,الجودة لها معنى خاص فيما يتعلق بعملاء الوستيل للتجارة والهندسة. هدفنا هو تلبية وتجاوز توقعات أولئك الذين نخدمهم باستمرار من خلال أداء عملنا بجودة عالية الدقة.,"خطوط طهي الوستيل
الرئيسية
المنتجات
خطوط طهي الوستيل
All
بان ماري
حلة طهي بالبخار
مواقد كهرباء
القلايات
بوتجازات غاز
جريلات و شاورما
خط ساخن 90
افران
باستا كوكر
حلة طهى قلابة
بان ماري
فى الوستيل نوفر البان ماري الكهربائي ، لتلبية متطلبات المطاعم والفنادق المختلفة حيث يتكون الجهاز من أوعية...
حلة طهي بالبخار
في الوستيل نوفر الحلة البخارية التى تعمل بالغاز او بالكهرباء بحلة داخلية وخارجية سمك 3 مم و بسعة 150...
مواقد كهرباء
الوستيل توفر مواقد كهربية 2 او 4 او 6 بلاطة المانية الصنع EGO  سواء كانت مستديرة او مربعة بقدرة تسخين...
القلايات
فى الوستيل نوفر قلايات تعمل بالغاز او الكهرباء مصنعة بالكامل من الاستانلس ستيل تحتوي على 1 و 2 و 3 عين...
بوتجازات غاز
فى الوستيل نقدم بوتجازات من الغاز مصنعة بالكامل من الاستانلس ستيل تضم 2 , 4 , 6 شعلة بشاسيه قوي مجهز...
جريلات و شاورما
فى الوستيل نوفر شواية جريل بشاسيه قوي مجهز للخدمة الشاقة مصنع بالكامل من الاستانلس ستيل يمكن ان يضم بلاطة...
خط ساخن 90
الخط الساخن هو جوهر كل مطبخ مطعم، ويتكون من الأفران وأسطح المواقد ومعدات الطهي الساخنة الأخرى لضمان توصيل...
افران
تستخدم الأفران الحرارية مروحة لتدوير الهواء الساخن يعمل على طهي الطعام بشكل متساوٍ وأسرع من الأفران القياسية....
باستا كوكر
فى الوستيل نوفر باستا كوكر بمصافى لطهى المكرونة تعمل بالكهرباء بكابينة مفتوحة عن طريق التسخين ببطاريات...
حلة طهى قلابة
في الوستيل نوفر الحلة القلابة المصنعة من الاستانلس ستيل بطريقتي تشغيل ( غاز او كهرباء ) بسعة داخلية 80...
هل تبحث عن خدمات احترافية من اجل شركتك؟
تواصل معنا",10
https://alusteel.net/المنتجات/خطوط-طهي-الوستيل/بان-ماري,المنتجات,بان ماري | الوستيل لتجهيزات المطابخ والفنادق والمطاعم,,فى الوستيل نوفر البان ماري الكهربائي ، لتلبية متطلبات المطاعم والفنادق المختلفة حيث يتكون الجهاز من أوعية ستانلس ستيل داخل وعاء يعمل بالكهرباء أو الغاز، مع نظام تسخين مائي للتحكم في درجة الحرارة عبر ثرموستات بالاضافة الى لمبات بيان وأجهزة وقاية كاملة و يتميز الجهاز بجسم داخلي وخارجي من الأستانلس ستيل 304 و حوض ماء عميق بعمق 15 سم، ومحبس صرف.,"بان ماري
الرئيسية
المنتجات
خطوط طهي الوستيل
بان ماري
وصف بان ماري
فى الوستيل نوفر البان ماري الكهربائي ، لتلبية متطلبات المطاعم والفنادق المختلفة حيث يتكون الجهاز من أوعية ستانلس ستيل داخل وعاء يعمل بالكهرباء أو الغاز، مع نظام تسخين مائي للتحكم في درجة الحرارة عبر ثرموستات بالاضافة الى لمبات بيان وأجهزة وقاية كاملة و يتميز الجهاز بجسم داخلي وخارجي من الأستانلس ستيل 304 و حوض ماء عميق بعمق 15 سم، ومحبس صرف.
للاطلاع على المزيد من المعلومات داخل موقعنا حول البان مارى يرجي زيارة اللينك التالى
https://2u.pw/kujEv
المنتجات الجديدة
تقدم شركة الوستيل مجموعة متميزة من معدات الطبخ عالية الجودة للمطاعم والفنادق، تشمل المقالي العميقة المدمجة والمجموعات الكاملة. تُعد هذه المعدات أساسية لتعزيز الكفاءة والسمعة، حيث نقدم منتجات تتماشى مع أعلى معايير الجودة بأسعار تنافسية، مما يضمن نجاح مؤسستك في سوق تجهيزات المطاعم والمطابخ.
افران بيتزا حطب
أفران تعمل بالحطب حيث يتم طهي البيتزا باستخدام الخشب كمصدر أساسي للحرارة
عرض المزيد
شوايات حطب
تُعد الشوايات الخشبية إضافة مميزة لمطابخ المطاعم، حيث تقدم نكهة لا مثيل لها وتنوعاً كبيراً في الطهي. تستخدم هذه الشوايات...
عرض المزيد
شوايات دوارة مميزة
تعد الشوايات الدوارة من شركة الوستيل الخيار الأمثل للمطاعم والفنادق التي تسعى لتقديم أطباق مشوية عالية الجودة. بفضل تصميمها...
عرض المزيد
فرن بطاطس كومبير
فرن بطاطس كومبير
عرض المزيد
فرن عيش
فرن عيش
عرض المزيد
فرن تدخين
فرن تدخين
عرض المزيد
شواية فراخ كهرباء
شواية فراخ كهرباء
عرض المزيد
هل تبحث عن خدمات احترافية من اجل شركتك؟
تواصل معنا",9
https://alusteel.net/المنتجات/خطوط-طهي-الوستيل/حلة-طهي-بالبخار,المنتجات,حلة طهي بالبخار | الوستيل لتجهيزات المطابخ والفنادق والمطاعم,,في الوستيل نوفر الحلة البخارية التى تعمل بالغاز او بالكهرباء بحلة داخلية وخارجية سمك 3 مم و بسعة 150 لتر للحلة الداخلية مزودة بشاسيه قوى مجهز ومحملة على ارجل لتحمل الخدمة الشاقة وجميع اكسسواراتها من الاستانلس ستيل,"حلة طهي بالبخار
الرئيسية
المنتجات
خطوط طهي الوستيل
حلة طهي بالبخار
وصف حلة طهي بالبخار
في الوستيل نوفر الحلة البخارية التى تعمل بالغاز او بالكهرباء بحلة داخلية وخارجية سمك 3 مم و بسعة 150 لتر للحلة الداخلية مزودة بشاسيه قوى مجهز ومحملة على ارجل لتحمل الخدمة الشاقة وجميع اكسسواراتها من الاستانلس ستيل
للمزيد من التفاصيل يرجي الضغط على اللينك التالى
https://2u.pw/ea0UE
المنتجات الجديدة
تقدم شركة الوستيل مجموعة متميزة من معدات الطبخ عالية الجودة للمطاعم والفنادق، تشمل المقالي العميقة المدمجة والمجموعات الكاملة. تُعد هذه المعدات أساسية لتعزيز الكفاءة والسمعة، حيث نقدم منتجات تتماشى مع أعلى معايير الجودة بأسعار تنافسية، مما يضمن نجاح مؤسستك في سوق تجهيزات المطاعم والمطابخ.
افران بيتزا حطب
أفران تعمل بالحطب حيث يتم طهي البيتزا باستخدام الخشب كمصدر أساسي للحرارة
عرض المزيد
شوايات حطب
تُعد الشوايات الخشبية إضافة مميزة لمطابخ المطاعم، حيث تقدم نكهة لا مثيل لها وتنوعاً كبيراً في الطهي. تستخدم هذه الشوايات...
عرض المزيد
شوايات دوارة مميزة
تعد الشوايات الدوارة من شركة الوستيل الخيار الأمثل للمطاعم والفنادق التي تسعى لتقديم أطباق مشوية عالية الجودة. بفضل تصميمها...
عرض المزيد
فرن بطاطس كومبير
فرن بطاطس كومبير
عرض المزيد
فرن عيش
فرن عيش
عرض المزيد
فرن تدخين
فرن تدخين
عرض المزيد
شواية فراخ كهرباء
شواية فراخ كهرباء
عرض المزيد
هل تبحث عن خدمات احترافية من اجل شركتك؟
تواصل معنا",8
https://alusteel.net/المنتجات/خطوط-طهي-الوستيل/مواقد-كهرباء,المنتجات,مواقد كهرباء | الوستيل لتجهيزات المطابخ والفنادق والمطاعم,,الوستيل توفر مواقد كهربية 2 او 4 او 6 بلاطة المانية الصنع EGO  سواء كانت مستديرة او مربعة بقدرة تسخين 4 ك . وات المواقد مزودة بفرن حسب طلب العميل مصنعة بشاسيه قوي مجهز للخدمة الشاقة محملة على ارجل ضبط مستوي معزولة حراريا الصوف الصخرى المغلف بالصاج المجلفن بها حوامل جانبية للأرفف والصوانى على ثلاث مستويات كما تضم نظام تحكم كامل فى درجة الحرارة عن طريق مفتاح متعددة المراحل لكل بلاطة و لمبات بيان حرارى,"مواقد كهرباء
الرئيسية
المنتجات
خطوط طهي الوستيل
مواقد كهرباء
وصف مواقد كهرباء
الوستيل توفر مواقد كهربية 2 او 4 او 6 بلاطة المانية الصنع EGO  سواء كانت مستديرة او مربعة بقدرة تسخين 4 ك . وات المواقد مزودة بفرن حسب طلب العميل مصنعة بشاسيه قوي مجهز للخدمة الشاقة محملة على ارجل ضبط مستوي معزولة حراريا الصوف الصخرى المغلف بالصاج المجلفن بها حوامل جانبية للأرفف والصوانى على ثلاث مستويات كما تضم نظام تحكم كامل فى درجة الحرارة عن طريق مفتاح متعددة المراحل لكل بلاطة و لمبات بيان حرارى
للاطلاع على المزيد من التفاصيل يرجي زيارة اللينك التالى من موقعنا
https://2u.pw/H76rA
المنتجات الجديدة
تقدم شركة الوستيل مجموعة متميزة من معدات الطبخ عالية الجودة للمطاعم والفنادق، تشمل المقالي العميقة المدمجة والمجموعات الكاملة. تُعد هذه المعدات أساسية لتعزيز الكفاءة والسمعة، حيث نقدم منتجات تتماشى مع أعلى معايير الجودة بأسعار تنافسية، مما يضمن نجاح مؤسستك في سوق تجهيزات المطاعم والمطابخ.
افران بيتزا حطب
أفران تعمل بالحطب حيث يتم طهي البيتزا باستخدام الخشب كمصدر أساسي للحرارة
عرض المزيد
شوايات حطب
تُعد الشوايات الخشبية إضافة مميزة لمطابخ المطاعم، حيث تقدم نكهة لا مثيل لها وتنوعاً كبيراً في الطهي. تستخدم هذه الشوايات...
عرض المزيد
شوايات دوارة مميزة
تعد الشوايات الدوارة من شركة الوستيل الخيار الأمثل للمطاعم والفنادق التي تسعى لتقديم أطباق مشوية عالية الجودة. بفضل تصميمها...
عرض المزيد
فرن بطاطس كومبير
فرن بطاطس كومبير
عرض المزيد
فرن عيش
فرن عيش
عرض المزيد
فرن تدخين
فرن تدخين
عرض المزيد
شواية فراخ كهرباء
شواية فراخ كهرباء
عرض المزيد
هل تبحث عن خدمات احترافية من اجل شركتك؟
تواصل معنا",12
https://alusteel.net/المنتجات/خطوط-طهي-الوستيل/القلايات,المنتجات,القلايات | الوستيل لتجهيزات المطابخ والفنادق والمطاعم,,فى الوستيل نوفر قلايات تعمل بالغاز او الكهرباء مصنعة بالكامل من الاستانلس ستيل تحتوي على 1 و 2 و 3 عين بشاسيه قوي مجهز للخدمة الشاقة و محملة على ارجل ضبط مستوى بها احواض مزودة بمحبس سفلى لتفريغ الزيت بها نظام قلاب لمجموعة التسخين والكهرباء لتسهيل مهمة تنظيف الاحواض و عند اختيارك قلاية الوستيل الكهربائية فانها تعمل ببطاريات تسخين كهربى بقدرة 7.5 ك. وات للعين الواحدة مع وجود نظام تحكم حرارى لحوض القلى عن طريق ثرموستات 50/180 درجة,"القلايات
الرئيسية
المنتجات
خطوط طهي الوستيل
القلايات
وصف القلايات
فى الوستيل نوفر قلايات تعمل بالغاز او الكهرباء مصنعة بالكامل من الاستانلس ستيل تحتوي على 1 و 2 و 3 عين بشاسيه قوي مجهز للخدمة الشاقة و محملة على ارجل ضبط مستوى بها احواض مزودة بمحبس سفلى لتفريغ الزيت بها نظام قلاب لمجموعة التسخين والكهرباء لتسهيل مهمة تنظيف الاحواض و عند اختيارك قلاية الوستيل الكهربائية فانها تعمل ببطاريات تسخين كهربى بقدرة 7.5 ك. وات للعين الواحدة مع وجود نظام تحكم حرارى لحوض القلى عن طريق ثرموستات 50/180 درجة
للمزيد من التفاصيل يرجي زيارة اللينك التالى
https://2u.pw/Wjwnm
المنتجات الجديدة
تقدم شركة الوستيل مجموعة متميزة من معدات الطبخ عالية الجودة للمطاعم والفنادق، تشمل المقالي العميقة المدمجة والمجموعات الكاملة. تُعد هذه المعدات أساسية لتعزيز الكفاءة والسمعة، حيث نقدم منتجات تتماشى مع أعلى معايير الجودة بأسعار تنافسية، مما يضمن نجاح مؤسستك في سوق تجهيزات المطاعم والمطابخ.
افران بيتزا حطب
أفران تعمل بالحطب حيث يتم طهي البيتزا باستخدام الخشب كمصدر أساسي للحرارة
عرض المزيد
شوايات حطب
تُعد الشوايات الخشبية إضافة مميزة لمطابخ المطاعم، حيث تقدم نكهة لا مثيل لها وتنوعاً كبيراً في الطهي. تستخدم هذه الشوايات...
عرض المزيد
شوايات دوارة مميزة
تعد الشوايات الدوارة من شركة الوستيل الخيار الأمثل للمطاعم والفنادق التي تسعى لتقديم أطباق مشوية عالية الجودة. بفضل تصميمها...
عرض المزيد
فرن بطاطس كومبير
فرن بطاطس كومبير
عرض المزيد
فرن عيش
فرن عيش
عرض المزيد
فرن تدخين
فرن تدخين
عرض المزيد
شواية فراخ كهرباء
شواية فراخ كهرباء
عرض المزيد
هل تبحث عن خدمات احترافية من اجل شركتك؟
تواصل معنا",9
https://alusteel.net/المنتجات/خطوط-طهي-الوستيل/بوتجازات-غاز,المنتجات,بوتجازات غاز | الوستيل لتجهيزات المطابخ والفنادق والمطاعم,,"فى الوستيل نقدم بوتجازات من الغاز مصنعة بالكامل من الاستانلس ستيل تضم 2 , 4 , 6 شعلة بشاسيه قوي مجهز للخدمة الشاقة محملة على ارجل ضبط مستوي بالاضافة الى نظام اشعال ذاتي بمفاتيح ايطالية الصنع مع امكانية تصنيع البوتجاز مزود بفرن حسب طلب العميل يحتوي على ثلاثة مستويات للأرفف الداخلية بالفرن","بوتجازات غاز
الرئيسية
المنتجات
خطوط طهي الوستيل
بوتجازات غاز
وصف بوتجازات غاز
فى الوستيل نقدم بوتجازات من الغاز مصنعة بالكامل من الاستانلس ستيل تضم 2 , 4 , 6 شعلة بشاسيه قوي مجهز للخدمة الشاقة محملة على ارجل ضبط مستوي بالاضافة الى نظام اشعال ذاتي بمفاتيح ايطالية الصنع مع امكانية تصنيع البوتجاز مزود بفرن حسب طلب العميل يحتوي على ثلاثة مستويات للأرفف الداخلية بالفرن
للاطلاع على المزيد من التفاصيل يرجي زيارة اللينك التالى
https://2u.pw/8zfMp
المنتجات الجديدة
تقدم شركة الوستيل مجموعة متميزة من معدات الطبخ عالية الجودة للمطاعم والفنادق، تشمل المقالي العميقة المدمجة والمجموعات الكاملة. تُعد هذه المعدات أساسية لتعزيز الكفاءة والسمعة، حيث نقدم منتجات تتماشى مع أعلى معايير الجودة بأسعار تنافسية، مما يضمن نجاح مؤسستك في سوق تجهيزات المطاعم والمطابخ.
افران بيتزا حطب
أفران تعمل بالحطب حيث يتم طهي البيتزا باستخدام الخشب كمصدر أساسي للحرارة
عرض المزيد
شوايات حطب
تُعد الشوايات الخشبية إضافة مميزة لمطابخ المطاعم، حيث تقدم نكهة لا مثيل لها وتنوعاً كبيراً في الطهي. تستخدم هذه الشوايات...
عرض المزيد
شوايات دوارة مميزة
تعد الشوايات الدوارة من شركة الوستيل الخيار الأمثل للمطاعم والفنادق التي تسعى لتقديم أطباق مشوية عالية الجودة. بفضل تصميمها...
عرض المزيد
فرن بطاطس كومبير
فرن بطاطس كومبير
عرض المزيد
فرن عيش
فرن عيش
عرض المزيد
فرن تدخين
فرن تدخين
عرض المزيد
شواية فراخ كهرباء
شواية فراخ كهرباء
عرض المزيد
هل تبحث عن خدمات احترافية من اجل شركتك؟
تواصل معنا",12
https://alusteel.net/المنتجات/خطوط-طهي-الوستيل/جريلات-و-شاورما,المنتجات,جريلات و شاورما | الوستيل لتجهيزات المطابخ والفنادق والمطاعم,,فى الوستيل نوفر شواية جريل بشاسيه قوي مجهز للخدمة الشاقة مصنع بالكامل من الاستانلس ستيل يمكن ان يضم بلاطة مستوية او مضلعة للشوي به رف سفلى مصنوع من الاستانلس ستيل سمك 1.2 مم معزول حراريا بالصوف الصخرى عالى الكثافة به 4 ارجل ضبط مستوى للخدمة الشاقة,"جريلات و شاورما
الرئيسية
المنتجات
خطوط طهي الوستيل
جريلات و شاورما
وصف جريلات و شاورما
فى الوستيل نوفر شواية جريل بشاسيه قوي مجهز للخدمة الشاقة مصنع بالكامل من الاستانلس ستيل يمكن ان يضم بلاطة مستوية او مضلعة للشوي به رف سفلى مصنوع من الاستانلس ستيل سمك 1.2 مم معزول حراريا بالصوف الصخرى عالى الكثافة به 4 ارجل ضبط مستوى للخدمة الشاقة
للمزيد من التفاصيل يرجي زيارة اللينك التالى
https://2u.pw/rEsDs
المنتجات الجديدة
تقدم شركة الوستيل مجموعة متميزة من معدات الطبخ عالية الجودة للمطاعم والفنادق، تشمل المقالي العميقة المدمجة والمجموعات الكاملة. تُعد هذه المعدات أساسية لتعزيز الكفاءة والسمعة، حيث نقدم منتجات تتماشى مع أعلى معايير الجودة بأسعار تنافسية، مما يضمن نجاح مؤسستك في سوق تجهيزات المطاعم والمطابخ.
افران بيتزا حطب
أفران تعمل بالحطب حيث يتم طهي البيتزا باستخدام الخشب كمصدر أساسي للحرارة
عرض المزيد
شوايات حطب
تُعد الشوايات الخشبية إضافة مميزة لمطابخ المطاعم، حيث تقدم نكهة لا مثيل لها وتنوعاً كبيراً في الطهي. تستخدم هذه الشوايات...
عرض المزيد
شوايات دوارة مميزة
تعد الشوايات الدوارة من شركة الوستيل الخيار الأمثل للمطاعم والفنادق التي تسعى لتقديم أطباق مشوية عالية الجودة. بفضل تصميمها...
عرض المزيد
فرن بطاطس كومبير
فرن بطاطس كومبير
عرض المزيد
فرن عيش
فرن عيش
عرض المزيد
فرن تدخين
فرن تدخين
عرض المزيد
شواية فراخ كهرباء
شواية فراخ كهرباء
عرض المزيد
هل تبحث عن خدمات احترافية من اجل شركتك؟
تواصل معنا",11
https://alusteel.net/المنتجات/خطوط-طهي-الوستيل/خط-ساخن-90,المنتجات,خط ساخن 90 | الوستيل لتجهيزات المطابخ والفنادق والمطاعم,,الخط الساخن هو جوهر كل مطبخ مطعم، ويتكون من الأفران وأسطح المواقد ومعدات الطهي الساخنة الأخرى لضمان توصيل الطعام بسرعة.,"خط ساخن 90
الرئيسية
المنتجات
خطوط طهي الوستيل
خط ساخن 90
وصف خط ساخن 90
الخط الساخن هو جوهر كل مطبخ مطعم، ويتكون من الأفران وأسطح المواقد ومعدات الطهي الساخنة الأخرى لضمان توصيل الطعام بسرعة.
يعد الاستثمار في المعدات المناسبة والموظفين المهرة أمرًا بالغ الأهمية.
يشتمل الخط الساخن النموذجي على سطح مسطح وموقد وفرن وثلاجة منخفضة الارتفاع ومقالي.
يمكن أن يؤدي تخصيص الخط الساخن بناءً على احتياجات المطعم إلى تعزيز الكفاءة وجودة الطعام. تشمل الأمثلة المقالي الإضافية للفنادق ذات الحجم الكبير، وفرن كومبي للمطاعم التي تقدم منتجات عالية الجودة ومحطات بيتزا مُحسَّنة لمطابخ البيتزا الحرفية. اتصل بـ الوستيل للحصول على تصميم مطبخ تجاري مخصص
منتج الخط الساخن لمطبخ المطاعم من الوستيل هو الحل المثالي لتحسين كفاءة وسرعة الطهي في المطاعم والفنادق. تم تصميم هذا المنتج باستخدام أحدث التقنيات والمواد عالية الجودة لضمان أداء ممتاز وتحمل طويل الأمد. الخط الساخن من الوستيل يتيح للطهاة تحضير الأطعمة بسرعة ودقة، مع الحفاظ على الجودة والطعم الرائع.
المواصفات:
المادة:
فولاذ مقاوم للصدأ عالي الجودة
التحكم في الحرارة:
ثرموستات دقيق لضبط درجة الحرارة
السطح:
مقاوم للالتصاق وسهل التنظيف
الميزات:
أداء استثنائي:
توزيع متساوٍ للحرارة يضمن طهيًا مثاليًا للأطعمة.
تصميم مريح:
سهولة في الاستخدام والتنظيف
المنتجات الجديدة
تقدم شركة الوستيل مجموعة متميزة من معدات الطبخ عالية الجودة للمطاعم والفنادق، تشمل المقالي العميقة المدمجة والمجموعات الكاملة. تُعد هذه المعدات أساسية لتعزيز الكفاءة والسمعة، حيث نقدم منتجات تتماشى مع أعلى معايير الجودة بأسعار تنافسية، مما يضمن نجاح مؤسستك في سوق تجهيزات المطاعم والمطابخ.
افران بيتزا حطب
أفران تعمل بالحطب حيث يتم طهي البيتزا باستخدام الخشب كمصدر أساسي للحرارة
عرض المزيد
شوايات حطب
تُعد الشوايات الخشبية إضافة مميزة لمطابخ المطاعم، حيث تقدم نكهة لا مثيل لها وتنوعاً كبيراً في الطهي. تستخدم هذه الشوايات...
عرض المزيد
شوايات دوارة مميزة
تعد الشوايات الدوارة من شركة الوستيل الخيار الأمثل للمطاعم والفنادق التي تسعى لتقديم أطباق مشوية عالية الجودة. بفضل تصميمها...
عرض المزيد
فرن بطاطس كومبير
فرن بطاطس كومبير
عرض المزيد
فرن عيش
فرن عيش
عرض المزيد
فرن تدخين
فرن تدخين
عرض المزيد
شواية فراخ كهرباء
شواية فراخ كهرباء
عرض المزيد
هل تبحث عن خدمات احترافية من اجل شركتك؟
تواصل معنا",8
https://alusteel.net/المنتجات/خطوط-طهي-الوستيل/افران,المنتجات,افران | الوستيل لتجهيزات المطابخ والفنادق والمطاعم,,منتجاتنا تتضمن أفران حرارية التي يمكنك طهي اللحوم والخبز والحلويات والأطعمة الأخرى فيها، ونوفر نماذج كونترتوب وأرضيات الحمل الحراري  للمطاعم لكل الأحجام,"افران
الرئيسية
المنتجات
خطوط طهي الوستيل
افران
وصف افران
منتجات شركة الوستيل تتضمن أفران حرارية التي تستخدم مروحة لتدوير الهواء الساحن، الذي يجعل الطعام مطهو بشكل متساو و سريع و يمكنك طهي أطباق اللحوم والخبز والحلويات والأطعمة الأخرى في هذه الأفران.
نوفر نماذج كونترتوب وأرضيات الحمل الحراري ، لذلك يمكن أن تكون اختيارًا جيدًا للمطاعم من جميع الأحجام.
اذا كنت ترغب فى مواصفات خاصة او الاطلاع على كامل المجموعة
اتصل بنا
فرن بيتزا ومخبوزات حجري يعمل بالغاز
المواصفات العامة:-
- الفرن مثبت علي شاسية استنلس ستيل للخدمة الشاقة متحرك على عجل 6بوصة
برف سفلي من الاسفل
- الابعاد الخارجية:150*140سم*170سم
- سعة7بيتزا وسط تقريبا
صناعة الوستيل للتجارة والهندسة.
G-OVEN  STONE
فرن بيتزا (2 دك) كهرباء
المواصفات العامة :
2-شاسية قوى سمك من صلب مجلفن للخدمة الشاقة.
3- محمل على أرجل ضبط مستوى للخدمة الشاقة
الفرن عدد2 دك:
الأبعاد الداخلية سعة 4بيتزا وسط لكل دك.
E-PO 2D
فرن كونفكشن كهرباء
السعة 10صاج 40×60 سم
القدرة الكهربائية 15.8 ك.وات
الابعاد :- 86×88.2×125 سم
صناعة ايطالى
CO-10 - 600x400 / 10 - GN 1/1
المنتجات الجديدة
تقدم شركة الوستيل مجموعة متميزة من معدات الطبخ عالية الجودة للمطاعم والفنادق، تشمل المقالي العميقة المدمجة والمجموعات الكاملة. تُعد هذه المعدات أساسية لتعزيز الكفاءة والسمعة، حيث نقدم منتجات تتماشى مع أعلى معايير الجودة بأسعار تنافسية، مما يضمن نجاح مؤسستك في سوق تجهيزات المطاعم والمطابخ.
افران بيتزا حطب
أفران تعمل بالحطب حيث يتم طهي البيتزا باستخدام الخشب كمصدر أساسي للحرارة
عرض المزيد
شوايات حطب
تُعد الشوايات الخشبية إضافة مميزة لمطابخ المطاعم، حيث تقدم نكهة لا مثيل لها وتنوعاً كبيراً في الطهي. تستخدم هذه الشوايات...
عرض المزيد
شوايات دوارة مميزة
تعد الشوايات الدوارة من شركة الوستيل الخيار الأمثل للمطاعم والفنادق التي تسعى لتقديم أطباق مشوية عالية الجودة. بفضل تصميمها...
عرض المزيد
فرن بطاطس كومبير
فرن بطاطس كومبير
عرض المزيد
فرن عيش
فرن عيش
عرض المزيد
فرن تدخين
فرن تدخين
عرض المزيد
شواية فراخ كهرباء
شواية فراخ كهرباء
عرض المزيد
هل تبحث عن خدمات احترافية من اجل شركتك؟
تواصل معنا",13
https://alusteel.net/المنتجات/خطوط-طهي-الوستيل/باستا-كوكر,المنتجات,باستا كوكر | الوستيل لتجهيزات المطابخ والفنادق والمطاعم,,فى الوستيل نوفر باستا كوكر بمصافى لطهى المكرونة تعمل بالكهرباء بكابينة مفتوحة عن طريق التسخين ببطاريات ذات تصميم خاص بقدرة 4 ك. وات للعين الواحدة بالاضافة لوجود نظام تحكم فى الحرارة لحوض القلى عن طريق ثرموستات 50/180 درجة و تورد الوستيل مع كل حوض قلى عدد 2 باسكت مغ الغطاء من الاستانلس استيل,"باستا كوكر
الرئيسية
المنتجات
خطوط طهي الوستيل
باستا كوكر
وصف باستا كوكر
فى الوستيل نوفر باستا كوكر بمصافى لطهى المكرونة تعمل بالكهرباء بكابينة مفتوحة عن طريق التسخين ببطاريات ذات تصميم خاص بقدرة 4 ك. وات للعين الواحدة بالاضافة لوجود نظام تحكم فى الحرارة لحوض القلى عن طريق ثرموستات 50/180 درجة و تورد الوستيل مع كل حوض قلى عدد 2 باسكت مغ الغطاء من الاستانلس استيل
للمزيد من التفاصيل يرجي زيارة اللينك التالى
https://2u.pw/xBVaW
المنتجات الجديدة
تقدم شركة الوستيل مجموعة متميزة من معدات الطبخ عالية الجودة للمطاعم والفنادق، تشمل المقالي العميقة المدمجة والمجموعات الكاملة. تُعد هذه المعدات أساسية لتعزيز الكفاءة والسمعة، حيث نقدم منتجات تتماشى مع أعلى معايير الجودة بأسعار تنافسية، مما يضمن نجاح مؤسستك في سوق تجهيزات المطاعم والمطابخ.
افران بيتزا حطب
أفران تعمل بالحطب حيث يتم طهي البيتزا باستخدام الخشب كمصدر أساسي للحرارة
عرض المزيد
شوايات حطب
تُعد الشوايات الخشبية إضافة مميزة لمطابخ المطاعم، حيث تقدم نكهة لا مثيل لها وتنوعاً كبيراً في الطهي. تستخدم هذه الشوايات...
عرض المزيد
شوايات دوارة مميزة
تعد الشوايات الدوارة من شركة الوستيل الخيار الأمثل للمطاعم والفنادق التي تسعى لتقديم أطباق مشوية عالية الجودة. بفضل تصميمها...
عرض المزيد
فرن بطاطس كومبير
فرن بطاطس كومبير
عرض المزيد
فرن عيش
فرن عيش
عرض المزيد
فرن تدخين
فرن تدخين
عرض المزيد
شواية فراخ كهرباء
شواية فراخ كهرباء
عرض المزيد
هل تبحث عن خدمات احترافية من اجل شركتك؟
تواصل معنا",8
https://alusteel.net/المنتجات/ثلاجات-الوستيل,المنتجات,ثلاجات الوستيل | الوستيل لتجهيزات المطابخ والفنادق والمطاعم,,,"ثلاجات الوستيل
الرئيسية
المنتجات
ثلاجات الوستيل
All
ثلاجات افقية
ثلاجات سلطات
ثلاجات راسية
ثلاجات افقية
ثلاجات افقية عالية الجودة والمتانة من الوستيل 

اذا كنت ترغب فى مواصفات خاصة او الاطلاع على كامل المجموعة...
ثلاجات سلطات
تعتبر ثلاجات السلطات التجارية حلاً مثالياً للمطاعم والفنادق التي تسعى للحفاظ على المكونات طازجة ومرتبة....
ثلاجات راسية
ثلاجات راسية عالية الجودة والمتانة من الوستيل 

اذا كنت ترغب فى مواصفات خاصة او الاطلاع على كامل المجموعة...
هل تبحث عن خدمات احترافية من اجل شركتك؟
تواصل معنا",3
https://alusteel.net/المنتجات/ثلاجات-الوستيل/ثلاجات-افقية,المنتجات,ثلاجات افقية | الوستيل لتجهيزات المطابخ والفنادق والمطاعم,,ثلاجات افقية عالية الجودة والمتانة من الوستيل,"ثلاجات افقية
الرئيسية
المنتجات
ثلاجات الوستيل
ثلاجات افقية
وصف ثلاجات افقية
الثلاجات اندر كونتر
متوفرة بـ 2 باب او 3 باب
ثلاجة اندر كونتر 2 باب استانلس ستيل
الابعاد 2000*700*850 مم
مواصفات المنتج :
الجسم الداخلى والخارجي من الاستانلس استيل 304
العزل الحرارى للجسم والابواب والقرصة من مادة البولى ريثان المحقون كثافة 40
قطاعات بلاستيك خاصة لفصل الجسم الداخلى عن الخارجي
الباب مزود بكاوتش مغناطيسي خاص
سكاكات ومفصلات الابواب مستوردة ( نيكل )
نظام التبريد
وحدة تبريد ايطالى 4/3 حصان
مبخر ديناميكي
تحكم فى درجة الحرارة بثرموستات به امكانية ظبط فرق درجات حرارة التشغيل والايقاف لحماية وحدة التبريد
يورد مع الثلاجة :
عدد 2 رف استانلس ستيل مخرم C.N.C
المنتجات الجديدة
تقدم شركة الوستيل مجموعة متميزة من معدات الطبخ عالية الجودة للمطاعم والفنادق، تشمل المقالي العميقة المدمجة والمجموعات الكاملة. تُعد هذه المعدات أساسية لتعزيز الكفاءة والسمعة، حيث نقدم منتجات تتماشى مع أعلى معايير الجودة بأسعار تنافسية، مما يضمن نجاح مؤسستك في سوق تجهيزات المطاعم والمطابخ.
افران بيتزا حطب
أفران تعمل بالحطب حيث يتم طهي البيتزا باستخدام الخشب كمصدر أساسي للحرارة
عرض المزيد
شوايات حطب
تُعد الشوايات الخشبية إضافة مميزة لمطابخ المطاعم، حيث تقدم نكهة لا مثيل لها وتنوعاً كبيراً في الطهي. تستخدم هذه الشوايات...
عرض المزيد
شوايات دوارة مميزة
تعد الشوايات الدوارة من شركة الوستيل الخيار الأمثل للمطاعم والفنادق التي تسعى لتقديم أطباق مشوية عالية الجودة. بفضل تصميمها...
عرض المزيد
فرن بطاطس كومبير
فرن بطاطس كومبير
عرض المزيد
فرن عيش
فرن عيش
عرض المزيد
فرن تدخين
فرن تدخين
عرض المزيد
شواية فراخ كهرباء
شواية فراخ كهرباء
عرض المزيد
هل تبحث عن خدمات احترافية من اجل شركتك؟
تواصل معنا",9
https://alusteel.net/المنتجات/ثلاجات-الوستيل/ثلاجات-سلطات,المنتجات,ثلاجات سلطات | الوستيل لتجهيزات المطابخ والفنادق والمطاعم,,تعتبر ثلاجات السلطات التجارية حلاً مثالياً للمطاعم والفنادق التي تسعى للحفاظ على المكونات طازجة ومرتبة. تأتي هذه الثلاجات بتصميمات متعددة، تتضمن رفوف وأدراج مخصصة لتخزين مختلف أنواع الخضار والفواكه، مما يسهل عملية الوصول إليها بسرعة أثناء تحضير السلطات.,"ثلاجات سلطات
الرئيسية
المنتجات
ثلاجات الوستيل
ثلاجات سلطات
وصف ثلاجات سلطات
تعتبر ثلاجات السلطات التجارية حلاً مثالياً للمطاعم والفنادق التي تسعى للحفاظ على المكونات طازجة ومرتبة. تأتي هذه الثلاجات بتصميمات متعددة، تتضمن رفوف وأدراج مخصصة لتخزين مختلف أنواع الخضار والفواكه، مما يسهل عملية الوصول إليها بسرعة أثناء تحضير السلطات.
تم تصميم ثلاجات السلطات بتقنيات حديثة تضمن توزيع الهواء البارد بشكل متساوٍ للحفاظ على النضارة والطعم. بعض النماذج تأتي بأغطية زجاجية شفافة لعرض المكونات، مما يضفي مظهراً جاذباً على المطبخ ويسهل اختيار المكونات.
شركة الوستيل تقدم مجموعة واسعة من ثلاجات السلطات التي تتميز بالكفاءة العالية والتصميم الأنيق، لتلبية احتياجات المطاعم والفنادق بأعلى معايير الجودة.
المنتجات الجديدة
تقدم شركة الوستيل مجموعة متميزة من معدات الطبخ عالية الجودة للمطاعم والفنادق، تشمل المقالي العميقة المدمجة والمجموعات الكاملة. تُعد هذه المعدات أساسية لتعزيز الكفاءة والسمعة، حيث نقدم منتجات تتماشى مع أعلى معايير الجودة بأسعار تنافسية، مما يضمن نجاح مؤسستك في سوق تجهيزات المطاعم والمطابخ.
افران بيتزا حطب
أفران تعمل بالحطب حيث يتم طهي البيتزا باستخدام الخشب كمصدر أساسي للحرارة
عرض المزيد
شوايات حطب
تُعد الشوايات الخشبية إضافة مميزة لمطابخ المطاعم، حيث تقدم نكهة لا مثيل لها وتنوعاً كبيراً في الطهي. تستخدم هذه الشوايات...
عرض المزيد
شوايات دوارة مميزة
تعد الشوايات الدوارة من شركة الوستيل الخيار الأمثل للمطاعم والفنادق التي تسعى لتقديم أطباق مشوية عالية الجودة. بفضل تصميمها...
عرض المزيد
فرن بطاطس كومبير
فرن بطاطس كومبير
عرض المزيد
فرن عيش
فرن عيش
عرض المزيد
فرن تدخين
فرن تدخين
عرض المزيد
شواية فراخ كهرباء
شواية فراخ كهرباء
عرض المزيد
هل تبحث عن خدمات احترافية من اجل شركتك؟
تواصل معنا",9
https://alusteel.net/المنتجات/ثلاجات-الوستيل/ثلاجات-راسية,المنتجات,ثلاجات راسية | الوستيل لتجهيزات المطابخ والفنادق والمطاعم,,ثلاجات راسية عالية الجودة والمتانة من الوستيل,"ثلاجات راسية
الرئيسية
المنتجات
ثلاجات الوستيل
ثلاجات راسية
وصف ثلاجات راسية
ثلاجات راسية عالية الجودة والمتانة من الوستيل
اذا كنت ترغب فى مواصفات خاصة او الاطلاع على كامل المجموعة
اتصل بنا
ثلاجة رأسية 2 با
ب تبريد
SIZE : 1400mm * 800mm *2100mm
المواصفات العامة :
1-الجسم الداخلى والخارجى من الإستانلس ستيل304.
3-العزل الحرارى للجسم والأبواب والقرصة من مادة البولى ريثان المحقون
صناعة الوستيل للتجارة والهندسة
Chiller  2d-140cm
فريزر رأسى
2
باب
SIZE : 1400mm * 800mm *2100mm
المواصفات العامة :
1-الجسم الداخلى والخارجى من الإستانلس ستيل304.
3-العزل الحرارى للجسم والأبواب والقرصة من مادة
البولى ريثان المحقون كثافة40كجم/م3.
صناعة الوستيل للتجارة والهندسة
Freezer 2d-140cm
– ثلاجة رأسية واحد باب
SIZE : 700mm * 800mm *2100mm
المواصفات العامة :
1-الجسم الداخلى والخارجى من الإستانلس ستيل304.
3-العزل الحرارى للجسم والأبواب والقرصة من مادة
البولى ريثان المحقون كثافة40كجم/م3.
صناعة الوستيل للتجارة والهندسة
Chiller  1d-70cm
فريزر رأسى 1 باب
SIZE : 700mm * 800mm *210mm
المواصفات العامة :
1-الجسم الداخلى والخارجى من الإستانلس ستيل304.
3-العزل الحرارى للجسم والأبواب والقرصة من مادة
البولى ريثان المحقون كثافة40كجم/م3..
صناعة الوستيل للتجارة والهندسة
Freezer 1d-70cm
المنتجات الجديدة
تقدم شركة الوستيل مجموعة متميزة من معدات الطبخ عالية الجودة للمطاعم والفنادق، تشمل المقالي العميقة المدمجة والمجموعات الكاملة. تُعد هذه المعدات أساسية لتعزيز الكفاءة والسمعة، حيث نقدم منتجات تتماشى مع أعلى معايير الجودة بأسعار تنافسية، مما يضمن نجاح مؤسستك في سوق تجهيزات المطاعم والمطابخ.
افران بيتزا حطب
أفران تعمل بالحطب حيث يتم طهي البيتزا باستخدام الخشب كمصدر أساسي للحرارة
عرض المزيد
شوايات حطب
تُعد الشوايات الخشبية إضافة مميزة لمطابخ المطاعم، حيث تقدم نكهة لا مثيل لها وتنوعاً كبيراً في الطهي. تستخدم هذه الشوايات...
عرض المزيد
شوايات دوارة مميزة
تعد الشوايات الدوارة من شركة الوستيل الخيار الأمثل للمطاعم والفنادق التي تسعى لتقديم أطباق مشوية عالية الجودة. بفضل تصميمها...
عرض المزيد
فرن بطاطس كومبير
فرن بطاطس كومبير
عرض المزيد
فرن عيش
فرن عيش
عرض المزيد
فرن تدخين
فرن تدخين
عرض المزيد
شواية فراخ كهرباء
شواية فراخ كهرباء
عرض المزيد
هل تبحث عن خدمات احترافية من اجل شركتك؟
تواصل معنا",9
https://alusteel.net/المنتجات/خطوط-متعادل-الوستيل,المنتجات,خطوط متعادل الوستيل | الوستيل لتجهيزات المطابخ والفنادق والمطاعم,,,"خطوط متعادل الوستيل
الرئيسية
المنتجات
خطوط متعادل الوستيل
All
دواليب
جريلات صرف ارضية
تروليات خدمة
ترابيزات خدمة
ارفف
اهواد الشفط
احواض
دواليب
دواليب وكابين استانلس عالية الجودة والمتانة من الوستيل
جريلات صرف ارضية
تروليات خدمة
ترولليات خدمة عالية الجودة والمتانة من الوستيل
ترابيزات خدمة
ترابيزات خدمة عالية الجودة والمتانة من الوستيل
ارفف
ارفف وحوامل عالية الجودة والمتانة من الوستيل
اهواد الشفط
اهواد الشفط عالية الجودة والمتانة من الوستيل
احواض
احواض غسيل مطبح عالية الجودة والمتانة من الوستيل
هل تبحث عن خدمات احترافية من اجل شركتك؟
تواصل معنا",7
https://alusteel.net/المنتجات/خطوط-متعادل-الوستيل/دواليب,المنتجات,دواليب | الوستيل لتجهيزات المطابخ والفنادق والمطاعم,,دواليب وكابين استانلس عالية الجودة والمتانة من الوستيل,"دواليب
الرئيسية
المنتجات
خطوط متعادل الوستيل
دواليب
وصف دواليب
دواليب وكابين استانلس عالية الجودة والمتانة من الوستيل
اذا كنت ترغب فى مواصفات خاصة او الاطلاع على كامل المجموعة
اتصل بنا
كابينة حائطية إستانلس 2 ضلفة جرار
SIZE : 1500mm * 500 mm * 600 mm
المواصفات العامة :
1- مصنعة من الأستانلس ستيل بالكامل.
2- القرصة العلوية 1.2مم والسفلية مزدوجة.
3-الأجناب والظهر والأرفف سمك 1 مم.
4- الكابينة مزودة برف أوسط
صناعة الوستيل للتجارة والهندسة
WC-150CM
كابينة سفلية إستانلس ستيل 2ضلفة جرار بشفة خلفية
SIZE : 1200mm * 700mm *850 mm
المواصفات العامة :
1- مصنعة من الأستانلس ستيل 304.
2- القرصة العلوية سمك 1.5مم مع دعامات أسفلها
4- كعوب رجلاش لضبط المستوى من الإستانل ستيل.
5- باب سحاب مزدوج 2 ضلفة.
صناعة الوستيل للتجارة والهندسة
BC-150CM
المنتجات الجديدة
تقدم شركة الوستيل مجموعة متميزة من معدات الطبخ عالية الجودة للمطاعم والفنادق، تشمل المقالي العميقة المدمجة والمجموعات الكاملة. تُعد هذه المعدات أساسية لتعزيز الكفاءة والسمعة، حيث نقدم منتجات تتماشى مع أعلى معايير الجودة بأسعار تنافسية، مما يضمن نجاح مؤسستك في سوق تجهيزات المطاعم والمطابخ.
افران بيتزا حطب
أفران تعمل بالحطب حيث يتم طهي البيتزا باستخدام الخشب كمصدر أساسي للحرارة
عرض المزيد
شوايات حطب
تُعد الشوايات الخشبية إضافة مميزة لمطابخ المطاعم، حيث تقدم نكهة لا مثيل لها وتنوعاً كبيراً في الطهي. تستخدم هذه الشوايات...
عرض المزيد
شوايات دوارة مميزة
تعد الشوايات الدوارة من شركة الوستيل الخيار الأمثل للمطاعم والفنادق التي تسعى لتقديم أطباق مشوية عالية الجودة. بفضل تصميمها...
عرض المزيد
فرن بطاطس كومبير
فرن بطاطس كومبير
عرض المزيد
فرن عيش
فرن عيش
عرض المزيد
فرن تدخين
فرن تدخين
عرض المزيد
شواية فراخ كهرباء
شواية فراخ كهرباء
عرض المزيد
هل تبحث عن خدمات احترافية من اجل شركتك؟
تواصل معنا",17
https://alusteel.net/المنتجات/خطوط-متعادل-الوستيل/جريلات-صرف-ارضية,المنتجات,جريلات صرف ارضية | الوستيل لتجهيزات المطابخ والفنادق والمطاعم,,,"جريلات صرف ارضية
الرئيسية
المنتجات
خطوط متعادل الوستيل
جريلات صرف ارضية
المنتجات الجديدة
تقدم شركة الوستيل مجموعة متميزة من معدات الطبخ عالية الجودة للمطاعم والفنادق، تشمل المقالي العميقة المدمجة والمجموعات الكاملة. تُعد هذه المعدات أساسية لتعزيز الكفاءة والسمعة، حيث نقدم منتجات تتماشى مع أعلى معايير الجودة بأسعار تنافسية، مما يضمن نجاح مؤسستك في سوق تجهيزات المطاعم والمطابخ.
افران بيتزا حطب
أفران تعمل بالحطب حيث يتم طهي البيتزا باستخدام الخشب كمصدر أساسي للحرارة
عرض المزيد
شوايات حطب
تُعد الشوايات الخشبية إضافة مميزة لمطابخ المطاعم، حيث تقدم نكهة لا مثيل لها وتنوعاً كبيراً في الطهي. تستخدم هذه الشوايات...
عرض المزيد
شوايات دوارة مميزة
تعد الشوايات الدوارة من شركة الوستيل الخيار الأمثل للمطاعم والفنادق التي تسعى لتقديم أطباق مشوية عالية الجودة. بفضل تصميمها...
عرض المزيد
فرن بطاطس كومبير
فرن بطاطس كومبير
عرض المزيد
فرن عيش
فرن عيش
عرض المزيد
فرن تدخين
فرن تدخين
عرض المزيد
شواية فراخ كهرباء
شواية فراخ كهرباء
عرض المزيد
هل تبحث عن خدمات احترافية من اجل شركتك؟
تواصل معنا",11
https://alusteel.net/المنتجات/خطوط-متعادل-الوستيل/تروليات-خدمة,المنتجات,تروليات خدمة | الوستيل لتجهيزات المطابخ والفنادق والمطاعم,,ترولليات خدمة عالية الجودة والمتانة من الوستيل,"تروليات خدمة
الرئيسية
المنتجات
خطوط متعادل الوستيل
تروليات خدمة
وصف تروليات خدمة
ترولليات خدمة عالية الجودة والمتانة من الوستيل
اذا كنت ترغب فى مواصفات خاصة او الاطلاع على كامل المجموعة
اتصل بنا
تروللى خدمة إستانلس ستيل 3رف
SIZE : 900mm * 600mm * 900mm
المواصفات العامة :
1- مصنع من الأستانلس ستيل بالكامل.
2- الأرفف سمك 1.5 مم.
3- متحرك على أربع عجلات منها 2 بفرامل.
TT-3LAYERS
المنتجات الجديدة
تقدم شركة الوستيل مجموعة متميزة من معدات الطبخ عالية الجودة للمطاعم والفنادق، تشمل المقالي العميقة المدمجة والمجموعات الكاملة. تُعد هذه المعدات أساسية لتعزيز الكفاءة والسمعة، حيث نقدم منتجات تتماشى مع أعلى معايير الجودة بأسعار تنافسية، مما يضمن نجاح مؤسستك في سوق تجهيزات المطاعم والمطابخ.
افران بيتزا حطب
أفران تعمل بالحطب حيث يتم طهي البيتزا باستخدام الخشب كمصدر أساسي للحرارة
عرض المزيد
شوايات حطب
تُعد الشوايات الخشبية إضافة مميزة لمطابخ المطاعم، حيث تقدم نكهة لا مثيل لها وتنوعاً كبيراً في الطهي. تستخدم هذه الشوايات...
عرض المزيد
شوايات دوارة مميزة
تعد الشوايات الدوارة من شركة الوستيل الخيار الأمثل للمطاعم والفنادق التي تسعى لتقديم أطباق مشوية عالية الجودة. بفضل تصميمها...
عرض المزيد
فرن بطاطس كومبير
فرن بطاطس كومبير
عرض المزيد
فرن عيش
فرن عيش
عرض المزيد
فرن تدخين
فرن تدخين
عرض المزيد
شواية فراخ كهرباء
شواية فراخ كهرباء
عرض المزيد
هل تبحث عن خدمات احترافية من اجل شركتك؟
تواصل معنا",11
https://alusteel.net/المنتجات/خطوط-متعادل-الوستيل/ترابيزات-خدمة,المنتجات,ترابيزات خدمة | الوستيل لتجهيزات المطابخ والفنادق والمطاعم,,ترابيزات خدمة عالية الجودة والمتانة من الوستيل,"ترابيزات خدمة
الرئيسية
المنتجات
خطوط متعادل الوستيل
ترابيزات خدمة
وصف ترابيزات خدمة
ترابيزات خدمة عالية الجودة والمتانة من الوستيل
اذا كنت ترغب فى مواصفات خاصة او الاطلاع على كامل المجموعة
اتصل بنا
تربيزة خدمة إستانلس بمرايا خلفية ورف سفلى
SIZE : 1400 mm * 700mm *850mm
المواصفات العامة :
1- مصنعة من الأستانلس ستيل 304.
2-القرصة العلوية سمك 1.5مم مع دعامات أسفلها
صناعة الوستيل للتجارة والهندسة
WT-140CM
المنتجات الجديدة
تقدم شركة الوستيل مجموعة متميزة من معدات الطبخ عالية الجودة للمطاعم والفنادق، تشمل المقالي العميقة المدمجة والمجموعات الكاملة. تُعد هذه المعدات أساسية لتعزيز الكفاءة والسمعة، حيث نقدم منتجات تتماشى مع أعلى معايير الجودة بأسعار تنافسية، مما يضمن نجاح مؤسستك في سوق تجهيزات المطاعم والمطابخ.
افران بيتزا حطب
أفران تعمل بالحطب حيث يتم طهي البيتزا باستخدام الخشب كمصدر أساسي للحرارة
عرض المزيد
شوايات حطب
تُعد الشوايات الخشبية إضافة مميزة لمطابخ المطاعم، حيث تقدم نكهة لا مثيل لها وتنوعاً كبيراً في الطهي. تستخدم هذه الشوايات...
عرض المزيد
شوايات دوارة مميزة
تعد الشوايات الدوارة من شركة الوستيل الخيار الأمثل للمطاعم والفنادق التي تسعى لتقديم أطباق مشوية عالية الجودة. بفضل تصميمها...
عرض المزيد
فرن بطاطس كومبير
فرن بطاطس كومبير
عرض المزيد
فرن عيش
فرن عيش
عرض المزيد
فرن تدخين
فرن تدخين
عرض المزيد
شواية فراخ كهرباء
شواية فراخ كهرباء
عرض المزيد
هل تبحث عن خدمات احترافية من اجل شركتك؟
تواصل معنا",17
https://alusteel.net/المنتجات/خطوط-متعادل-الوستيل/ارفف,المنتجات,ارفف | الوستيل لتجهيزات المطابخ والفنادق والمطاعم,,ارفف وحوامل عالية الجودة والمتانة من الوستيل,"ارفف
الرئيسية
المنتجات
خطوط متعادل الوستيل
ارفف
وصف ارفف
ارفف وحوامل عالية الجودة والمتانة من الوستيل
اذا كنت ترغب فى مواصفات خاصة او الاطلاع على كامل المجموعة
اتصل بنا
رف حائطى من الإستانلس
SIZE : 1000mm * 300mm *40mm
المواصفات العامة :
1- مصنع من الأستانلس ستيل 304.
2-القرصة العلوية سمك 1.5مم مع دعامة أسفلها
وعدد 2 كابولى
صناعة الوستيل للتجارة والهندسة
WS-100CM
وحدة أرفف أستانلس مخرمة تحتوي على عدد 4 رف
SIZE : 900cm*40cm*180cm
المواصفات العامة :
1- الوحدة مصنعة من الأستانلس ستيل بالكامل.
2-الأرفف سمك 1.25مم مخرمة CNC.
3- أرجل ضبط المستوى.
U-4SH
المنتجات الجديدة
تقدم شركة الوستيل مجموعة متميزة من معدات الطبخ عالية الجودة للمطاعم والفنادق، تشمل المقالي العميقة المدمجة والمجموعات الكاملة. تُعد هذه المعدات أساسية لتعزيز الكفاءة والسمعة، حيث نقدم منتجات تتماشى مع أعلى معايير الجودة بأسعار تنافسية، مما يضمن نجاح مؤسستك في سوق تجهيزات المطاعم والمطابخ.
افران بيتزا حطب
أفران تعمل بالحطب حيث يتم طهي البيتزا باستخدام الخشب كمصدر أساسي للحرارة
عرض المزيد
شوايات حطب
تُعد الشوايات الخشبية إضافة مميزة لمطابخ المطاعم، حيث تقدم نكهة لا مثيل لها وتنوعاً كبيراً في الطهي. تستخدم هذه الشوايات...
عرض المزيد
شوايات دوارة مميزة
تعد الشوايات الدوارة من شركة الوستيل الخيار الأمثل للمطاعم والفنادق التي تسعى لتقديم أطباق مشوية عالية الجودة. بفضل تصميمها...
عرض المزيد
فرن بطاطس كومبير
فرن بطاطس كومبير
عرض المزيد
فرن عيش
فرن عيش
عرض المزيد
فرن تدخين
فرن تدخين
عرض المزيد
شواية فراخ كهرباء
شواية فراخ كهرباء
عرض المزيد
هل تبحث عن خدمات احترافية من اجل شركتك؟
تواصل معنا",10
https://alusteel.net/المنتجات/خطوط-متعادل-الوستيل/اهواد-الشفط,المنتجات,اهواد الشفط | الوستيل لتجهيزات المطابخ والفنادق والمطاعم,,اهواد الشفط عالية الجودة والمتانة من الوستيل,"اهواد الشفط
الرئيسية
المنتجات
خطوط متعادل الوستيل
اهواد الشفط
وصف اهواد الشفط
اهواد الشفط عالية الجودة والمتانة من الوستيل
اذا كنت ترغب فى مواصفات خاصة او الاطلاع على كامل المجموعة
اتصل بنا
هود سحب ابخرة مصنع من الاستنلس استيل
ابعاد 100*100*50سم
مع فلاتر استنلس وصفاية الزيت
بدون التمديدات والمراوح
K H-
المنتجات الجديدة
تقدم شركة الوستيل مجموعة متميزة من معدات الطبخ عالية الجودة للمطاعم والفنادق، تشمل المقالي العميقة المدمجة والمجموعات الكاملة. تُعد هذه المعدات أساسية لتعزيز الكفاءة والسمعة، حيث نقدم منتجات تتماشى مع أعلى معايير الجودة بأسعار تنافسية، مما يضمن نجاح مؤسستك في سوق تجهيزات المطاعم والمطابخ.
افران بيتزا حطب
أفران تعمل بالحطب حيث يتم طهي البيتزا باستخدام الخشب كمصدر أساسي للحرارة
عرض المزيد
شوايات حطب
تُعد الشوايات الخشبية إضافة مميزة لمطابخ المطاعم، حيث تقدم نكهة لا مثيل لها وتنوعاً كبيراً في الطهي. تستخدم هذه الشوايات...
عرض المزيد
شوايات دوارة مميزة
تعد الشوايات الدوارة من شركة الوستيل الخيار الأمثل للمطاعم والفنادق التي تسعى لتقديم أطباق مشوية عالية الجودة. بفضل تصميمها...
عرض المزيد
فرن بطاطس كومبير
فرن بطاطس كومبير
عرض المزيد
فرن عيش
فرن عيش
عرض المزيد
فرن تدخين
فرن تدخين
عرض المزيد
شواية فراخ كهرباء
شواية فراخ كهرباء
عرض المزيد
هل تبحث عن خدمات احترافية من اجل شركتك؟
تواصل معنا",17
https://alusteel.net/المنتجات/خطوط-متعادل-الوستيل/احواض,المنتجات,احواض | الوستيل لتجهيزات المطابخ والفنادق والمطاعم,,احواض غسيل مطبح عالية الجودة والمتانة من الوستيل,"احواض
الرئيسية
المنتجات
خطوط متعادل الوستيل
احواض
وصف احواض
احواض غسيل مطبح عالية الجودة والمتانة من الوستيل
اذا كنت ترغب فى مواصفات خاصة او الاطلاع على كامل المجموعة
اتصل بنا
حوض غسيل واحد عين إستانلس ستيل 304 وشيكال من اسفل
SIZE : 1400mm * 700mm *850mm
المواصفات العامة :
1- مصنعة من الأستانلس ستيل بالكامل304
2-القرصة العلوية سمك 1.5مم مع دعامات أسفلها سمك 1.5 مم
3-الأرجل مواسير مربعة 4*4سم من الاستنلس استيل .
4- كعوب رجلاش لضبط المستوى من pvc .
5- العين مقاس50 سم * 50 سم* 30سم مستوردة .
6-جميع اللحامات بالارجون حسب اصول الصناعة .
7-- مراية خلفية بإرتفاع لا يقل عن 100 مم .
ST-1B
حوض إستانلس ستيل 2 عين مع شفة خلفية.
SIZE : 1500mm * 700mm * 850m
المواصفات العامة :
1- مصنعة من الأستانلس ستيل بالكامل304
2-القرصة العلوية سمك 1.5مم مع دعامات أسفلها سمك 1.5 مم
3-الأرجل مواسير مربعة 4*4سم من الاستنلس استيل .
4- كعوب رجلاش لضبط المستوى من pvc .
5- العين مقاس50 سم * 50 سم* 30سم مستوردة .
6-جميع اللحامات بالارجون حسب اصول الصناعة .
7-- مراية خلفية بإرتفاع لا يقل عن 100 مم .
ST-2B
المنتجات الجديدة
تقدم شركة الوستيل مجموعة متميزة من معدات الطبخ عالية الجودة للمطاعم والفنادق، تشمل المقالي العميقة المدمجة والمجموعات الكاملة. تُعد هذه المعدات أساسية لتعزيز الكفاءة والسمعة، حيث نقدم منتجات تتماشى مع أعلى معايير الجودة بأسعار تنافسية، مما يضمن نجاح مؤسستك في سوق تجهيزات المطاعم والمطابخ.
افران بيتزا حطب
أفران تعمل بالحطب حيث يتم طهي البيتزا باستخدام الخشب كمصدر أساسي للحرارة
عرض المزيد
شوايات حطب
تُعد الشوايات الخشبية إضافة مميزة لمطابخ المطاعم، حيث تقدم نكهة لا مثيل لها وتنوعاً كبيراً في الطهي. تستخدم هذه الشوايات...
عرض المزيد
شوايات دوارة مميزة
تعد الشوايات الدوارة من شركة الوستيل الخيار الأمثل للمطاعم والفنادق التي تسعى لتقديم أطباق مشوية عالية الجودة. بفضل تصميمها...
عرض المزيد
فرن بطاطس كومبير
فرن بطاطس كومبير
عرض المزيد
فرن عيش
فرن عيش
عرض المزيد
فرن تدخين
فرن تدخين
عرض المزيد
شواية فراخ كهرباء
شواية فراخ كهرباء
عرض المزيد
هل تبحث عن خدمات احترافية من اجل شركتك؟
تواصل معنا",19
https://alusteel.net/المنتجات/منتجات-متميزة,المنتجات,منتجات متميزة | الوستيل لتجهيزات المطابخ والفنادق والمطاعم,,,"منتجات متميزة
الرئيسية
المنتجات
منتجات متميزة
All
افران بيتزا حطب
شوايات حطب
شوايات دوارة مميزة
فرن بطاطس كومبير
فرن عيش
فرن تدخين
شواية فراخ كهرباء
افران بيتزا حطب
أفران تعمل بالحطب حيث يتم طهي البيتزا باستخدام الخشب كمصدر أساسي للحرارة
شوايات حطب
تُعد الشوايات الخشبية إضافة مميزة لمطابخ المطاعم، حيث تقدم نكهة لا مثيل لها وتنوعاً كبيراً في الطهي....
شوايات دوارة مميزة
تعد الشوايات الدوارة من شركة الوستيل الخيار الأمثل للمطاعم والفنادق التي تسعى لتقديم أطباق مشوية عالية...
فرن بطاطس كومبير
فرن بطاطس كومبير
فرن عيش
فرن عيش
فرن تدخين
فرن تدخين
شواية فراخ كهرباء
شواية فراخ كهرباء
هل تبحث عن خدمات احترافية من اجل شركتك؟
تواصل معنا",7
https://alusteel.net/المنتجات/منتجات-متميزة/افران-بيتزا-حطب,المنتجات,افران بيتزا حطب | الوستيل لتجهيزات المطابخ والفنادق والمطاعم,,عجانات ايطالي  عالية الجودة والمتانة من الوستيل,"افران بيتزا حطب
الرئيسية
المنتجات
منتجات متميزة
افران بيتزا حطب
وصف افران بيتزا حطب
تُسمى أيضًا أحيانًا فرن الطوب، وهي أفران تعمل بالحطب حيث يتم طهي البيتزا باستخدام الخشب كمصدر أساسي للحرارة. تعمل نار الحطب في نهاية المطاف على تسخين الطوب داخل الفرن، مما يؤدي إلى طهي البيتزا تحته.
فيما يتعلق بالخشب، تستخدم أفران الحطب الخشب الصلب المجفف مثل خشب القيقب والبلوط والجوز والجوز لإنتاج أفضل لهب ودخان. هذه الأنواع من الخشب تحرق أنظف الدخان وتنتج أفضل النكهات.
بمجرد تسخينها بالكامل، تصل البيتزا المطهوة على الخشب إلى درجات حرارة تتراوح من 750 درجة إلى 850 درجة فهرنهايت. تسمح هذه الحرارة الحارقة بطهي الفطيرة بسرعة كبيرة تتراوح من 2 إلى 3 دقائق. الحرارة الهائلة هي أيضًا سبب تفحم القشرة.
اتصل بنا
افران بيتزا حطب
المنتجات الجديدة
تقدم شركة الوستيل مجموعة متميزة من معدات الطبخ عالية الجودة للمطاعم والفنادق، تشمل المقالي العميقة المدمجة والمجموعات الكاملة. تُعد هذه المعدات أساسية لتعزيز الكفاءة والسمعة، حيث نقدم منتجات تتماشى مع أعلى معايير الجودة بأسعار تنافسية، مما يضمن نجاح مؤسستك في سوق تجهيزات المطاعم والمطابخ.
افران بيتزا حطب
أفران تعمل بالحطب حيث يتم طهي البيتزا باستخدام الخشب كمصدر أساسي للحرارة
عرض المزيد
شوايات حطب
تُعد الشوايات الخشبية إضافة مميزة لمطابخ المطاعم، حيث تقدم نكهة لا مثيل لها وتنوعاً كبيراً في الطهي. تستخدم هذه الشوايات...
عرض المزيد
شوايات دوارة مميزة
تعد الشوايات الدوارة من شركة الوستيل الخيار الأمثل للمطاعم والفنادق التي تسعى لتقديم أطباق مشوية عالية الجودة. بفضل تصميمها...
عرض المزيد
فرن بطاطس كومبير
فرن بطاطس كومبير
عرض المزيد
فرن عيش
فرن عيش
عرض المزيد
فرن تدخين
فرن تدخين
عرض المزيد
شواية فراخ كهرباء
شواية فراخ كهرباء
عرض المزيد
هل تبحث عن خدمات احترافية من اجل شركتك؟
تواصل معنا",12
https://alusteel.net/المنتجات/منتجات-متميزة/شوايات-حطب,المنتجات,شوايات حطب | الوستيل لتجهيزات المطابخ والفنادق والمطاعم,,تُعد الشوايات الخشبية إضافة مميزة لمطابخ المطاعم، حيث تقدم نكهة لا مثيل لها وتنوعاً كبيراً في الطهي. تستخدم هذه الشوايات أخشاباً صلبة مثل البلوط والجوز والمسكيت التي تحترق عند درجات حرارة عالية، مما يضفي على الطعام نكهات مدخنة غنية يصعب تقليدها بطرق الشواء الأخرى.,"شوايات حطب
الرئيسية
المنتجات
منتجات متميزة
شوايات حطب
وصف شوايات حطب
تُعد الشوايات الخشبية إضافة مميزة لمطابخ المطاعم، حيث تقدم نكهة لا مثيل لها وتنوعاً كبيراً في الطهي. تستخدم هذه الشوايات أخشاباً صلبة مثل البلوط والجوز والمسكيت التي تحترق عند درجات حرارة عالية، مما يضفي على الطعام نكهات مدخنة غنية يصعب تقليدها بطرق الشواء الأخرى.
الميزات الرئيسية:
النكهة الأصيلة
: يتغلغل الدخان الخشبي في الطعام، مما يعزز طعمه الطبيعي بلمسات مدخنة عميقة.
أداء عالي الحرارة
: قادرة على الوصول إلى درجات حرارة عالية مثالية لتسيير اللحوم وتحقيق القشرة المثالية. هذه الحرارة العالية تدعم مجموعة متنوعة من تقنيات الطهي، من التدخين البطيء إلى الشواء العالي الحرارة.
التنوع
: مناسبة لطهي مجموعة متنوعة من الأطعمة، حيث تتفوق في طهي كل شيء من اللحوم والخضروات إلى البيتزا والخبز الحرفي.
طريقة الطهي التقليدية
: تتبنى تقاليد الشواء الخشبي القديم، مما يوفر تجربة طهي أصيلة تربط الطهاة بالممارسات الطهوية الريفية.
البناء والتصميم:
مواد متينة
: مصنوعة من مواد قوية مثل الفولاذ المقاوم للصدأ أو الحديد الزهر، مصممة لتحمل درجات الحرارة العالية والاستخدام المتكرر.
صندوق النار الفعال
: مصمم لحمل الخشب والتحكم في تدفق الهواء، مما يساعد في الحفاظ على درجات حرارة طهي ثابتة.
شبكات الطهي الثقيلة
: تضمن الاحتفاظ الممتاز بالحرارة وتوزيعها، وهو أمر ضروري لتحقيق نتائج طهي متسقة.
أنواع الشوايات الخشبية:
شوايات الفحم مع الخشب
: تستخدم الفحم بشكل أساسي، ولكن يمكن إضافة قطع أو رقائق الخشب لتعزيز النكهة المدخنة.
الشوايات المخصصة للخشب
: مصممة خصيصاً للخشب كمصدر الوقود الرئيسي، تحتوي على صناديق نيران أكبر وبنية قوية لتحمل الحرارة الشديدة.
أفران البيتزا الخشبية
: مثالية للمطابخ التجارية، تطهو البيتزا عند درجات حرارة عالية، مما يوفر قشرة مقرمشة ونكهة مدخنة مميزة.
نصائح للمطابخ التجارية:
اختيار الخشب المناسب
: تضفي الأخشاب المختلفة نكهات فريدة؛ يقدم البلوط نكهة مدخنة قوية، بينما تقدم الأخشاب الفاكهية مثل التفاح والكرز طعماً أحلى وأخف.
إدارة درجة الحرارة
: إتقان التحكم في النار وتدفق الهواء هو المفتاح للحفاظ على درجات حرارة الطهي المطلوبة؛ استخدم المخمدات والفتحات بفعالية.
إجراءات السلامة
: تأكد من أن الشواية موجودة على سطح غير قابل للاشتعال، بعيداً عن المواد القابلة للاشتعال، واستخدم الأدوات المناسبة والقفازات المقاومة للحرارة.
المنتجات الجديدة
تقدم شركة الوستيل مجموعة متميزة من معدات الطبخ عالية الجودة للمطاعم والفنادق، تشمل المقالي العميقة المدمجة والمجموعات الكاملة. تُعد هذه المعدات أساسية لتعزيز الكفاءة والسمعة، حيث نقدم منتجات تتماشى مع أعلى معايير الجودة بأسعار تنافسية، مما يضمن نجاح مؤسستك في سوق تجهيزات المطاعم والمطابخ.
افران بيتزا حطب
أفران تعمل بالحطب حيث يتم طهي البيتزا باستخدام الخشب كمصدر أساسي للحرارة
عرض المزيد
شوايات حطب
تُعد الشوايات الخشبية إضافة مميزة لمطابخ المطاعم، حيث تقدم نكهة لا مثيل لها وتنوعاً كبيراً في الطهي. تستخدم هذه الشوايات...
عرض المزيد
شوايات دوارة مميزة
تعد الشوايات الدوارة من شركة الوستيل الخيار الأمثل للمطاعم والفنادق التي تسعى لتقديم أطباق مشوية عالية الجودة. بفضل تصميمها...
عرض المزيد
فرن بطاطس كومبير
فرن بطاطس كومبير
عرض المزيد
فرن عيش
فرن عيش
عرض المزيد
فرن تدخين
فرن تدخين
عرض المزيد
شواية فراخ كهرباء
شواية فراخ كهرباء
عرض المزيد
هل تبحث عن خدمات احترافية من اجل شركتك؟
تواصل معنا",8
https://alusteel.net/المنتجات/منتجات-متميزة/شوايات-دوارة-مميزة,المنتجات,شوايات دوارة مميزة | الوستيل لتجهيزات المطابخ والفنادق والمطاعم,,تعد الشوايات الدوارة من شركة الوستيل الخيار الأمثل للمطاعم والفنادق التي تسعى لتقديم أطباق مشوية عالية الجودة. بفضل تصميمها المتين وتقنياتها المتطورة، تضمن الشوايات الدوارة طهي اللحوم والدواجن بالتساوي، مما يمنحها نكهة شهية ومظهرًا جذابًا.,"شوايات دوارة مميزة
الرئيسية
المنتجات
منتجات متميزة
شوايات دوارة مميزة
وصف شوايات دوارة مميزة
تعد الشوايات الدوارة من شركة الوستيل الخيار الأمثل للمطاعم والفنادق التي تسعى لتقديم أطباق مشوية عالية الجودة. بفضل تصميمها المتين وتقنياتها المتطورة، تضمن الشوايات الدوارة طهي اللحوم والدواجن بالتساوي، مما يمنحها نكهة شهية ومظهرًا جذابًا.
تتميز هذه الشوايات بسهولة الاستخدام والتنظيف، مما يجعلها مثالية للاستخدام اليومي المكثف. كما أنها مزودة بنظام تحكم حراري دقيق يتيح للطهاة ضبط درجة الحرارة المثلى لطهي مختلف أنواع اللحوم بدقة وفعالية.
توفر شركة الوستيل مجموعة متنوعة من الشوايات الدوارة بأحجام ومواصفات مختلفة لتناسب احتياجات المطاعم والفنادق الكبيرة والصغيرة على حد سواء. تعتمد هذه الشوايات على مواد عالية الجودة تضمن متانة واستدامة طويلة الأمد، مما يجعلها استثمارًا حكيمًا لأصحاب الأعمال في قطاع الضيافة.
تجمع شوايات الوستيل بين الأداء المتميز والتصميم الأنيق، مما يسهم في تحسين كفاءة المطبخ وزيادة رضا العملاء عن الأطباق المقدمة. بالإضافة إلى ذلك، تقدم الشركة خدمة دعم ما بعد البيع لضمان رضا العملاء وتلبية احتياجاتهم المستمرة.
المنتجات الجديدة
تقدم شركة الوستيل مجموعة متميزة من معدات الطبخ عالية الجودة للمطاعم والفنادق، تشمل المقالي العميقة المدمجة والمجموعات الكاملة. تُعد هذه المعدات أساسية لتعزيز الكفاءة والسمعة، حيث نقدم منتجات تتماشى مع أعلى معايير الجودة بأسعار تنافسية، مما يضمن نجاح مؤسستك في سوق تجهيزات المطاعم والمطابخ.
افران بيتزا حطب
أفران تعمل بالحطب حيث يتم طهي البيتزا باستخدام الخشب كمصدر أساسي للحرارة
عرض المزيد
شوايات حطب
تُعد الشوايات الخشبية إضافة مميزة لمطابخ المطاعم، حيث تقدم نكهة لا مثيل لها وتنوعاً كبيراً في الطهي. تستخدم هذه الشوايات...
عرض المزيد
شوايات دوارة مميزة
تعد الشوايات الدوارة من شركة الوستيل الخيار الأمثل للمطاعم والفنادق التي تسعى لتقديم أطباق مشوية عالية الجودة. بفضل تصميمها...
عرض المزيد
فرن بطاطس كومبير
فرن بطاطس كومبير
عرض المزيد
فرن عيش
فرن عيش
عرض المزيد
فرن تدخين
فرن تدخين
عرض المزيد
شواية فراخ كهرباء
شواية فراخ كهرباء
عرض المزيد
هل تبحث عن خدمات احترافية من اجل شركتك؟
تواصل معنا",8
https://alusteel.net/المنتجات/منتجات-متميزة/فرن-بطاطس-كومبير,المنتجات,فرن بطاطس كومبير | الوستيل لتجهيزات المطابخ والفنادق والمطاعم,,,"فرن بطاطس كومبير
الرئيسية
المنتجات
منتجات متميزة
فرن بطاطس كومبير
وصف فرن بطاطس كومبير
الابعاد:  50*60
الوصف:
الفرن يعمل بالغاز .. السعة 3 درج
الفرن بالكامل معزول عزل حرارى
الفرن به كابينة تخزين البطاطس
الفرن بالكامل مدهون بالالكتروستاتيك
المنتجات الجديدة
تقدم شركة الوستيل مجموعة متميزة من معدات الطبخ عالية الجودة للمطاعم والفنادق، تشمل المقالي العميقة المدمجة والمجموعات الكاملة. تُعد هذه المعدات أساسية لتعزيز الكفاءة والسمعة، حيث نقدم منتجات تتماشى مع أعلى معايير الجودة بأسعار تنافسية، مما يضمن نجاح مؤسستك في سوق تجهيزات المطاعم والمطابخ.
افران بيتزا حطب
أفران تعمل بالحطب حيث يتم طهي البيتزا باستخدام الخشب كمصدر أساسي للحرارة
عرض المزيد
شوايات حطب
تُعد الشوايات الخشبية إضافة مميزة لمطابخ المطاعم، حيث تقدم نكهة لا مثيل لها وتنوعاً كبيراً في الطهي. تستخدم هذه الشوايات...
عرض المزيد
شوايات دوارة مميزة
تعد الشوايات الدوارة من شركة الوستيل الخيار الأمثل للمطاعم والفنادق التي تسعى لتقديم أطباق مشوية عالية الجودة. بفضل تصميمها...
عرض المزيد
فرن بطاطس كومبير
فرن بطاطس كومبير
عرض المزيد
فرن عيش
فرن عيش
عرض المزيد
فرن تدخين
فرن تدخين
عرض المزيد
شواية فراخ كهرباء
شواية فراخ كهرباء
عرض المزيد
هل تبحث عن خدمات احترافية من اجل شركتك؟
تواصل معنا",8
https://alusteel.net/المنتجات/منتجات-متميزة/فرن-عيش,المنتجات,فرن عيش | الوستيل لتجهيزات المطابخ والفنادق والمطاعم,,,"فرن عيش
الرئيسية
المنتجات
منتجات متميزة
فرن عيش
المنتجات الجديدة
تقدم شركة الوستيل مجموعة متميزة من معدات الطبخ عالية الجودة للمطاعم والفنادق، تشمل المقالي العميقة المدمجة والمجموعات الكاملة. تُعد هذه المعدات أساسية لتعزيز الكفاءة والسمعة، حيث نقدم منتجات تتماشى مع أعلى معايير الجودة بأسعار تنافسية، مما يضمن نجاح مؤسستك في سوق تجهيزات المطاعم والمطابخ.
افران بيتزا حطب
أفران تعمل بالحطب حيث يتم طهي البيتزا باستخدام الخشب كمصدر أساسي للحرارة
عرض المزيد
شوايات حطب
تُعد الشوايات الخشبية إضافة مميزة لمطابخ المطاعم، حيث تقدم نكهة لا مثيل لها وتنوعاً كبيراً في الطهي. تستخدم هذه الشوايات...
عرض المزيد
شوايات دوارة مميزة
تعد الشوايات الدوارة من شركة الوستيل الخيار الأمثل للمطاعم والفنادق التي تسعى لتقديم أطباق مشوية عالية الجودة. بفضل تصميمها...
عرض المزيد
فرن بطاطس كومبير
فرن بطاطس كومبير
عرض المزيد
فرن عيش
فرن عيش
عرض المزيد
فرن تدخين
فرن تدخين
عرض المزيد
شواية فراخ كهرباء
شواية فراخ كهرباء
عرض المزيد
هل تبحث عن خدمات احترافية من اجل شركتك؟
تواصل معنا",7
https://alusteel.net/المنتجات/منتجات-متميزة/فرن-تدخين,المنتجات,فرن تدخين | الوستيل لتجهيزات المطابخ والفنادق والمطاعم,,,"فرن تدخين
الرئيسية
المنتجات
منتجات متميزة
فرن تدخين
وصف فرن تدخين
الوصف :
مصنع من الصاج المدهون
سمك 3 مم
معزول من الحرارة
مزود بعدد 4 رف داخلى
مزود بعداد حرارى
مزود بدرج للحطب
على رجلاش
الاستخدام :
تسوية اللحوم على الحطب
المنتجات الجديدة
تقدم شركة الوستيل مجموعة متميزة من معدات الطبخ عالية الجودة للمطاعم والفنادق، تشمل المقالي العميقة المدمجة والمجموعات الكاملة. تُعد هذه المعدات أساسية لتعزيز الكفاءة والسمعة، حيث نقدم منتجات تتماشى مع أعلى معايير الجودة بأسعار تنافسية، مما يضمن نجاح مؤسستك في سوق تجهيزات المطاعم والمطابخ.
افران بيتزا حطب
أفران تعمل بالحطب حيث يتم طهي البيتزا باستخدام الخشب كمصدر أساسي للحرارة
عرض المزيد
شوايات حطب
تُعد الشوايات الخشبية إضافة مميزة لمطابخ المطاعم، حيث تقدم نكهة لا مثيل لها وتنوعاً كبيراً في الطهي. تستخدم هذه الشوايات...
عرض المزيد
شوايات دوارة مميزة
تعد الشوايات الدوارة من شركة الوستيل الخيار الأمثل للمطاعم والفنادق التي تسعى لتقديم أطباق مشوية عالية الجودة. بفضل تصميمها...
عرض المزيد
فرن بطاطس كومبير
فرن بطاطس كومبير
عرض المزيد
فرن عيش
فرن عيش
عرض المزيد
فرن تدخين
فرن تدخين
عرض المزيد
شواية فراخ كهرباء
شواية فراخ كهرباء
عرض المزيد
هل تبحث عن خدمات احترافية من اجل شركتك؟
تواصل معنا",7
https://alusteel.net/المنتجات/منتجات-متميزة/شواية-فراخ-كهرباء,المنتجات,شواية فراخ كهرباء | الوستيل لتجهيزات المطابخ والفنادق والمطاعم,,,"شواية فراخ كهرباء
الرئيسية
المنتجات
منتجات متميزة
شواية فراخ كهرباء
وصف شواية فراخ كهرباء
شواية فراخ كهرباء
الابعاد اوفر كونتر : 120*60*120
الابعاد باستاند : 120*60*180
الوصف :
ماتور كهربي و مخفض سرعات يعمل على كهرباء 3 فاز
تعدد الاسياخ داخل الشواية 4 او 6 او 8 سيخ
باب زجاجي من الامام لمتابعة التسوية
امكانية وضعها اوفر كونتر او تصنيعها على استاند
المنتجات الجديدة
تقدم شركة الوستيل مجموعة متميزة من معدات الطبخ عالية الجودة للمطاعم والفنادق، تشمل المقالي العميقة المدمجة والمجموعات الكاملة. تُعد هذه المعدات أساسية لتعزيز الكفاءة والسمعة، حيث نقدم منتجات تتماشى مع أعلى معايير الجودة بأسعار تنافسية، مما يضمن نجاح مؤسستك في سوق تجهيزات المطاعم والمطابخ.
افران بيتزا حطب
أفران تعمل بالحطب حيث يتم طهي البيتزا باستخدام الخشب كمصدر أساسي للحرارة
عرض المزيد
شوايات حطب
تُعد الشوايات الخشبية إضافة مميزة لمطابخ المطاعم، حيث تقدم نكهة لا مثيل لها وتنوعاً كبيراً في الطهي. تستخدم هذه الشوايات...
عرض المزيد
شوايات دوارة مميزة
تعد الشوايات الدوارة من شركة الوستيل الخيار الأمثل للمطاعم والفنادق التي تسعى لتقديم أطباق مشوية عالية الجودة. بفضل تصميمها...
عرض المزيد
فرن بطاطس كومبير
فرن بطاطس كومبير
عرض المزيد
فرن عيش
فرن عيش
عرض المزيد
فرن تدخين
فرن تدخين
عرض المزيد
شواية فراخ كهرباء
شواية فراخ كهرباء
عرض المزيد
هل تبحث عن خدمات احترافية من اجل شركتك؟
تواصل معنا",7
https://alusteel.net/المنتجات/بوفيهات,المنتجات,بوفيهات | الوستيل لتجهيزات المطابخ والفنادق والمطاعم,,,"بوفيهات
الرئيسية
المنتجات
بوفيهات
All
البوفيه ( متعدد الانواع )
البوفيه ( متعدد الانواع )
هل تبحث عن خدمات احترافية من اجل شركتك؟
تواصل معنا",1
https://alusteel.net/المنتجات/بوفيهات/البوفيه-متعدد-الانواع,المنتجات,البوفيه ( متعدد الانواع ) | الوستيل لتجهيزات المطابخ والفنادق والمطاعم,,,"البوفيه ( متعدد الانواع )
الرئيسية
المنتجات
بوفيهات
البوفيه ( متعدد الانواع )
وصف البوفيه ( متعدد الانواع )
1/ بوفيه بارد
2/ بوفيه بارد للسلطات مزود ب 4 جي ان 1/1
3/ بوفيه ساخن 4 حلة
4/ بوفيه متعادل
مواصفاته العامة :
وحدة تبريد ايطالى
قرصة علوية رخام
قرصة سفلية رخام
مدهون حرارى من اسفل الصاج حسب الديكور
مزود من اعلى بسنيز جارد زجاج علوى واضاءه
على عجل 4 بوصة
الابعاد : 230*100*95
المنتجات الجديدة
تقدم شركة الوستيل مجموعة متميزة من معدات الطبخ عالية الجودة للمطاعم والفنادق، تشمل المقالي العميقة المدمجة والمجموعات الكاملة. تُعد هذه المعدات أساسية لتعزيز الكفاءة والسمعة، حيث نقدم منتجات تتماشى مع أعلى معايير الجودة بأسعار تنافسية، مما يضمن نجاح مؤسستك في سوق تجهيزات المطاعم والمطابخ.
افران بيتزا حطب
أفران تعمل بالحطب حيث يتم طهي البيتزا باستخدام الخشب كمصدر أساسي للحرارة
عرض المزيد
شوايات حطب
تُعد الشوايات الخشبية إضافة مميزة لمطابخ المطاعم، حيث تقدم نكهة لا مثيل لها وتنوعاً كبيراً في الطهي. تستخدم هذه الشوايات...
عرض المزيد
شوايات دوارة مميزة
تعد الشوايات الدوارة من شركة الوستيل الخيار الأمثل للمطاعم والفنادق التي تسعى لتقديم أطباق مشوية عالية الجودة. بفضل تصميمها...
عرض المزيد
فرن بطاطس كومبير
فرن بطاطس كومبير
عرض المزيد
فرن عيش
فرن عيش
عرض المزيد
فرن تدخين
فرن تدخين
عرض المزيد
شواية فراخ كهرباء
شواية فراخ كهرباء
عرض المزيد
هل تبحث عن خدمات احترافية من اجل شركتك؟
تواصل معنا",9
https://alusteel.net/المنتجات/خط-سناك,المنتجات,خط سناك | الوستيل لتجهيزات المطابخ والفنادق والمطاعم,,خط انتاج السناك يضم مجموعة من المنتجات التى تخدم مصنعي الوجبات السريعة مصنعة لوضعها اوفر كونتر,"خط سناك
الرئيسية
المنتجات
خط سناك
All
بان مارى كاونتر سعة GN1/1
بوتجاز ستانلس ستيل 2 شعلة كاونتر
شواية جريل سادة  كاونتر
باستا كوكر كهرباء فوق الكاونتر مزودة بمصافى لطهي المكرونة
مسخن بطاطس يعمل لمبات حرارية
قلاية 1 عين كونتر
موقد كهرباء 2 بلاطة دائرة مستديرة كونتر
بان مارى كاونتر سعة GN1/1
بوتجاز ستانلس ستيل 2 شعلة كاونتر
شواية جريل سادة  كاونتر
باستا كوكر كهرباء فوق الكاونتر مزودة بمصافى لطهي المكرونة
مسخن بطاطس يعمل لمبات حرارية
قلاية 1 عين كونتر
موقد كهرباء 2 بلاطة دائرة مستديرة كونتر
هل تبحث عن خدمات احترافية من اجل شركتك؟
تواصل معنا",7
https://alusteel.net/المنتجات/خط-سناك/بان-مارى-كاونتر-سعة-gn1-1,المنتجات,بان مارى كاونتر سعة GN1/1 | الوستيل لتجهيزات المطابخ والفنادق والمطاعم,,,"بان مارى كاونتر سعة GN1/1
الرئيسية
المنتجات
خط سناك
بان مارى كاونتر سعة GN1/1
وصف بان مارى كاونتر سعة GN1/1
بان مارى كاونتر سعة
GN 1/1
الابعاد :
300 *700 *400 مم
المواصفات العامة :
الجسم الداخلى والخارجي من الاستانلس ستيل 304
القرصة حاملة الاوعية من الاستانلس ستيل 304 سماكة 1.5 مم
نظام التسخين :
عنصر تسخين مائي لتسخين الماء المحيط بالأوعية
GN
تحكم فى درجة الحرارة بعدد 1 ثرموستات به امكانية ظبط درجات حرارة التشغيل والايقاف لحماية الاطعمة والسخانات
لمبة بيان و أجهزة وقاية كاملة
المنتجات الجديدة
تقدم شركة الوستيل مجموعة متميزة من معدات الطبخ عالية الجودة للمطاعم والفنادق، تشمل المقالي العميقة المدمجة والمجموعات الكاملة. تُعد هذه المعدات أساسية لتعزيز الكفاءة والسمعة، حيث نقدم منتجات تتماشى مع أعلى معايير الجودة بأسعار تنافسية، مما يضمن نجاح مؤسستك في سوق تجهيزات المطاعم والمطابخ.
افران بيتزا حطب
أفران تعمل بالحطب حيث يتم طهي البيتزا باستخدام الخشب كمصدر أساسي للحرارة
عرض المزيد
شوايات حطب
تُعد الشوايات الخشبية إضافة مميزة لمطابخ المطاعم، حيث تقدم نكهة لا مثيل لها وتنوعاً كبيراً في الطهي. تستخدم هذه الشوايات...
عرض المزيد
شوايات دوارة مميزة
تعد الشوايات الدوارة من شركة الوستيل الخيار الأمثل للمطاعم والفنادق التي تسعى لتقديم أطباق مشوية عالية الجودة. بفضل تصميمها...
عرض المزيد
فرن بطاطس كومبير
فرن بطاطس كومبير
عرض المزيد
فرن عيش
فرن عيش
عرض المزيد
فرن تدخين
فرن تدخين
عرض المزيد
شواية فراخ كهرباء
شواية فراخ كهرباء
عرض المزيد
هل تبحث عن خدمات احترافية من اجل شركتك؟
تواصل معنا",8
https://alusteel.net/المنتجات/خط-سناك/بوتجاز-ستانلس-ستيل-2-شعلة-كاونتر,المنتجات,بوتجاز ستانلس ستيل 2 شعلة كاونتر | الوستيل لتجهيزات المطابخ والفنادق والمطاعم,,,"بوتجاز ستانلس ستيل 2 شعلة كاونتر
الرئيسية
المنتجات
خط سناك
بوتجاز ستانلس ستيل 2 شعلة كاونتر
وصف بوتجاز ستانلس ستيل 2 شعلة كاونتر
الابعاد : 300*700*400 مم
المواصفات :
شاسيه قوي مجهز للخدمة الشاقة
الجسم الخارجى و الداخلى مصنع من الاستانلس ستيل
محمل على ارجل ضبط مستوي استانلس ستيل للخدمة الشاقة
عدد 2 شعلة مع صوانى للدهن
عدد 2 جريلات للشعل زهر مطلى
مفاتيح التشغيل ايطالى الصنع
المنتجات الجديدة
تقدم شركة الوستيل مجموعة متميزة من معدات الطبخ عالية الجودة للمطاعم والفنادق، تشمل المقالي العميقة المدمجة والمجموعات الكاملة. تُعد هذه المعدات أساسية لتعزيز الكفاءة والسمعة، حيث نقدم منتجات تتماشى مع أعلى معايير الجودة بأسعار تنافسية، مما يضمن نجاح مؤسستك في سوق تجهيزات المطاعم والمطابخ.
افران بيتزا حطب
أفران تعمل بالحطب حيث يتم طهي البيتزا باستخدام الخشب كمصدر أساسي للحرارة
عرض المزيد
شوايات حطب
تُعد الشوايات الخشبية إضافة مميزة لمطابخ المطاعم، حيث تقدم نكهة لا مثيل لها وتنوعاً كبيراً في الطهي. تستخدم هذه الشوايات...
عرض المزيد
شوايات دوارة مميزة
تعد الشوايات الدوارة من شركة الوستيل الخيار الأمثل للمطاعم والفنادق التي تسعى لتقديم أطباق مشوية عالية الجودة. بفضل تصميمها...
عرض المزيد
فرن بطاطس كومبير
فرن بطاطس كومبير
عرض المزيد
فرن عيش
فرن عيش
عرض المزيد
فرن تدخين
فرن تدخين
عرض المزيد
شواية فراخ كهرباء
شواية فراخ كهرباء
عرض المزيد
هل تبحث عن خدمات احترافية من اجل شركتك؟
تواصل معنا",8
https://alusteel.net/المنتجات/خط-سناك/شواية-جريل-سادة-كاونتر,المنتجات,شواية جريل سادة  كاونتر | الوستيل لتجهيزات المطابخ والفنادق والمطاعم,,,"شواية جريل سادة  كاونتر
الرئيسية
المنتجات
خط سناك
شواية جريل سادة  كاونتر
وصف شواية جريل سادة  كاونتر
الابعاد : 30*70*70 سم
الجسم :
شاسيه قوي مجهز للخدمة الشاقة
الجسم الخارجي والداخلي مصنع من الاستانلس ستيل
محملة على ارجل ضبط مستوي استانلس ستيل
عدد 1 بلاطة شوي سادة / مضلع من الصلب المجلوخ سمك لايقل عن 20 مم
رف سفلى مصنوع من الاستانلس سمك 1.2 مم
عزل حرارى بالصوف الصخرى عالى الكثافة
مواصفات الغاز :
تسخين عن طريق شعلات ليزر خاصة
امكانية رفع الجريلة بالكامل لاغراض التنظيف والصيانة
نظام امان لغلق الغاز عند انطفاء الشمعة
نظام الاشعال الذاتي
المنتجات الجديدة
تقدم شركة الوستيل مجموعة متميزة من معدات الطبخ عالية الجودة للمطاعم والفنادق، تشمل المقالي العميقة المدمجة والمجموعات الكاملة. تُعد هذه المعدات أساسية لتعزيز الكفاءة والسمعة، حيث نقدم منتجات تتماشى مع أعلى معايير الجودة بأسعار تنافسية، مما يضمن نجاح مؤسستك في سوق تجهيزات المطاعم والمطابخ.
افران بيتزا حطب
أفران تعمل بالحطب حيث يتم طهي البيتزا باستخدام الخشب كمصدر أساسي للحرارة
عرض المزيد
شوايات حطب
تُعد الشوايات الخشبية إضافة مميزة لمطابخ المطاعم، حيث تقدم نكهة لا مثيل لها وتنوعاً كبيراً في الطهي. تستخدم هذه الشوايات...
عرض المزيد
شوايات دوارة مميزة
تعد الشوايات الدوارة من شركة الوستيل الخيار الأمثل للمطاعم والفنادق التي تسعى لتقديم أطباق مشوية عالية الجودة. بفضل تصميمها...
عرض المزيد
فرن بطاطس كومبير
فرن بطاطس كومبير
عرض المزيد
فرن عيش
فرن عيش
عرض المزيد
فرن تدخين
فرن تدخين
عرض المزيد
شواية فراخ كهرباء
شواية فراخ كهرباء
عرض المزيد
هل تبحث عن خدمات احترافية من اجل شركتك؟
تواصل معنا",8
https://alusteel.net/المنتجات/خط-سناك/باستا-كوكر-كهرباء-فوق-الكاونتر-مزودة-بمصافى-لطهي-المكرونة,المنتجات,باستا كوكر كهرباء فوق الكاونتر مزودة بمصافى لطهي المكرونة | الوستيل لتجهيزات المطابخ والفنادق والمطاعم,,,"باستا كوكر كهرباء فوق الكاونتر مزودة بمصافى لطهي المكرونة
الرئيسية
المنتجات
خط سناك
باستا كوكر كهرباء فوق الكاونتر مزودة بمصافى لطهي المكرونة
وصف باستا كوكر كهرباء فوق الكاونتر مزودة بمصافى لطهي المكرونة
الابعاد : 30*70*40 سم
مواصفات الكهرباء :
تسخين عن طريق بطاريات تسخين كهربي ذات تصميم خاص قدرة 7.5 وات للعين
تحكم فى الحرارة لحوض القلى عن طريق ثرموستات 50/180 درجة
بورد مع كل حوض قلي :
عدد 2 باسكت مع الغطاء الاستانلس
المنتجات الجديدة
تقدم شركة الوستيل مجموعة متميزة من معدات الطبخ عالية الجودة للمطاعم والفنادق، تشمل المقالي العميقة المدمجة والمجموعات الكاملة. تُعد هذه المعدات أساسية لتعزيز الكفاءة والسمعة، حيث نقدم منتجات تتماشى مع أعلى معايير الجودة بأسعار تنافسية، مما يضمن نجاح مؤسستك في سوق تجهيزات المطاعم والمطابخ.
افران بيتزا حطب
أفران تعمل بالحطب حيث يتم طهي البيتزا باستخدام الخشب كمصدر أساسي للحرارة
عرض المزيد
شوايات حطب
تُعد الشوايات الخشبية إضافة مميزة لمطابخ المطاعم، حيث تقدم نكهة لا مثيل لها وتنوعاً كبيراً في الطهي. تستخدم هذه الشوايات...
عرض المزيد
شوايات دوارة مميزة
تعد الشوايات الدوارة من شركة الوستيل الخيار الأمثل للمطاعم والفنادق التي تسعى لتقديم أطباق مشوية عالية الجودة. بفضل تصميمها...
عرض المزيد
فرن بطاطس كومبير
فرن بطاطس كومبير
عرض المزيد
فرن عيش
فرن عيش
عرض المزيد
فرن تدخين
فرن تدخين
عرض المزيد
شواية فراخ كهرباء
شواية فراخ كهرباء
عرض المزيد
هل تبحث عن خدمات احترافية من اجل شركتك؟
تواصل معنا",8
https://alusteel.net/المنتجات/خط-سناك/مسخن-بطاطس-يعمل-لمبات-حرارية,المنتجات,مسخن بطاطس يعمل لمبات حرارية | الوستيل لتجهيزات المطابخ والفنادق والمطاعم,,,"مسخن بطاطس يعمل لمبات حرارية
الرئيسية
المنتجات
خط سناك
مسخن بطاطس يعمل لمبات حرارية
وصف مسخن بطاطس يعمل لمبات حرارية
الابعاد :
500*700*50+85
الجسم الخارجي :
مصنع من الاستانلس ستيل
محمل على ارجل ضبط مستوي صغيرة
الجسم الداخلى :
صنية مخرمة مع ميول لتجميع الزيت
درج تجميع زيت اسفل الصينية
العزل الحرارى بالصوف الصخري المغلف بالصاج المجلفن
تسخين عن طريق سخانات خاصة
( قدرة السخان الواحد ) : 2*1 وات مع عدد 1 ثرموستات للتحكم فى الحرارة 30/110 درجة
المنتجات الجديدة
تقدم شركة الوستيل مجموعة متميزة من معدات الطبخ عالية الجودة للمطاعم والفنادق، تشمل المقالي العميقة المدمجة والمجموعات الكاملة. تُعد هذه المعدات أساسية لتعزيز الكفاءة والسمعة، حيث نقدم منتجات تتماشى مع أعلى معايير الجودة بأسعار تنافسية، مما يضمن نجاح مؤسستك في سوق تجهيزات المطاعم والمطابخ.
افران بيتزا حطب
أفران تعمل بالحطب حيث يتم طهي البيتزا باستخدام الخشب كمصدر أساسي للحرارة
عرض المزيد
شوايات حطب
تُعد الشوايات الخشبية إضافة مميزة لمطابخ المطاعم، حيث تقدم نكهة لا مثيل لها وتنوعاً كبيراً في الطهي. تستخدم هذه الشوايات...
عرض المزيد
شوايات دوارة مميزة
تعد الشوايات الدوارة من شركة الوستيل الخيار الأمثل للمطاعم والفنادق التي تسعى لتقديم أطباق مشوية عالية الجودة. بفضل تصميمها...
عرض المزيد
فرن بطاطس كومبير
فرن بطاطس كومبير
عرض المزيد
فرن عيش
فرن عيش
عرض المزيد
فرن تدخين
فرن تدخين
عرض المزيد
شواية فراخ كهرباء
شواية فراخ كهرباء
عرض المزيد
هل تبحث عن خدمات احترافية من اجل شركتك؟
تواصل معنا",8
https://alusteel.net/المنتجات/خط-سناك/قلاية-1-عين-كونتر,المنتجات,قلاية 1 عين كونتر | الوستيل لتجهيزات المطابخ والفنادق والمطاعم,,,"قلاية 1 عين كونتر
الرئيسية
المنتجات
خط سناك
قلاية 1 عين كونتر
وصف قلاية 1 عين كونتر
قلاية 1 عين كونتر
السعة 10 لتر *1
الابعاد 300*700*400
الجسم الخارجي والداخلى من الاستانلس ستيل
مواصفات الكهرباء
تسخين عن طريق بطاريات تسخين كهربى ذات تصميم خاص قدرة 3.5 وات للعين
تحكم فى الحرارة لحوض القلى عن طريق ثرموستات 50*180 درجة
المنتجات الجديدة
تقدم شركة الوستيل مجموعة متميزة من معدات الطبخ عالية الجودة للمطاعم والفنادق، تشمل المقالي العميقة المدمجة والمجموعات الكاملة. تُعد هذه المعدات أساسية لتعزيز الكفاءة والسمعة، حيث نقدم منتجات تتماشى مع أعلى معايير الجودة بأسعار تنافسية، مما يضمن نجاح مؤسستك في سوق تجهيزات المطاعم والمطابخ.
افران بيتزا حطب
أفران تعمل بالحطب حيث يتم طهي البيتزا باستخدام الخشب كمصدر أساسي للحرارة
عرض المزيد
شوايات حطب
تُعد الشوايات الخشبية إضافة مميزة لمطابخ المطاعم، حيث تقدم نكهة لا مثيل لها وتنوعاً كبيراً في الطهي. تستخدم هذه الشوايات...
عرض المزيد
شوايات دوارة مميزة
تعد الشوايات الدوارة من شركة الوستيل الخيار الأمثل للمطاعم والفنادق التي تسعى لتقديم أطباق مشوية عالية الجودة. بفضل تصميمها...
عرض المزيد
فرن بطاطس كومبير
فرن بطاطس كومبير
عرض المزيد
فرن عيش
فرن عيش
عرض المزيد
فرن تدخين
فرن تدخين
عرض المزيد
شواية فراخ كهرباء
شواية فراخ كهرباء
عرض المزيد
هل تبحث عن خدمات احترافية من اجل شركتك؟
تواصل معنا",8
https://alusteel.net/المنتجات/خط-سناك/موقد-كهرباء-2-بلاطة-دائرة-مستديرة-كونتر,المنتجات,موقد كهرباء 2 بلاطة دائرة مستديرة كونتر | الوستيل لتجهيزات المطابخ والفنادق والمطاعم,,,"موقد كهرباء 2 بلاطة دائرة مستديرة كونتر
الرئيسية
المنتجات
خط سناك
موقد كهرباء 2 بلاطة دائرة مستديرة كونتر
وصف موقد كهرباء 2 بلاطة دائرة مستديرة كونتر
الابعاد :  300*700*400
المواصفات :
الجسم مصنع من الاستانلس ستيل
عدد 2 بلاطة المانية الصنع مستديرة قطر 220 مم
كهرباء 220 فولت / 50 هرتز / 1 فاز
مفتاح ثرموستاتي لكل بلاطة المانى الصنع
المنتجات الجديدة
تقدم شركة الوستيل مجموعة متميزة من معدات الطبخ عالية الجودة للمطاعم والفنادق، تشمل المقالي العميقة المدمجة والمجموعات الكاملة. تُعد هذه المعدات أساسية لتعزيز الكفاءة والسمعة، حيث نقدم منتجات تتماشى مع أعلى معايير الجودة بأسعار تنافسية، مما يضمن نجاح مؤسستك في سوق تجهيزات المطاعم والمطابخ.
افران بيتزا حطب
أفران تعمل بالحطب حيث يتم طهي البيتزا باستخدام الخشب كمصدر أساسي للحرارة
عرض المزيد
شوايات حطب
تُعد الشوايات الخشبية إضافة مميزة لمطابخ المطاعم، حيث تقدم نكهة لا مثيل لها وتنوعاً كبيراً في الطهي. تستخدم هذه الشوايات...
عرض المزيد
شوايات دوارة مميزة
تعد الشوايات الدوارة من شركة الوستيل الخيار الأمثل للمطاعم والفنادق التي تسعى لتقديم أطباق مشوية عالية الجودة. بفضل تصميمها...
عرض المزيد
فرن بطاطس كومبير
فرن بطاطس كومبير
عرض المزيد
فرن عيش
فرن عيش
عرض المزيد
فرن تدخين
فرن تدخين
عرض المزيد
شواية فراخ كهرباء
شواية فراخ كهرباء
عرض المزيد
هل تبحث عن خدمات احترافية من اجل شركتك؟
تواصل معنا",8
https://alusteel.net/الفعاليات-والاحداث,الفعاليات-والاحداث,الفعاليات والاحداث | الوستيل لتجهيزات المطابخ والفنادق والمطاعم,,,"الفعاليات والاحداث
الرئيسية
الفعاليات والاحداث
المعارض التى نشارك بها
تشارك الوستيل في المعارض الدولية مثل Cafex وHACE وHORECA وIATF لعرض منتجاتنا المبتكرة من الفولاذ المقاوم للصدأ للمطابخ والمطاعم . تشمل منتجاتنا تجهيزات المطابخ المتينة والأواني ومعدات المطبخ الاحترافية وأنظمة التخزين. نحن نتواصل مع العملاء والمهنيين، ونقدم أحدث الابتكارات والحلول.

تشارك ALUSTEEL في المعارض الدولية مثل Cafex وHACE وHORECA وIATF لعرض منتجاتنا المبتكرة من الفولاذ المقاوم للصدأ للمطابخ والمطاعم . تشمل منتجاتنا تجهيزات المطابخ المتينة والأواني ومعدات المطبخ الاحترافية وأنظمة التخزين. نحن نتواصل مع العملاء والمهنيين، ونقدم أحدث الابتكارات والحلول.

تشارك ALUSTEEL في المعارض الدولية مثل Cafex وHACE وHORECA وIATF لعرض منتجاتنا المبتكرة من الفولاذ المقاوم للصدأ للمطابخ والمطاعم . تشمل منتجاتنا تجهيزات المطابخ المتينة والأواني ومعدات المطبخ الاحترافية وأنظمة التخزين. نحن نتواصل مع العملاء والمهنيين، ونقدم أحدث الابتكارات والحلول.
ALL
هيس
هوريكا
كافيكس
IATF
هيس
هوريكا
كافيكس
IATF
هل تبحث عن خدمات احترافية من اجل شركتك؟
تواصل معنا",4
https://alusteel.net/الفعاليات-والاحداث/هيس,الفعاليات-والاحداث,هيس | الوستيل لتجهيزات المطابخ والفنادق والمطاعم,,,"هيس
الرئيسية
الفعاليات والاحداث
هيس
All
هيس 2018
هيس 2020
هيس 2021
هيس 2017
هيس 2022
هيس 2023
هيس 2024
هيس 2018
هيس 2020
هيس 2021
هيس 2017
هيس 2022
هيس 2023
هيس 2024
هل تبحث عن خدمات احترافية من اجل شركتك؟
تواصل معنا",6
https://alusteel.net/الفعاليات-والاحداث/هيس/هيس-2018,الفعاليات-والاحداث,هيس 2018 | الوستيل لتجهيزات المطابخ والفنادق والمطاعم,,المعرض الدولي لتجهيزات الفنادق ، حضرنا HACE 2018 لتطوير أساليب فعالة لتحسين أدائنا في تجهيزات الفنادق,"هيس 2018
الرئيسية
الفعاليات والاحداث
هيس
هيس 2018
هيس 2018
المعرض الدولي لتجهيزات الفنادق
HACE 2018 لقد حضرنا
لتنفيذ مسؤولياتهم بدقة وتطوير أساليب أكثر كفاءة لتحسين أدائنا في معدات الفنادق والمخابز والمعجنات ومعدات الآيس كريم.
هل تبحث عن خدمات احترافية من اجل شركتك؟
تواصل معنا",9
https://alusteel.net/الفعاليات-والاحداث/هيس/هيس-2020,الفعاليات-والاحداث,هيس 2020 | الوستيل لتجهيزات المطابخ والفنادق والمطاعم,,,"هيس 2020
الرئيسية
الفعاليات والاحداث
هيس
هيس 2020
هل تبحث عن خدمات احترافية من اجل شركتك؟
تواصل معنا",26
https://alusteel.net/الفعاليات-والاحداث/هيس/هيس-2021,الفعاليات-والاحداث,هيس 2021 | الوستيل لتجهيزات المطابخ والفنادق والمطاعم,,,"هيس 2021
الرئيسية
الفعاليات والاحداث
هيس
هيس 2021
هل تبحث عن خدمات احترافية من اجل شركتك؟
تواصل معنا",31
https://alusteel.net/الفعاليات-والاحداث/هيس/هيس-2017,الفعاليات-والاحداث,هيس 2017 | الوستيل لتجهيزات المطابخ والفنادق والمطاعم,,معرض HACE يثبت نفسه كمنتدى سوق رائد لمستلزمات الفنادق ومعدات تقديم الطعام والمخابز والمعجنات ومعدات الآيس كريم,"هيس 2017
الرئيسية
الفعاليات والاحداث
هيس
هيس 2017
هيس 2017
يثبت معرض HACE
نفسه كمنتدى سوق رائد لمستلزمات الفنادق ومعدات تقديم الطعام والمخابز ومعدات المعجنات والآيس كريم وتأثيث معدات الفنادق ،
يقام سنويًا تحت رعاية وزارة السياحة ، على مساحة 20000 متر مربع وتشارك في هذا الحدث أكثر من 250 شركة مصرية وأجنبية.
هل تبحث عن خدمات احترافية من اجل شركتك؟
تواصل معنا",16
https://alusteel.net/الفعاليات-والاحداث/هيس/هيس-2022,الفعاليات-والاحداث,هيس 2022 | الوستيل لتجهيزات المطابخ والفنادق والمطاعم,,,"هيس 2022
الرئيسية
الفعاليات والاحداث
هيس
هيس 2022
هل تبحث عن خدمات احترافية من اجل شركتك؟
تواصل معنا",15
https://alusteel.net/الفعاليات-والاحداث/هيس/هيس-2023,الفعاليات-والاحداث,هيس 2023 | الوستيل لتجهيزات المطابخ والفنادق والمطاعم,,,"هيس 2023
الرئيسية
الفعاليات والاحداث
هيس
هيس 2023
هل تبحث عن خدمات احترافية من اجل شركتك؟
تواصل معنا",20
https://alusteel.net/الفعاليات-والاحداث/هيس/هيس-2024,الفعاليات-والاحداث,هيس 2024 | الوستيل لتجهيزات المطابخ والفنادق والمطاعم,,,"هيس 2024
الرئيسية
الفعاليات والاحداث
هيس
هيس 2024
هل تبحث عن خدمات احترافية من اجل شركتك؟
تواصل معنا",18
https://alusteel.net/الفعاليات-والاحداث/هوريكا,الفعاليات-والاحداث,هوريكا | الوستيل لتجهيزات المطابخ والفنادق والمطاعم,,,"هوريكا
الرئيسية
الفعاليات والاحداث
هوريكا
All
هوريكا جدة 2023
هوريكا الرياض 2023
هوريكا جدة 2023
هوريكا الرياض 2023
هل تبحث عن خدمات احترافية من اجل شركتك؟
تواصل معنا",2
https://alusteel.net/الفعاليات-والاحداث/هوريكا/هوريكا-جدة-2023,الفعاليات-والاحداث,هوريكا جدة 2023 | الوستيل لتجهيزات المطابخ والفنادق والمطاعم,,,"هوريكا جدة 2023
الرئيسية
الفعاليات والاحداث
هوريكا
هوريكا جدة 2023
هوريكا جدة 2023
يعد معرض هوريكا من أكبر المعارض السنوية للضيافة، والذي تم إقامته في لبنان، الأردن، الكويت، عمان، الرياض وجدة من المملكة العربية السعودية
وتكمن أهمية هذا المعرض في عملية تبادل الخبرات والتجارب ما بين الشركات الكبرى المحلية والدولية في مجال صناعة الأغذية والمشروبات والضيافة بالإضافة إلى المسابقات التي تكون ما بين الطهاة والتي تكون بإشراف لجنة تحكيم دولية، كما سيتضمن المعرض ورش عمل وعروض لفنون الطهي، بالإضافة للعديد من الفعاليات الأخرى، كما سيجذب المعرض عارضين وزائرين وصانعي القرار في المجالات المتعلقة بالمعرض على المستويين المحلي والدولي
هل تبحث عن خدمات احترافية من اجل شركتك؟
تواصل معنا",19
https://alusteel.net/الفعاليات-والاحداث/هوريكا/هوريكا-الرياض-2023,الفعاليات-والاحداث,هوريكا الرياض 2023 | الوستيل لتجهيزات المطابخ والفنادق والمطاعم,,,"هوريكا الرياض 2023
الرئيسية
الفعاليات والاحداث
هوريكا
هوريكا الرياض 2023
هوريكا الرياض 2023
يعد معرض هوريكا من أكبر المعارض السنوية للضيافة، والذي تم إقامته في لبنان، الأردن، الكويت، عمان، الرياض وجدة من المملكة العربية السعودية
وتكمن أهمية هذا المعرض في عملية تبادل الخبرات والتجارب ما بين الشركات الكبرى المحلية والدولية في مجال صناعة الأغذية والمشروبات والضيافة بالإضافة إلى المسابقات التي تكون ما بين الطهاة والتي تكون بإشراف لجنة تحكيم دولية، كما سيتضمن المعرض ورش عمل وعروض لفنون الطهي، بالإضافة للعديد من الفعاليات الأخرى، كما سيجذب المعرض عارضين وزائرين وصانعي القرار في المجالات المتعلقة بالمعرض على المستويين المحلي والدولي
هل تبحث عن خدمات احترافية من اجل شركتك؟
تواصل معنا",38
https://alusteel.net/الفعاليات-والاحداث/كافيكس,الفعاليات-والاحداث,كافيكس | الوستيل لتجهيزات المطابخ والفنادق والمطاعم,,اشتركت الوستيل في كافكس و هايس هو أول معرض تجاري في مصر لاتاحة منتجاتها وخدماتها، حيث نقدم لكم أفضل الماركات  العالميه في معدات المطابخ ومصنعي الاجهزة في جميع أنحاء العالم. ونكون على دراية تامة بكل ما هو جديد في كل انحاء العالم والوطن العربي,"كافيكس
الرئيسية
الفعاليات والاحداث
كافيكس
All
كافيكس2019
كافيكس 2025
كافيكس 2018
كافيكس 2017
كافيكس 2016
كافيكس 2021
كافيكس 2022
كافيكس2019
كافيكس 2025
كافيكس 2018
كافيكس 2017
كافيكس 2016
كافيكس 2021
كافيكس 2022
هل تبحث عن خدمات احترافية من اجل شركتك؟
تواصل معنا",7
https://alusteel.net/الفعاليات-والاحداث/كافيكس/كافيكس2019,الفعاليات-والاحداث,كافيكس2019 | الوستيل لتجهيزات المطابخ والفنادق والمطاعم,,Caféx 2019 هو معرض تجاري ذو حلول شاملة يجمع أفضل ما في صناعة المقاهي والمطاعم تحت سقف واحد.,"كافيكس2019
الرئيسية
الفعاليات والاحداث
كافيكس
كافيكس2019
كافيكس2019
Caféx 2019 هو معرض تجاري ذو حلول شاملة يجمع أفضل ما في صناعة المقاهي والمطاعم تحت سقف واحد.
تعد كافكس أيضًا موطنًا لأنشطة أخرى بخلاف باقي المعارض
يقدم مختلف الأنشطة للمساعدة في فهم الصناعة بشكل أفضل مثل المحاضرات والندوات وورش العمل للمساعدة في تعريف المالكين والمديرين الحاليين والمحتملين بالصناعة ووضعهم على المسار الصحيح للتميز.
هل تبحث عن خدمات احترافية من اجل شركتك؟
تواصل معنا",10
https://alusteel.net/الفعاليات-والاحداث/كافيكس/كافيكس-2025,الفعاليات-والاحداث,كافيكس 2025 | الوستيل لتجهيزات المطابخ والفنادق والمطاعم,,مشاركتنا بمعرض كافيكس خلال شهر مايو 2025,"كافيكس 2025
الرئيسية
الفعاليات والاحداث
كافيكس
كافيكس 2025
كافيكس 2025
مشاركتنا بمعرض كافيكس خلال شهر مايو 2025
هل تبحث عن خدمات احترافية من اجل شركتك؟
تواصل معنا",13
https://alusteel.net/الفعاليات-والاحداث/كافيكس/كافيكس-2018,الفعاليات-والاحداث,كافيكس 2018 | الوستيل لتجهيزات المطابخ والفنادق والمطاعم,,المعرض التجاري المصري المتخصص للكافيهات والمطاعم والمعدات والمفروشات والتوريدات والخدمات في الشرق الأوسط,"كافيكس 2018
الرئيسية
الفعاليات والاحداث
كافيكس
كافيكس 2018
كافيكس 2018
المعرض التجاري المصري المتخصص للكافيهات والمطاعم والمعدات والمفروشات والتوريدات والخدمات في الشرق الأوسط
هل تبحث عن خدمات احترافية من اجل شركتك؟
تواصل معنا",10
https://alusteel.net/الفعاليات-والاحداث/كافيكس/كافيكس-2017,الفعاليات-والاحداث,كافيكس 2017 | الوستيل لتجهيزات المطابخ والفنادق والمطاعم,,كافكس 2017 المعرض المتخصص لمستلزمات الكافيهات والمطاعم.,"كافيكس 2017
الرئيسية
الفعاليات والاحداث
كافيكس
كافيكس 2017
كافيكس 2017
المعرض المتخصص لمستلزمات الكافيهات والمطاعم.
أكبر تجمع لصناعة الكافيهات والمطاعم في مصر والشرق الأوسط. يقام سنوياً في مركز مصر الدولي للمعارض
هل تبحث عن خدمات احترافية من اجل شركتك؟
تواصل معنا",16
https://alusteel.net/الفعاليات-والاحداث/كافيكس/كافيكس-2016,الفعاليات-والاحداث,كافيكس 2016 | الوستيل لتجهيزات المطابخ والفنادق والمطاعم,,"كافكس 2016 خبير للمتخصصين لوازم المقاهي والفندق 
 والمطاعم. أكبر تجمع في مصر والشرق الأوسط.","كافيكس 2016
الرئيسية
الفعاليات والاحداث
كافيكس
كافيكس 2016
كافيكس 2016
خبير للمتخصصين مقاهي ومطاعم، اللوازم، المطبخ وخدمات للمقاهي، الفندق والمطاعم. أكبر تجمع في مصر والشرق الأوسط
. نحن نحرص على اختبار كل ما تحتاجه لإنشاء، وتحسين مطعمك وفندقك
2016 كل ذلك تجده في معرض كافكس
هل تبحث عن خدمات احترافية من اجل شركتك؟
تواصل معنا",9
https://alusteel.net/الفعاليات-والاحداث/كافيكس/كافيكس-2021,الفعاليات-والاحداث,كافيكس 2021 | الوستيل لتجهيزات المطابخ والفنادق والمطاعم,,,"كافيكس 2021
الرئيسية
الفعاليات والاحداث
كافيكس
كافيكس 2021
هل تبحث عن خدمات احترافية من اجل شركتك؟
تواصل معنا",4
https://alusteel.net/الفعاليات-والاحداث/كافيكس/كافيكس-2022,الفعاليات-والاحداث,كافيكس 2022 | الوستيل لتجهيزات المطابخ والفنادق والمطاعم,,,"كافيكس 2022
الرئيسية
الفعاليات والاحداث
كافيكس
كافيكس 2022
هل تبحث عن خدمات احترافية من اجل شركتك؟
تواصل معنا",2
https://alusteel.net/الفعاليات-والاحداث/iatf,الفعاليات-والاحداث,IATF | الوستيل لتجهيزات المطابخ والفنادق والمطاعم,,,"IATF
الرئيسية
الفعاليات والاحداث
IATF
All
IATF 2018
IATF 2018
هل تبحث عن خدمات احترافية من اجل شركتك؟
تواصل معنا",1
https://alusteel.net/الفعاليات-والاحداث/iatf/iatf-2018,الفعاليات-والاحداث,IATF 2018 | الوستيل لتجهيزات المطابخ والفنادق والمطاعم,,المعرض التجاري الأفريقي الافتتاحي وتمكنا من حضوره حتى نكون على دراية بكل ما هو جديد في مجال معدات المطبخ والمطاعم,"IATF 2018
الرئيسية
الفعاليات والاحداث
IATF
IATF 2018
IATF 2018
المعرض التجاري الأفريقي البيني الافتتاحي
IATF
أقيم لأول مرة في عام 2018 في مركز المعارض الدولي ، في القاهرة ، مصر في الفترة من 11 إلى 17 ديسمبر.
تم تنظيمه من قبل Afreximbank بالتعاون مع الاتحاد الأفريقي ، واستضافته الحكومة المصرية.
تم تحفيز نجاح الحدث بشكل أكبر من خلال توقيع اتفاقية منطقة التجارة الحرة القارية الأفريقية (AfCFTA) من قبل غالبية الدول الأفريقية في مارس 2018.
تمكنا من حضوره حتى نكون على دراية بكل ما هو جديد في مجال معدات المطابخ والمطاعم ، لإرضاء أذواق جميع العملاء.
هل تبحث عن خدمات احترافية من اجل شركتك؟
تواصل معنا",4
https://alusteel.net/مقالات,مقالات,مقالات | الوستيل لتجهيزات المطابخ والفنادق والمطاعم,,الجودة لها معنى خاص فيما يتعلق بعملاء الوستيل للتجارة والهندسة. هدفنا هو تلبية وتجاوز توقعات أولئك الذين نخدمهم باستمرار من خلال أداء عملنا بجودة عالية الدقة.,"مقالات
الرئيسية
مقالات
All
تجهيزات الفنادق والمطاعم
اثر التكنولوجيا فى صناعة الاستانلس ستيل
أبرز اتجاهات تصميم معدات المطاعم
البان مارى
الوستيل ريادة متجددة في عالم تجهيزات المطابخ الفندقية
الابتكار في خدمة الطهي وتأثير ""الوستيل"" على عالم المطابخ الاحترافية
صناعة الاستانلس ستيل في مصر
الاقتصاد والصناعة المصرية
اهمية العمالة المدربة في الصناعة
فوائد استخدام الفولاذ المقاوم للصدأ في معدات المطاعم
كيفية اختيار معدات المطبخ المناسبة لمطعمك
تجهيز المطاعم والمطابخ بالمعدات المناسبة
مستقبل معدات المطاعم: الابتكارات والتطورات
صناعة الأفران من الاستانلس ستيل
حلة الطهى بالبخار "" الحلة البخارية ""
حلة الطهى القلابة "" مربع الأرز  ""
المواقد الكهربية
البوتجازات الغاز
القلايات
الجريل
باستا كوكر
أفران البيتزا الحجرية المصنوعة من الاستانلس ستيل مزيج من الأصالة والمتانة للمطابخ الفندقية والمطاعم
فرن البيتزا النابولي
الثلاجات الاستانلس ستيل حلول تبريد متينة وعالية الأداء للمطابخ الفندقية والمطاعم
كيفية اختيار معدات المطاعم والمطابخ الفندقية
تجهيزات الفنادق والمطاعم
يعد التجهيز الأمثل للمطبخ التجاري من حيث المعدات والأدوات المعتمدة على التقنيات الحديثة
اثر التكنولوجيا فى صناعة الاستانلس ستيل
تلعب صناعة الاستانلس ستيل دورًا حيويًا في صناعة معدات الطهي للفنادق والمطاعم والمطابخ،
أبرز اتجاهات تصميم معدات المطاعم
تعتبر تصميمات معدات المطاعم أمرًا حاسمًا في تحسين العمليات وتعزيز الكفاءة في المطاعم والفنادق
البان مارى
فى الوستيل نوفر البان ماري الكهربائي ، لتلبية متطلبات المطاعم والفنادق المختلفة حيث يتكون الجهاز من أوعية...
الوستيل ريادة متجددة في عالم تجهيزات المطابخ الفندقية
تأتي مشاركة شركة الوستيل في معرض HACE Hotel Expo 2025 كخطوة طبيعية ومهمة في مسيرتها نحو التميز. إنها...
الابتكار في خدمة الطهي وتأثير ""الوستيل"" على عالم المطابخ الاحترافية
يمكن القول إن ""الوستيل"" لم تقدم مجرد معدات، بل قدمت خبرات متكاملة أثرت بشكل عميق على قطاع المطابخ الاحترافية....
صناعة الاستانلس ستيل في مصر
يُطلق على الستانلس ستيل اسم ""الفولاذ المقاوم للصدأ"" وهو الاسم الأشهر للستانلس ستيل
الاقتصاد والصناعة المصرية
الصناعات المصرية التي صنعتها أيادٍ مصرية ماهرة
اهمية العمالة المدربة في الصناعة
يُعتبر التدريب خياراً استراتيجيا لأي جهة تتطلع الى إعداد كوادر بشرية قادرة على تلبية حاجات العمل ..
فوائد استخدام الفولاذ المقاوم للصدأ في معدات المطاعم
يعد الفولاذ المقاوم للصدأ واحدًا من المواد الرئيسية التي تستخدم في تصنيع معدات المطاعم
كيفية اختيار معدات المطبخ المناسبة لمطعمك
اختيار المعدات المطبخية المناسبة هو عملية مهمة وحاسمة في نجاح عملك
تجهيز المطاعم والمطابخ بالمعدات المناسبة
عندما يتعلق الأمر بتجهيز المطاعم والمطابخ بالمعدات المناسبة، فإن شركة الوستيل تعتبر وجهة موثوقة في م...
مستقبل معدات المطاعم: الابتكارات والتطورات
تعتبر صناعة المطاعم والضيافة من أكثر الصناعات تطورًا وتنوعًا في العالم.
صناعة الأفران من الاستانلس ستيل
تعد صناعة الأفران من الاستانلس ستيل أحد أهم الصناعات في مجال الأجهزة المنزلية والصناعية.
حلة الطهى بالبخار "" الحلة البخارية ""
في الوستيل نوفر الحلة البخارية التى تعمل بالغاز او بالكهرباء بحلة داخلية وخارجية سمك 3 مم و بسعة 150...
حلة الطهى القلابة "" مربع الأرز  ""
في الوستيل نوفر الحلة القلابة المصنعة من الاستانلس ستيل بطريقتي تشغيل ( غاز او كهرباء ) بسعة داخلية 80...
المواقد الكهربية
الوستيل توفر مواقد كهربية 2 او 4 او 6 بلاطة المانية الصنع EGO  سواء كانت مستديرة او مربعة بقدرة تسخين...
البوتجازات الغاز
فى الوستيل نقدم بوتجازات من الغاز مصنعة بالكامل من الاستانلس ستيل تضم 2 , 4 , 6 شعلة بشاسيه قوي مجهز...
القلايات
فى الوستيل نوفر قلايات تعمل بالغاز او الكهرباء مصنعة بالكامل من الاستانلس ستيل تحتوي على 1 و 2 و 3 عين...
الجريل
فى الوستيل نوفر شواية جريل بشاسيه قوي مجهز للخدمة الشاقة مصنع بالكامل من الاستانلس ستيل يمكن ان يضم بلاطة...
باستا كوكر
فى الوستيل نوفر باستا كوكر بمصافى لطهى المكرونة تعمل بالكهرباء بكابينة مفتوحة عن طريق التسخين ببطاريات...
أفران البيتزا الحجرية المصنوعة من الاستانلس ستيل مزيج من الأصالة والمتانة للمطابخ الفندقية والمطاعم
فى الوستيل نقدم افران بيتزا حجرية محملة على شاسيه من الاستانلس ستيل مثبت على عجل 6 بوصة للخدمة الشاقة...
فرن البيتزا النابولي
في عالم الطهي، يعتبر فرن بيتزا نابولي الذي يعمل اما بالحطب او الغاز الخيار الرائع للطهي المحترف وذلك...
الثلاجات الاستانلس ستيل حلول تبريد متينة وعالية الأداء للمطابخ الفندقية والمطاعم
فى الوستيل نوفر ثلاجات رأسية "" باب واحد او 2 باب "" و ثلاجات أفقية "" 2 باب او 3 باب "" و ثلاجة اوفر كونتر...
كيفية اختيار معدات المطاعم والمطابخ الفندقية
يُعد اختيار المعدات المناسبة للمطاعم والمطابخ الفندقية قرارًا حاسمًا يؤثر بشكل مباشر على كفاءة العمليات،...
هل تبحث عن خدمات احترافية من اجل شركتك؟
تواصل معنا",24
https://alusteel.net/مقالات/تجهيزات-الفنادق-والمطاعم,مقالات,تجهيزات الفنادق والمطاعم | الوستيل لتجهيزات المطابخ والفنادق والمطاعم,,,"تجهيزات الفنادق والمطاعم
الرئيسية
مقالات
تجهيزات الفنادق والمطاعم
وصف تجهيزات الفنادق والمطاعم
الوستيل أفضل شركة معدات فنادق ومطاعم في مصر
الوستيل دليلك
لأفضل مكان في مصر متخصص
في صناعة أحدث
معدات
المطاعم والفنادق
، مثل الجريل والافران والمواقد والبوتاجازات والشوايات والثلاجات وجميع معدات ومستلزمات المطابخ للفنادق والمطاعم.
تقوم الوستيل بتصميم وتصنيع وتوريد وتركيب وصيانة كافة مشاريع تجهيزات المطابخ للفنادق والمطاعم والقرى السياحية والمستشفيات والسفن والنوادي الرياضية والاجتماعية داخل جمهورية مصر العربية، وخارجها.
يعد التجهيز الأمثل للمطبخ التجاري من حيث المعدات والأدوات المعتمدة على التقنيات الحديثة، من أهم عوامل إنجاح المطبخ وظهوره بالمظهر المشرف الذي ينبغي أن يكون عليه.
وبالنظر إلى أقسام الفندق نجد من خلالها أن هناك أقساماً تعمل على خدمة النزيل وراحته دون أن تكون على صلة مباشرة به ومنها على سبيل المثال (المطبخ)، والتي تحتاج الى التجهير الأمثل بالمعدات والأدوات التي تناسب حجم الفندق ونوع الخدمة المطلوبة لتحقيق رضاء العملاء.
لذلك نستعرض في هذا المقال مقدمة عن التجهيزات الفندقية وتجهيزات المطبخ وكذلك تجهيزات المطاعم
تتبع الوستيل في سياستها مواصفات مناسبة وجيدة للمواد الخام ومستلزمات التصنيع التي تضمن مستوى جودة عالي ومدى مطابقتها للمواصفات القياسية
تولى الوستيل للتجارة والهندسة رائدة صناعة معدات المطابخ، اهتمامها بمشاركة وإمداد الملاك ومديرو الفنادق والمطاعم باستمرار بالأفكار والمفاهيم الجديدة والخطط المتطورة التي تؤدى الى حسن استخدام المساحات عند انشاء المطابخ وتجهيزها، وهذا الاهتمام يهدف الى خفض تكلفة التشغيل وزيادة انتاجية المطبخ، وهذا احد اهم اسباب زيادة ثقة العملاء في علامتنا التجارية، وكان الهدف الحقيقي هو كسب ثقة العملاء منذ إنشاء ألوستيل ذلك الصرح، ولزيادة هذه الثقة والحفاظ عليها يعمل فريق الوستيل من المهندسين والفنيين المتخصصين على مساعدة العملاء وتقديم المشورة لهم لاتباع التخطيط الجيد عند انشاء المطابخ او تزويدها بالمعدات والتجهيزات اللازمة لخفض التكاليف وعدم اهدار للمال المستثمر، وتلبية احتياجاتهم بتوريد العديد من معدات ولوازم تجهيزات المطابخ مثل الجريل، والافران، والمواقد، والبوتاجازات، والشوايات، والقلايات، وشوايات الشاورما، وحلة الطبخ بالبخار، والحلة البخارية، ومربع الارز، والثلاجات الراسية والافقية، والترابيزات، والاحواض، والتروليات، والاهواد وغيرها.
يقوم فريق الوستيل ذوي الخبرة بمشاركة العملاء على ايجاد أفضل الحلول للتركيب ووضع المعدات Layout، والترتيب الأمثل الذي توضع به المعدات على أرضية المطبخ وعلى الكاونتر وكذلك تحديد مراكز الشغل work centers التي تكون اقسام العمل work sections وهكذا ومصادر الطاقة وتحديد اماكنها، ووضع الرؤية المستقبلية حتى لا يحتاج العميل الى اجراء تعديلات الى بعد فترة طويلة، تقدر بفترة ما بين 8 الى 10 سنوات وذلك كحد أدني قبل ان تظهر الحاجة الى اجراء تعديل، وهذا ما يقدره الخبراء لعمر المطبخ التجاري.
وجاءت فلسفة ألوستيل للتجارة والهندسة منذ البداية في وضع منهج لبناء جسور الثقة بينها وبين شركاء النجاح من الموردين والعملاء، فقامت ببناء فريق من الخبراء والمهندسين والفنيين المدربين على أحدث مستجدات التقنيات الحديثة المستخدمة في صناعة تجهيزات ومعدات المطابخ، واستخدمت أفضل وأجود الخامات من ستانلس ستيل الغير قابل للصدأ، وبواسطة أحدث الماكينات التي تعمل بالكمبيوتر، تعمل جميع الماكينات بالتحكم الرقمي الحاسوبي بشكل آلي لإخراج المعدات بأعلى جودة تضاهى المنتجات الأجنبية.
تقوم الوستيل باستيراد لوازم الانتاج من الخارج حيث لديها العديد من الشراكات الأجنبية ذات الموثوقية العالية حول العالم، وتقوم ايضاً الوستيل بتقديم خدمة ما بعد البيع، وتوفير جميع قطع الغيار التي يحتاج اليها العملاء، وهذا مع جعلها الشريك الاستراتيجي لكل عملائها الكرام من الأفراد والمؤسسات والجهات الحكومية.
تمتلك ألوستيل للتجارة والهندسة مصنع بمساحة 4500 متر مربع، بمدينة العبور بالمنطقة الصناعية الثانية، مجهز طبقا لمعايير واشتراطات البـناء بالمـدن الصـناعيــة وطبقاً لأعلى المعايير التكنولوجية المعمول بها عالمياً، الوستيل معتمدة من وزارة الصناعة بالسجل الصناعي وشهادة الترخيص الصناعية والموافقة الأمنية للتعامل مع القوات المسلحة بخلاف سجل المصدرين حيث قامت ألوستيل للتجارة والهندسة بالتصدير إلى المملكة العربية السعودية، والإمارات العربية المتحدة، والسودان، وقطر، وجنوب إفريقيا، وغانا، ورواندا، وأوغندا، وأنغولا، وموزمبيق، وألمانيا.
تمتلك ألوستيل للتجارة والهندسة أحدث خطوط الانتاج مثل: خطوط طهي (حلة طهي بالبخار، بان ماري لتسخين الطعام، موقد 4 بلاطة، القلايات، بوتاجازات غاز، جريلات وشاورما، خط ساخن 90، باستا كوكر، الأفران الحرارية) وخطوط صناعة الثلاجات (ثلاجات افقية، ثلاجات راسية، ثلاجات سلطات، ثلاجات بوفيهات) وخطوط متعادل (دواليب، جريلات صرف ارضية، تروليات خدمة، ترابيزات خدمة، ارفف، اهواد الشفط، احواض غسيل مطبخ) وخطوط تجاليد وهاند لرات، وخطوط منتجات متنوعة (قطاعة خضروات، قطاعة لحوم إيطالي، مفرمة لحوم، ماكينة اسبريسو نصف اتوماتيك صناعة إيطالي، عجان صناعة إيطالي).
تحرص ألوستيل للتجارة والهندسة على المشاركة أكبر المعارض السنوية للضيافة، والتواجد في المعارض المحلية والدولية مثل (Cafex، HACE، IATF، iHORECA SAUDI) لاستطلاع الرأي والتعرف على احتياج السوق والعملاء المحتملين، وسماع آراء العاملين والقائمين على مثل هذه الصناعة، وتقوم بعرض أحدث منتجاتها في جناح الشركة ويقوم مهندسيها بشرح اهم التطورات والتكنولوجيا المستحدثة في تطوير المنتجات وخطوط الانتاج، وتستعرض أهم الأدوات والمعدات التي ينبغي تواجدها في مطابخ المطاعم والفنادق، وقد تتعد الأجهزة والأدوات التي قد يحتاج إليها المطبخ التجاري، فعلى الرغم من أن هناك بعض من الأساسيات التي لن يخلو منها أي مطبخ تابع لمنشأة معنية بتقديم الأغذية وخدمات الضيافة، ولكن بالطبع يوجد بعض الفروقات بين الأدوات وهنا يتواجد خبراء الوستيل لتوضيح وشرح هذه التباينات والفروقات التي قد يغفل عنها الكثير من العملاء.
كما تحرص على عقد بعض الندوات التثقيفية في هذا المجال لكل المهتمين بهذه الصناعة والمشاركين والزوار، للتعرف عن أهم الأدوات والمعدات لتتمكن من تكوين فكرة شاملة عن تجهيز مطبخك التجاري بكفاءة لعمليات التشغيل المختلفة، وتوضيح بعض النقاط الهامة التي يجب وضعها في الاعتبار لتتمكن من اختيار الأدوات والمعدات اللازمة لتجهيز وإعداد المطبخ التجاري لمطعمك بشكل محترف، وتتمكن من الاستفادة برأس مالك بشكل فعال وضمان سلاسة الحركة داخل المطبخ.
قامت الوستيل للتجارة والهندسة بتنفيذ العديد من المشاريع العملاقة والمشروعات القومية للقوات المسلحة، كما انها لديها قاعدة عملاء عريقة نفخر بتقديم خدماتنا لهم من كبرى المؤسسات والهيئات، والعديد من الفنادق (مجموعة فنادق شيراتون، فنادق رويال تيوليب، مجموعة فنادق هيلتون، فندق وريزورت أمواج، فندق وريزورت ديس وول، مكة النسيم شيراتون)، والمطاعم (مطاعم أم حسن، حلقة السمك، سلسلة مطاعم جاد، كوك دور، مطعم بيت ورد، الصباحى للمشويات والمأكولات البحرية، مطاعم الشبراوي، طربوش للشاورما، مطاعم زاكس)،  والمستشفيات (مستشفى دار القمة بطنطا، الهيئة العامة للتأمين الصحي، مستشفى السلام الدولي، مستشفى دار الفؤاد)، والعديد من المواقع البترولية (شركة خالدة للبترول، شركة العلمين للبترول، بتروجيت، شركة النصر للكيماويات الوسيطة)، ومشاريع الجامعات والمدارس المصرية (جامعة اسوان، جامعة المستقبل، جامعة الدلتا للعلوم والتكنولوجيا، المدرسة البريطانية، جامعة المنوفية، الجامعة الأمريكية)، وزارات وهيئات وجهات سيادية (رئاسة الجمهورية، قوات الدفاع الجوي، جهاز مشروعات الخدمة الوطنية، شركة بنها للصناعات الالكترونية، صندوق تطوير التعليم، وزارة التربية والتعليم)، بعض النوادي والدار ( دار ضباط الوقود، دار ضباط المركبات)، والعديد من الشركات الكبرى (الشركة المصرية الوطنية للرخام والجرانيت، مجموعة شركات عثمان أحمد عثمان، شركة نيرهادو الدولية للأدوية)
المنتجات الجديدة
تقدم شركة الوستيل مجموعة متميزة من معدات الطبخ عالية الجودة للمطاعم والفنادق، تشمل المقالي العميقة المدمجة والمجموعات الكاملة. تُعد هذه المعدات أساسية لتعزيز الكفاءة والسمعة، حيث نقدم منتجات تتماشى مع أعلى معايير الجودة بأسعار تنافسية، مما يضمن نجاح مؤسستك في سوق تجهيزات المطاعم والمطابخ.
افران بيتزا حطب
أفران تعمل بالحطب حيث يتم طهي البيتزا باستخدام الخشب كمصدر أساسي للحرارة
عرض المزيد
شوايات حطب
تُعد الشوايات الخشبية إضافة مميزة لمطابخ المطاعم، حيث تقدم نكهة لا مثيل لها وتنوعاً كبيراً في الطهي. تستخدم هذه الشوايات...
عرض المزيد
شوايات دوارة مميزة
تعد الشوايات الدوارة من شركة الوستيل الخيار الأمثل للمطاعم والفنادق التي تسعى لتقديم أطباق مشوية عالية الجودة. بفضل تصميمها...
عرض المزيد
فرن بطاطس كومبير
فرن بطاطس كومبير
عرض المزيد
فرن عيش
فرن عيش
عرض المزيد
فرن تدخين
فرن تدخين
عرض المزيد
شواية فراخ كهرباء
شواية فراخ كهرباء
عرض المزيد
هل تبحث عن خدمات احترافية من اجل شركتك؟
تواصل معنا",10
https://alusteel.net/مقالات/اثر-التكنولوجيا-فى-صناعة-الاستانلس-ستيل,مقالات,اثر التكنولوجيا فى صناعة الاستانلس ستيل | الوستيل لتجهيزات المطابخ والفنادق والمطاعم,,تلعب صناعة الاستانلس ستيل دورًا حيويًا في صناعة معدات الطهي للفنادق والمطاعم والمطابخ،,"اثر التكنولوجيا فى صناعة الاستانلس ستيل
الرئيسية
مقالات
اثر التكنولوجيا فى صناعة الاستانلس ستيل
وصف اثر التكنولوجيا فى صناعة الاستانلس ستيل
تأثير التكنولوجيا في صناعة الاستانلس ستيل
تعد صناعة الاستانلس ستيل من الصناعات الحيوية والضرورية في العالم، فهي تستخدم في العديد من التطبيقات مثل الصناعات الغذائية، الصناعات الكيماوية، والصناعات الطبية. وتعتبر التكنولوجيا أحد العوامل الرئيسية التي تؤثر على صناعة الاستانلس ستيل.
تم تطوير تقنيات جديدة ومتطورة في صناعة الاستانلس ستيل بفضل التكنولوجيا، مما أدى إلى تحسين جودة المنتجات وتقليل التكاليف وزيادة الإنتاجية. وتشمل هذه التقنيات استخدام الحاسوب في التصميم والتحكم الآلي في الإنتاج، والتحكم في درجة الحرارة والتدفق في عمليات الصهر والتشكيل، وتحسين إجراءات اللحام والتنظيف.
تستخدم التكنولوجيا أيضاً في صناعة الأدوات والمعدات التي تستخدم في إنتاج الاستانلس ستيل، مثل الأفران الصناعية والمعدات الحساسة للتحكم في العمليات الصناعية. وهذا يساعد على زيادة الكفاءة والدقة وتحسين جودة المنتجات.
وبفضل التكنولوجيا، تم تطوير أيضاً أنواع جديدة من الاستانلس ستيل، مثل الاستانلس ستيل المقاوم للصدأ والذي يتحمل درجات الحرارة العالية، والاستانلس ستيل المضاد للتآكل والذي يتحمل البيئات القاسية والمواد الكيماوية القوية.
بالإضافة إلى ذلك، تستخدم التكنولوجيا في تحسين عمليات إعادة التدوير وإزالة الصدأ من الاستانلس ستيل، مما يساهم في الحفاظ على البيئة وتقليل النفايات.
يمكن الاستنتاج أن التكنولوجيا لها تأثير كبير على صناعة الاستانلس ستيل، حيث تساعد على تحسين جودة المنتجات وتقليل التكاليف وزيادة الإنتاجية، وتوفر أنواعاً جديدة من الاستانلس ستيل تتحملظروفاً صعبة، وتساهم في حفظ البيئة. ومن المتوقع أن تستمر التقنيات الجديدة في صناعة الاستانلس ستيل في التطور والتحسين في المستقبل المنظور.
استخدام التكنولوجيا في عملية التصنيع قد ساهم بشكل كبير في تحسين جودة منتجات الاستانلس ستيل، وجعلها أكثر كفاءة تكلفة وزيادة في كفاءة الإنتاج. من خلال استخدام برامج التصميم المساعد بالحاسوب (CAD) وبرامج التصنيع المساعد بالحاسوب (CAM)، يتمكن المصنعون من إنتاج منتجات أكثر دقة ودقة. علاوة على ذلك، تسمح العمليات الآلية بتحقيق التسلسل والسرعة الأكبر في التصنيع.
علاوة على ذلك، ساعدت التكنولوجيا على تطوير أنواع جديدة من الاستانلسستيل، مثل الاستانلس ستيل المقاوم للحرارة والاستانلس ستيل المقاوم للتآكل. تساعد هذه المواد الجديدة في توسيع تطبيقات الاستانلس ستيل وجعلها أكثر قدرة على تحمل الظروف القاسية والأغراض المتخصصة.
بالإضافة إلى الصناعة، لقد كان للتكنولوجيا أثر على عمليات إعادة التدوير وإزالة الصدأ للأستانلس ستيل. تم تطوير تقنيات جديدة لجعل هذه العمليات أكثر كفاءة وصديقة للبيئة.
بشكل عام، لقد كان للتكنولوجيا أثر كبير على صناعة الأستانلس ستيل، حيث جعلها أكثر كفاءة وأكثر كفاءة تكلفة ومتعددة الاستخدامات. وبما أن التكنولوجيا مستمرة في التطور، فمن المرجح أن يتم العثور على مزيد من التحسينات والابتكارات في صناعة وتطبيقات منتجات الاستانلس ستيل في المستقبل.
تأثير التكنولوجيا في صناعة الاستانلس ستيل في صناعة الأغذية
تلعب صناعة الاستانلس ستيل دورًا حيويًا في صناعة الأغذية، حيث تستخدم في الكثير من التطبيقات، مثل صناعة الأدوات المستخدمة في الطهي والتخزين ونقل الأغذية. وتعد التكنولوجيا أحد العوامل الرئيسية التي تؤثر على صناعة الاستانلس ستيل في الصناعة الغذائية.
تم استخدام التكنولوجيا في تحسين جودة المواد الغذائية والحفاظ عليها، وذلك من خلال تصنيع معدات الأغذية الجديدة من استخدام الاستانلس ستيل المقاوم للصدأ والمضاد للتآكل، مما يحمي الأغذية من التلوث ويطيل عمرها الافتراضي. كما أن التكنولوجيا تستخدم في تصميم وتصنيع معدات الأغذية بشكل يسهل عمليات التنظيف والتعقيم، مما يقلل من خطر تلوث الأغذية وانتشار الأمراض.
وبفضل التكنولوجيا، تم تطوير أساليب جديدة لتخزين الأغذية ونقلها باستخدام مواد الاستانلس ستيل، مما يساهم في الحفاظ على نقاء وجودة الأغذية ويضمن سلامة الأغذية عند وصولها إلى المستهلكين.
وتستخدم التكنولوجيا أيضًا في تحسين عمليات التعبئة والتغليف والتخزين، حيث يمكن استخدام التكنولوجيا لتصميم معدات العبوات والتغليف المصنوعة من الاستانلس ستيل، والتي تحمي الأغذية من التلف والتعفن والتأثيرات الخارجية السلبية.
وبالإضافة إلى ذلك، تستخدم التكنولوجيا في تحسين عمليات صناعة المواد الغذائية، مثل عمليات الخلط والتحضير والتعبئة والتغليف والتخزين. ويمكن استخدام الاستانلس ستيل في العديد من هذه العمليات، مما يساعد على تحسين جودة ونظافة المواد الغذائية والحفاظ على سلامتها.
بشكل عام، يمكن القول أن التكنولوجيا لها تأثير كبير على صناعة الاستانلس ستيل في صناعة الأغذية، حيث تساعد على تحسين جودة وسلامة المواد الغذائية والحد من خطر تلوث الأغذية. ومن المتوقع أن تستمر التقنيات الجديدة في صناعة الاستانلس ستيل في التطور والتحسين في المستقبل المنظور.
تأثير التكنولوجيا في صناعة الاستانلس ستيل في معدات الطهي للفنادق والمطاعم والمطابخ
تلعب صناعة الاستانلس ستيل دورًا حيويًا في صناعة معدات الطهي للفنادق والمطاعم والمطابخ، حيث تستخدم في تصنيع الأدوات المستخدمة في الطهي والتخزين والنقل. وتعد التكنولوجيا أحد العوامل الرئيسية التي تؤثر على صناعة الاستانلس ستيل في مجال معدات الطهي.
تم استخدام التكنولوجيا في تحسين جودة معدات الطهي والحفاظ عليها، وذلكمن خلال تصميم وتصنيع معدات الطهي المبتكرة باستخدام الاستانلس ستيل المقاوم للصدأ والمضاد للتآكل، مما يحمي هذه المعدات من التلف والصدأ ويطيل عمرها الافتراضي. وتستخدم التكنولوجيا في تصميم معدات الطهي بشكل يسهل عمليات التنظيف والتعقيم، مما يقلل من خطر تلوث الأغذية وانتشار الأمراض.
وبفضل التكنولوجيا، تم تطوير معدات الطهي الجديدة التي تستخدم تقنيات متقدمة مثل الميكروويف والتحكم الآلي في درجات الحرارة والتحكم الأوتوماتيكي في الوقت، مما يجعل عمليات الطهي أكثر دقة وسرعة وكفاءة. ويمكن استخدام التكنولوجيا أيضًا في تصميم معدات الطهي المختلفة لتتناسب مع الأغذية التي يتم إعدادها، مما يساعد على تحسين جودة الطعام وتوفير الوقت والجهد.
كما أن التكنولوجيا تستخدم في تصميم وتصنيع معدات الطهي الصديقة للبيئة، حيث يتم استخدام مواد غير ضارة بالبيئة في تصنيع هذه المعدات.
وتستخدم التكنولوجيا أيضًا في تصميم وتصنيع معدات الطهي الصحية، حيث يتم استخدام الاستانلس ستيل المقاوم للصدأ والمضاد للتآكل في تصنيع هذه المعدات، مما يجعلها مقاومة للصدأ وسهلة التنظيف وتحافظ على نظافة الطعام وسلامته.
بشكل عام، يمكن القول أن التكنولوجيا لها تأثير كبير على صناعة الاستانلس ستيل في مجال معدات الطهي للفنادق والمطاعم والمطابخ، حيث تساعد على تحسين جودة وسلامة المعدات والأغذية التي يتم إعدادها وتساعد على تحسين كفاءة عمليات الطهي وتخفيض التكاليف. ومن المتوقع أن تستمر التقنيات الجديدة في صناعة الاستانلس ستيل في التطور والتحسين في المستقبل المنظور.
لقد أثرت التكنولوجيا بشكل كبير على صناعة الاستانلس ستيل في تصنيع معدات الطهي للفنادق والمطاعم والمطابخ. باستخدام التكنولوجيا المتقدمة، يمكن للمصنعين إنتاج معدات طهي أكثر كفاءة وجودة عالية مقاومة للتآكل والصدأ.
ومن بين الفوائد الرئيسية للتكنولوجيا في تصنيع معدات الطهي من الاستانلس ستيل هي القدرة على تصميم وإنتاج معدات سهلة التنظيف والتعقيم، وهذا مهم بشكل خاص في صناعة الأغذية حيث النظافة والسلامة مهمة بشكلحاسم. باستخدام التكنولوجيا المتقدمة، يمكن للمصنعين إنتاج معدات طهي تم تصميمها لتقليل خطر التلوث وانتشار الأمراض.
بالإضافة، فإن التكنولوجيا سمحت بتطوير تقنيات وأساليب طهي جديدة غيرت عالم الطهي. توفر المعدات التي تستخدم التكنولوجيا مثل الميكروويف والتحكم التلقائي في درجات الحرارة والتحكم الآلي في الوقت عمليات الطهي أكثر دقة وسرعة وكفاءة. ويمكن للمصنعين أيضًا تصميم معدات طهي مختلفة لتتناسب مع أنواع معينة من الأطعمة، مما يساعد على تحسين جودة الطعام المعد وتوفير الوقت والجهد.
ومن المهم أيضًا الإشارة إلى دور التكنولوجيا في تطوير معدات الطهي الصديقة للبيئة والمستدامة. مع زيادة الوعي بأهمية الاستدامة، يستخدم المصنعون الآن مواد صديقة للبيئة وتقنيات توفير الطاقة لإنتاج معدات طهي فعالة ومستدامة.
وبشكل عام، يمكن القول إن التكنولوجيا لها تأثير كبير على صناعة الاستانلس ستيل في تصنيع معدات الطهي للفنادق والمطاعم والمطابخ، حيث تساعد على تحسين جودة وسلامة المعدات والأغذية التي يتم إعدادها وتساعد على تحسين كفاءة عمليات الطهي وتخفيض التكاليف. ومن المتوقع أن تستمر التقنيات الجديدة في صناعة الاستانلس ستيل في التطور والتحسين في المستقبل.
المنتجات الجديدة
تقدم شركة الوستيل مجموعة متميزة من معدات الطبخ عالية الجودة للمطاعم والفنادق، تشمل المقالي العميقة المدمجة والمجموعات الكاملة. تُعد هذه المعدات أساسية لتعزيز الكفاءة والسمعة، حيث نقدم منتجات تتماشى مع أعلى معايير الجودة بأسعار تنافسية، مما يضمن نجاح مؤسستك في سوق تجهيزات المطاعم والمطابخ.
افران بيتزا حطب
أفران تعمل بالحطب حيث يتم طهي البيتزا باستخدام الخشب كمصدر أساسي للحرارة
عرض المزيد
شوايات حطب
تُعد الشوايات الخشبية إضافة مميزة لمطابخ المطاعم، حيث تقدم نكهة لا مثيل لها وتنوعاً كبيراً في الطهي. تستخدم هذه الشوايات...
عرض المزيد
شوايات دوارة مميزة
تعد الشوايات الدوارة من شركة الوستيل الخيار الأمثل للمطاعم والفنادق التي تسعى لتقديم أطباق مشوية عالية الجودة. بفضل تصميمها...
عرض المزيد
فرن بطاطس كومبير
فرن بطاطس كومبير
عرض المزيد
فرن عيش
فرن عيش
عرض المزيد
فرن تدخين
فرن تدخين
عرض المزيد
شواية فراخ كهرباء
شواية فراخ كهرباء
عرض المزيد
هل تبحث عن خدمات احترافية من اجل شركتك؟
تواصل معنا",13
https://alusteel.net/مقالات/أبرز-اتجاهات-تصميم-معدات-المطاعم,مقالات,أبرز اتجاهات تصميم معدات المطاعم | الوستيل لتجهيزات المطابخ والفنادق والمطاعم,,تعتبر تصميمات معدات المطاعم أمرًا حاسمًا في تحسين العمليات وتعزيز الكفاءة في المطاعم والفنادق,"أبرز اتجاهات تصميم معدات المطاعم
الرئيسية
مقالات
أبرز اتجاهات تصميم معدات المطاعم
وصف أبرز اتجاهات تصميم معدات المطاعم
تعتبر تصميمات معدات المطاعم أمرًا حاسمًا في تحسين العمليات وتعزيز الكفاءة في المطاعم والفنادق والأماكن الأخرى التي تستخدم المطابخ التجارية. وتتطلع الشركات المصنعة لمعدات المطاعم إلى تطوير تصميمات جديدة ومبتكرة لتلبية احتياجات العملاء وتحسين تجربتهم. وفيما يلي بعض أبرز اتجاهات تصميم معدات المطاعم:
التصميم الأنيق والوظيفي: يحرص المصممون على تصميم معدات المطاعم بطريقة تجمع بين الأناقة والوظائف المتعددة، حيث يتم التركيز على توفير معدات تجمع بين الجمالية والفعالية في الأداء، وهذا ما توفره شركة Alusteel في منتجاتها المختلفة.
المواد المتينة والصحية: يستخدم المصممون مواد ذات جودة عالية ومتانة لتحسين عمر المنتج وجعله يدوم لفترة أطول، كما يتم التركيز على استخدام المواد الصحية والمقاومة للصدأ والتي تسهل عملية التنظيف، وهذا ما توفره شركة Alusteel في منتجاتها المصنوعة من الفولاذ المقاوم للصدأ.
توفير المزيد من التقنيات: يستخدم المصممون تقنيات جديدة ومبتكرة لتحسين أداء المعدات وتوفير خيارات إضافية للعملاء، مثل التحكم الرقمي في درجة الحرارة والتوقيت والإضاءة والمزيد، وهذا ما توفره شركة Alusteel في منتجاتها المختلفة.
التصميم القابل للتخصيص: يعتبر التصميم القابل للتخصيص واحدًا من أبرز اتجاهات تصميم معدات المطاعم، حيث يتيح هذا الاتجاه للعملاء تصميم المعدات وفقًا لاحتياجاتهم ومتطلباتهم الخاصة، وهذا ما توفره شركة Alusteel من خلال إمكانية تصميم المعدات وفقًا لمتطلبات العملاء.
يمكن القول أن شركة Alusteel تلتزم بأحدث اتجاهات تصميم معدات المطاعم وتعمل على توفير منتجات عالي الجودة والتي تجمع بين الأناقة والوظائف المتعددة والمواد المتينة والصحية وتقنيات جديدة وأساليب تصميم قابلة للتخصيص والتي تلبي احتياجات العملاء. وتعمل الشركة على تطوير منتجات جديدة ومبتكرة لتلبية تحديات المطابخ التجارية وتحسين أدائها وكفاءتها في العمليات. وبالإضافة إلى ذلك، توفر شركة Alusteel خدمات شاملة لصيانة وإصلاح وتركيب المعدات، مما يضمن أن تستمر المعدات في العمل بكفاءة عالية لفترة طويلة من الزمن.
باختصار، فإن شركة Alusteel تلتزم بأحدث اتجاهات تصميم معدات المطاعم وتقدم منتجات وخدمات عالية الجودة لتلبية احتياجات العملاء وتحسين تجربتهم.
حول أبرز اتجاهات تصميم معدات المطاعم. نظرًا للتطورات الكبيرة التي شهدها هذا القطاع في السنوات الأخيرة، فإن هناك العديد من الاتجاهات الجديدة التي يجب أخذها بعين الاعتبار عندما يتعلق الأمر بتصميم معدات المطاعم. وفيما يلي بعض الاتجاهات الإضافية التي يمكن تضمينها في المقال:
التصميم الذكي والمتصل: يعتبر التصميم الذكي والمتصل واحدًا من أحدث اتجاهات تصميم معدات المطاعم، حيث يتم استخدام التقنيات الحديثة والشبكات الذكية والاتصالات اللاسلكية لجعل المعدات تعمل بشكل أفضل وأكثر فعالية، وتوفير خدمات مرنة ومتصلة بشبكة الإنترنت. وتعمل شركة Alusteel على توفير معدات تتضمن هذه التقنيات الحديثة والتصميمات الذكية لتلبية احتياجات العملاء.
التصميم الخضراء: يتطلع العديد من العملاء إلى تصميمات معدات المطاعم التي تستخدم تقنيات الطاقة الخضراء والتي تقلل من استهلاك الطاقة وتحسن كفاءة الطاقة، وهذا ما توفره شركة Alusteel من خلال استخدام تقنيات الطاقة المتجددة والمصادر المستدامة في تصميماتها.
التصميم العملي والمساحي: يحرص المصممون على تصميم المعدات بطريقة تجعلها سهلة الاستخدام والتنظيف والصيانة، وتوفر شركة Alusteel معدات تصميمها يتميز بالعملية والمساحي والذي يتوافق مع متطلبات المطابخ التجارية المختلفة.
التصميم الفريد والمخصص: يمكن للعملاء تصميم معدات المطاعم وفقًا لاحتياجاتهم ورغباتهم الخاصة، وهذا ما توفره شركة Alusteel من خلال خدمات التصميم المخصص التي تتيح للعملاء تصميم المعدات حسب الاحتياجات الخاصة بهم.
باختصار، فإن هناك العديد من الاتجاهات المهمة التي يجب أخذها بعين الاعتبار عندما يتعلق الأمر بتصميم معدات المطاعم، وتعمل شركة Alusteel على تلبية هذه الاحتياجات من خلال تقديم تصميمات مبتكرة وعملية وفريدة من نوعها. ومن المهم أيضًا الإشارة إلى أن تصميم المعدات ليس فقط يتعلق بالشكل الجمالي والوظيفية، بل يتعلق أيضًا بالجودة والمتانة والسلامة، وهذا ما يضمنه شركة Alusteel من خلال استخدامها للمواد عالية الجودة والتكنولوجيات المتطورة والمعايير العالية في عملية التصنيع والتحكم في الجودة.
التصميم بناءً على البيانات: يمكن استخدام تحليل البيانات وتقنيات الذكاء الاصطناعي لتحليل سلوك المستهلكين واستخدام هذه البيانات لتصميم معدات المطاعم التي تلبي احتياجات العملاء بدقة أكبر. ويمكن أن تساعد شركة Alusteel في تطوير هذه التقنيات المتطورة لتصميم المعدات بناءً على البيانات.
التصميم المنخفض التكلفة: يمكن تصميم معدات المطاعم بطريقة تتسم بالانخفاض في التكلفة، وذلك بفضل استخدام المواد ذات الجودة العالية والتقنيات المتطورة التي توفر تكلفة تصنيع أقل، وهذا ما يمكن أن توفره شركة Alusteel من خلال تقديمها لمعدات بجودة عالية وبأسعار تنافسية.
التصميم الآمن: يمكن تصميم معدات المطاعم بطريقة تضمن السلامة والأمان للمستخدمين، وذلك بفضل استخدام التقنيات الحديثة والمواد الآمنة والتصميمات الفعالة التي تقلل من حدوث الحوادث والإصابات. وتسعى شركة Alusteel دائمًا إلى تحسين تصميماتها لتوفير أعلى مستويات السلامة والأمان للمستخدمين.
التصميم العالمي: يمكن تصميم معدات المطاعم بطريقة تلبي احتياجات العملاء في جميع أنحاء العالم، وذلك بفضل الفهم العميق لاحتياجات السوق المختلفة والتصميمات المتعددة التي تناسب المطابخ المختلفة والاحتياجات الثقافية واللغوية المتنوعة. وتعمل شركة Alusteel على تصميم معدات متعددة الاستخدامات ومتعددة الأغراض لتلبية متطلبات العملاء في جميع أنحاء العالم.
بشكل عام، فإن تصميم معدات المطاعم يعتبر عملية معقدة تتطلب الكثير من الجهد والتفكير والتخطيط. وتساعد شركة Alusteel في تحقيق هذه الأهداف من خلال توفير معدات ذات جودة عالية وتصميمات مبتكرة ومتطورة، والتي تلبي احتياجات المطابخ التجارية المختلفة وتوفر الكفاءة والأمان والاستدامة. ويمكن للعملاء الاعتماد على شركة Alusteel لتقديم معدات المطاعم المثالية لتلبية احتياجاتهم وتحسين تجربة العملاء في مطاعمهم.
المنتجات الجديدة
تقدم شركة الوستيل مجموعة متميزة من معدات الطبخ عالية الجودة للمطاعم والفنادق، تشمل المقالي العميقة المدمجة والمجموعات الكاملة. تُعد هذه المعدات أساسية لتعزيز الكفاءة والسمعة، حيث نقدم منتجات تتماشى مع أعلى معايير الجودة بأسعار تنافسية، مما يضمن نجاح مؤسستك في سوق تجهيزات المطاعم والمطابخ.
افران بيتزا حطب
أفران تعمل بالحطب حيث يتم طهي البيتزا باستخدام الخشب كمصدر أساسي للحرارة
عرض المزيد
شوايات حطب
تُعد الشوايات الخشبية إضافة مميزة لمطابخ المطاعم، حيث تقدم نكهة لا مثيل لها وتنوعاً كبيراً في الطهي. تستخدم هذه الشوايات...
عرض المزيد
شوايات دوارة مميزة
تعد الشوايات الدوارة من شركة الوستيل الخيار الأمثل للمطاعم والفنادق التي تسعى لتقديم أطباق مشوية عالية الجودة. بفضل تصميمها...
عرض المزيد
فرن بطاطس كومبير
فرن بطاطس كومبير
عرض المزيد
فرن عيش
فرن عيش
عرض المزيد
فرن تدخين
فرن تدخين
عرض المزيد
شواية فراخ كهرباء
شواية فراخ كهرباء
عرض المزيد
هل تبحث عن خدمات احترافية من اجل شركتك؟
تواصل معنا",13
https://alusteel.net/مقالات/البان-مارى,مقالات,البان مارى | الوستيل لتجهيزات المطابخ والفنادق والمطاعم,,فى الوستيل نوفر البان ماري الكهربائي ، لتلبية متطلبات المطاعم والفنادق المختلفة حيث يتكون الجهاز من أوعية ستانلس ستيل داخل وعاء يعمل بالكهرباء أو الغاز، مع نظام تسخين مائي للتحكم في درجة الحرارة عبر ثرموستات بالاضافة الى لمبات بيان وأجهزة وقاية كاملة و يتميز الجهاز بجسم داخلي وخارجي من الأستانلس ستيل 304 و حوض ماء عميق بعمق 15 سم، ومحبس صرف.,"البان مارى
الرئيسية
مقالات
البان مارى
وصف البان مارى
البان ماري هو جهاز متخصص في تسخين الطعام، يستخدم بشكل رئيسي في المطاعم والكافيهات والفنادق للحفاظ على درجة حرارة الطعام.
يتكون البان مارى من وعاء أكبر يحتوي على ماء ساخن، ووعاء أصغر يُوضع بداخله ويحتوي على الطعام المراد تسخينه أو طهيه بحيث تعمل الحرارة المنبعثة من الماء الساخن على تسخين الطعام بلطف وبشكل متساوٍ، مما يمنع احتراقه أو التصاقه.
هذه الطريقة مثالية لتحضير الأطعمة الحساسة للحرارة المباشرة مثل:
الصلصات الكريمية مثل صلصة البشاميل والهولنديز.
الحلويات مثل الكاسترد والتشيز كيك والموس.
الشوكولاتة المذابة، حيث يمنعها من الاحتراق والتكتل.
الحفاظ على دفء الأطعمة المطبوخة دون الإفراط في طهيها.
يوفر الاستانلس ستيل العديد من المزايا التي تجعله المادة المثالية لصنع البان مارى:
المتانة والصلابة: يتميز الاستانلس ستيل بقوته وتحمله للحرارة العالية والاستخدام المتكرر دون أن يصدأ أو يتآكل. هذا يضمن عمرًا افتراضيًا طويلًا.
مقاومة الصدأ والتآكل: طبيعة الاستانلس ستيل غير المسامية تجعله مقاومًا للصدأ والبقع والتفاعلات الكيميائية مع الأطعمة المختلفة وهذا يضمن سلامة الطعام ونظافة الأداة.
توزيع الحرارة الجيد: على الرغم من أن الاستانلس ستيل ليس أفضل موصل للحرارة بمفرده، إلا أنه غالبًا ما يكون متعدد الطبقات أو مزودًا بقاعدة سميكة من مواد أخرى مثل الألومنيوم أو النحاس لتحسين توزيع الحرارة بشكل متساوٍ على الطعام.
سهولة التنظيف: سطح الاستانلس ستيل الأملس غير مسامي، مما يجعل تنظيفه أمرًا سهلاً للغاية باستخدام الماء والصابون أو وضعه في غسالة الأطباق.
مظهر أنيق وعصري: يتميز الاستانلس ستيل بمظهره اللامع والأنيق الذي يتناسب مع مختلف أنماط المطابخ.
نصائح لاستخدام البان مارى المصنوع من الاستانلس ستيل:
تأكد من أن مستوى الماء في الوعاء السفلي أقل من قاع الوعاء العلوي.
لا تدع الماء يغلي بغزارة، فالحرارة اللطيفة هي المطلوبة.
استخدم قفازات أو مناشف سميكة عند التعامل مع الأوعية الساخنة.
نظف جيدًا بعد كل استخدام للحفاظ على مظهره ووظيفته.
فى الوستيل نوفر البان ماري الكهربائي ، لتلبية متطلبات المطاعم والفنادق المختلفة حيث يتكون الجهاز من أوعية ستانلس ستيل داخل وعاء يعمل بالكهرباء أو الغاز، مع نظام تسخين مائي للتحكم في درجة الحرارة عبر ثرموستات بالاضافة الى لمبات بيان وأجهزة وقاية كاملة و يتميز الجهاز بجسم داخلي وخارجي من الأستانلس ستيل 304 و حوض ماء عميق بعمق 15 سم، ومحبس صرف.
المنتجات الجديدة
تقدم شركة الوستيل مجموعة متميزة من معدات الطبخ عالية الجودة للمطاعم والفنادق، تشمل المقالي العميقة المدمجة والمجموعات الكاملة. تُعد هذه المعدات أساسية لتعزيز الكفاءة والسمعة، حيث نقدم منتجات تتماشى مع أعلى معايير الجودة بأسعار تنافسية، مما يضمن نجاح مؤسستك في سوق تجهيزات المطاعم والمطابخ.
افران بيتزا حطب
أفران تعمل بالحطب حيث يتم طهي البيتزا باستخدام الخشب كمصدر أساسي للحرارة
عرض المزيد
شوايات حطب
تُعد الشوايات الخشبية إضافة مميزة لمطابخ المطاعم، حيث تقدم نكهة لا مثيل لها وتنوعاً كبيراً في الطهي. تستخدم هذه الشوايات...
عرض المزيد
شوايات دوارة مميزة
تعد الشوايات الدوارة من شركة الوستيل الخيار الأمثل للمطاعم والفنادق التي تسعى لتقديم أطباق مشوية عالية الجودة. بفضل تصميمها...
عرض المزيد
فرن بطاطس كومبير
فرن بطاطس كومبير
عرض المزيد
فرن عيش
فرن عيش
عرض المزيد
فرن تدخين
فرن تدخين
عرض المزيد
شواية فراخ كهرباء
شواية فراخ كهرباء
عرض المزيد
هل تبحث عن خدمات احترافية من اجل شركتك؟
تواصل معنا",10
https://alusteel.net/مقالات/الوستيل-ريادة-متجددة-في-عالم-تجهيزات-المطابخ-الفندقية,مقالات,الوستيل ريادة متجددة في عالم تجهيزات المطابخ الفندقية | الوستيل لتجهيزات المطابخ والفنادق والمطاعم,,تأتي مشاركة شركة الوستيل في معرض HACE Hotel Expo 2025 كخطوة طبيعية ومهمة في مسيرتها نحو التميز. إنها فرصة للشركة لتجديد عهدها بتقديم أفضل المنتجات والخدمات لقطاع الضيافة، وتأكيد التزامها بالابتكار والجودة. ومع كل دورة جديدة من المعرض، تثبت الوستيل أنها ليست مجرد شركة لتصنيع المعدات، بل هي شريك استراتيجي يساهم بفاعلية في تطوير وتحديث المطابخ الفندقية والمطاعم، بما يضمن لها النجاح والازدهار في سوق دائم التطور.,"الوستيل ريادة متجددة في عالم تجهيزات المطابخ الفندقية
الرئيسية
مقالات
الوستيل ريادة متجددة في عالم تجهيزات المطابخ الفندقية
وصف الوستيل ريادة متجددة في عالم تجهيزات المطابخ الفندقية
تستعد شركة الوستيل، الاسم الرائد في صناعة وتوريد معدات المطابخ الفندقية والمطاعم، للمشاركة في معرض HACE Hotel Expo 2025، الذي يُعد أحد أبرز وأهم الأحداث في قطاع الضيافة في مصر والشرق الأوسط. تأتي هذه المشاركة في إطار سلسلة من النجاحات المستمرة للشركة، التي اعتادت على الحضور القوي والمؤثر في الدورات السابقة للمعرض، وهو ما يؤكد مكانتها المرموقة وثقتها المتزايدة في قدراتها الابتكارية ومنتجاتها عالية الجودة.
استعراض مسيرة النجاح من الدورات السابقة إلى 2025
:
إن مشاركة شركة الوستيل في HACE Hotel Expo 2025 ليست مجرد حدث منفرد، بل هي تتويج لمسيرة طويلة من التميز والريادة. على مدار السنوات الماضية، حرصت الشركة على التواجد الدائم في هذا المعرض، حيث استعرضت أحدث ما توصلت إليه في مجال تصميم وتصنيع معدات المطابخ الاحترافية. وقد كانت منصتها في كل دورة سابقة بمثابة نقطة جذب رئيسية لمديري الفنادق، وأصحاب المطاعم، والمستثمرين، والشيفات، الذين كانوا يتطلعون إلى التعرف على الحلول المبتكرة التي تقدمها الوستيل.
وخلال هذه المشاركات، لم تكتفِ الشركة بعرض منتجاتها فحسب، بل قامت بتقديم استشارات متخصصة حول كيفية تصميم المطابخ بما يضمن أعلى كفاءة في العمل، وتقليل التكاليف التشغيلية، وزيادة الإنتاجية. هذه الرؤية الشاملة التي تجمع بين الجودة والتصميم الوظيفي هي ما يميز الوستيل ويجعلها الشريك المفضل للعديد من المشاريع الفندقية والمطعمية الكبرى في مصر وخارجها.
ما الذي يميز مشاركة الوستيل في معرض 2025؟
تتطلع الوستيل إلى أن تكون مشاركتها في HACE Hotel Expo 2025 استثنائية بكل المقاييس.
الابتكار والتكنولوجيا
:
ستستعرض الوستيل أحدث معداتها التي تتضمن تقنيات متطورة تهدف إلى توفير الطاقة وتحسين الأداء، مثل أفران الطهي الذكية، وأنظمة التبريد الفعالة، والمواقد الحديثة.
الجودة والمتانة
:
ستؤكد الشركة على استخدامها لأجود أنواع الفولاذ المقاوم للصدأ والمواد الأخرى التي تضمن طول عمر المعدات وتحملها لظروف العمل الشاقة في المطابخ الاحترافية.
حلول متكاملة ومخصصة
:
لن تقتصر المشاركة على عرض المعدات الفردية، بل ستقدم الشركة حلولًا متكاملة لتجهيز المطابخ من الألف إلى الياء، مع إمكانية تصميم وتصنيع معدات مخصصة لتلبية احتياجات كل عميل على حدة.
توسيع شبكة الأعمال
:
يمثل المعرض فرصة ذهبية للوستيل لتعزيز علاقاتها مع عملائها الحاليين وبناء شراكات جديدة مع العملاء المحتملين من مختلف أنحاء العالم.
الوستيل تسعي الى تعزيز الريادة والتفوق
:
تأتي مشاركة شركة الوستيل في معرض HACE Hotel Expo 2025 كخطوة طبيعية ومهمة في مسيرتها نحو التميز. إنها فرصة للشركة لتجديد عهدها بتقديم أفضل المنتجات والخدمات لقطاع الضيافة، وتأكيد التزامها بالابتكار والجودة. ومع كل دورة جديدة من المعرض، تثبت الوستيل أنها ليست مجرد شركة لتصنيع المعدات، بل هي شريك استراتيجي يساهم بفاعلية في تطوير وتحديث المطابخ الفندقية والمطاعم، بما يضمن لها النجاح والازدهار في سوق دائم التطور.
المنتجات الجديدة
تقدم شركة الوستيل مجموعة متميزة من معدات الطبخ عالية الجودة للمطاعم والفنادق، تشمل المقالي العميقة المدمجة والمجموعات الكاملة. تُعد هذه المعدات أساسية لتعزيز الكفاءة والسمعة، حيث نقدم منتجات تتماشى مع أعلى معايير الجودة بأسعار تنافسية، مما يضمن نجاح مؤسستك في سوق تجهيزات المطاعم والمطابخ.
افران بيتزا حطب
أفران تعمل بالحطب حيث يتم طهي البيتزا باستخدام الخشب كمصدر أساسي للحرارة
عرض المزيد
شوايات حطب
تُعد الشوايات الخشبية إضافة مميزة لمطابخ المطاعم، حيث تقدم نكهة لا مثيل لها وتنوعاً كبيراً في الطهي. تستخدم هذه الشوايات...
عرض المزيد
شوايات دوارة مميزة
تعد الشوايات الدوارة من شركة الوستيل الخيار الأمثل للمطاعم والفنادق التي تسعى لتقديم أطباق مشوية عالية الجودة. بفضل تصميمها...
عرض المزيد
فرن بطاطس كومبير
فرن بطاطس كومبير
عرض المزيد
فرن عيش
فرن عيش
عرض المزيد
فرن تدخين
فرن تدخين
عرض المزيد
شواية فراخ كهرباء
شواية فراخ كهرباء
عرض المزيد
هل تبحث عن خدمات احترافية من اجل شركتك؟
تواصل معنا",8
https://alusteel.net/مقالات/الابتكار-في-خدمة-الطهي-وتأثير-الوستيل-على-عالم-المطابخ-الاحترافية,مقالات,"الابتكار في خدمة الطهي وتأثير ""الوستيل"" على عالم المطابخ الاحترافية | الوستيل لتجهيزات المطابخ والفنادق والمطاعم",,"يمكن القول إن ""الوستيل"" لم تقدم مجرد معدات، بل قدمت خبرات متكاملة أثرت بشكل عميق على قطاع المطابخ الاحترافية. من خلال الجمع بين الجودة الفائقة، الابتكار التكنولوجي، التصميم العملي، والدعم المستمر، أصبحت ""الوستيل"" اسمًا مرادفًا للتميز في عالم الطهي الاحترافي، ومكنت خبراء الطهي من التركيز على ما يجيدونه حقًا: خلق تجارب طعام لا تُنسى.

الوستيل ترحب بخبراء الطهى فى معرض HACE HOTEL EXPO 2025

بمركز مصر للمعارض الدولية ( صالة 3 ) فى الفترة من 7 الى 9 اكتوبر","الابتكار في خدمة الطهي وتأثير ""الوستيل"" على عالم المطابخ الاحترافية
الرئيسية
مقالات
الابتكار في خدمة الطهي وتأثير ""الوستيل"" على عالم المطابخ الاحترافية
وصف الابتكار في خدمة الطهي وتأثير ""الوستيل"" على عالم المطابخ الاحترافية
الابتكار في خدمة الطهي وتأثير ""الوستيل"" على عالم المطابخ الاحترافية
لطالما كان عالم الطهي الاحترافي مزيجًا من الفن والدقة، ولا يمكن أن تكتمل هذه المعادلة بدون أدوات ومعدات على أعلى مستوى من الجودة والكفاءة. في هذا السياق، برزت شركة
""
الوستيل
""
كلاعب أساسي غيَّر من مفهوم المطابخ الفندقية ومطاعم النخبة، مقدمةً حلولًا مبتكرة وتجارب فريدة لخبراء الطهي حول العالم.
لم تكن ""الوستيل"" مجرد مورد للمعدات، بل كانت شريكًا استراتيجيًا يهدف إلى تمكين الطهاة من تحقيق أعلى مستويات الإبداع والإنتاجية.
الجودة والمتانة: أسس لا تقبل المساومة
أدركت ""الوستيل"" منذ البداية أن بيئة المطبخ الاحترافي تتطلب معدات تتحمل الاستخدام المكثف والظروف الصعبة. لذا، ركزت على استخدام أفضل المواد الخام مثل
(Stainless Steel)
عالي الجودة في جميع منتجاتها، من الأفران الحرارية إلى أجهزة التبريد ومنضدات العمل.
هذه المتانة الفائقة ليست فقط ضمانًا لطول عمر المعدات، بل هي أيضًا استثمار في سلامة ونظافة المطبخ، مما يقلل من الحاجة إلى الصيانة المتكررة ويوفر للطهاة بيئة عمل موثوقة.
الكفاءة التشغيلية والابتكار التكنولوجي
لعل أبرز ما يميز ""الوستيل"" هو التزامها بالابتكار. قدمت الشركة أجهزة مزودة بتقنيات حديثة تهدف إلى تبسيط العمليات وزيادة الكفاءة. على سبيل المثال، أنظمة التحكم الذكية في أفرانها التي تسمح للطهاة بضبط درجة الحرارة والرطوبة بدقة متناهية، مما يضمن طهيًا مثاليًا لكل طبق.
كما أن أنظمة التبريد السريعة (Blast Chillers) التي توفرها تساهم في الحفاظ على جودة الأطعمة وسلامتها لفترات أطول، مما يعد أمرًا حيويًا في المطاعم والفنادق الكبيرة. هذه الابتكارات لم تقتصر على الأداء فقط، بل شملت أيضًا كفاءة استهلاك الطاقة، وهو ما يمثل قيمة اقتصادية وبيئية مهمة.
التصميم العملي والمرونة
المطبخ الاحترافي ليس مجرد مساحة للطهي، بل هو ساحة عمل منظمة. هنا يأتي دور تصميم ""الوستيل"" العملي والمرن. لقد قدمت الشركة حلولًا يمكن تخصيصها لتناسب أي مساحة، من المطابخ الصغيرة في المطاعم البوتيكية إلى الأقسام المتعددة في مطابخ الفنادق الضخمة. تصميم المعدات يأخذ في الاعتبار تدفق العمل في المطبخ، مما يسهل حركة الطهاة ويزيد من سرعة تحضير الطلبات. بالإضافة إلى ذلك، فإن سهولة تنظيف وصيانة المعدات كانت دائمًا أولوية، مما يوفر الوقت والجهد على فريق العمل.
دعم خبراء الطهي بأكثر من مجرد منتج
لم تكن علاقة ""الوستيل"" مع عملائها علاقة بائع ومشتري فقط. بل امتدت لتشمل الدعم والخبرة. قدمت الشركة استشارات خاصة للطهاة حول كيفية الاستفادة القصوى من معداتها، وكيفية استخدام التقنيات الحديثة لتحسين جودة الأطباق. هذا الدعم المستمر ساهم في بناء مجتمع من الطهاة المحترفين الذين يثقون في منتجات ""الوستيل"" ويعتمدون عليها لتحقيق رؤيتهم الإبداعية.
في الختام، يمكن القول إن ""الوستيل"" لم تقدم مجرد معدات، بل قدمت
خبرات متكاملة
أثرت بشكل عميق على قطاع المطابخ الاحترافية. من خلال الجمع بين الجودة الفائقة، الابتكار التكنولوجي، التصميم العملي، والدعم المستمر، أصبحت ""الوستيل"" اسمًا مرادفًا للتميز في عالم الطهي الاحترافي، ومكنت خبراء الطهي من التركيز على ما يجيدونه حقًا:
خلق تجارب طعام لا تُنسى
.
الوستيل ترحب بخبراء الطهى فى معرض HACE HOTEL EXPO 2025
بمركز مصر للمعارض الدولية ( صالة 3 ) فى الفترة من 7 الى 9 اكتوبر 2025
المنتجات الجديدة
تقدم شركة الوستيل مجموعة متميزة من معدات الطبخ عالية الجودة للمطاعم والفنادق، تشمل المقالي العميقة المدمجة والمجموعات الكاملة. تُعد هذه المعدات أساسية لتعزيز الكفاءة والسمعة، حيث نقدم منتجات تتماشى مع أعلى معايير الجودة بأسعار تنافسية، مما يضمن نجاح مؤسستك في سوق تجهيزات المطاعم والمطابخ.
افران بيتزا حطب
أفران تعمل بالحطب حيث يتم طهي البيتزا باستخدام الخشب كمصدر أساسي للحرارة
عرض المزيد
شوايات حطب
تُعد الشوايات الخشبية إضافة مميزة لمطابخ المطاعم، حيث تقدم نكهة لا مثيل لها وتنوعاً كبيراً في الطهي. تستخدم هذه الشوايات...
عرض المزيد
شوايات دوارة مميزة
تعد الشوايات الدوارة من شركة الوستيل الخيار الأمثل للمطاعم والفنادق التي تسعى لتقديم أطباق مشوية عالية الجودة. بفضل تصميمها...
عرض المزيد
فرن بطاطس كومبير
فرن بطاطس كومبير
عرض المزيد
فرن عيش
فرن عيش
عرض المزيد
فرن تدخين
فرن تدخين
عرض المزيد
شواية فراخ كهرباء
شواية فراخ كهرباء
عرض المزيد
هل تبحث عن خدمات احترافية من اجل شركتك؟
تواصل معنا",8
https://alusteel.net/مقالات/صناعة-الاستانلس-ستيل-في-مصر,مقالات,صناعة الاستانلس ستيل في مصر | الوستيل لتجهيزات المطابخ والفنادق والمطاعم,,,"صناعة الاستانلس ستيل في مصر
الرئيسية
مقالات
صناعة الاستانلس ستيل في مصر
وصف صناعة الاستانلس ستيل في مصر
الوستيل رواد صناعة الاستانلس ستيل في مصر
كل ما تريد معرفته عن خام الاستانلس ستيل، ولماذا هو الأفضل الخامات التي تستخدم في صناعة مستلزمات ومعدات المطابخ.
تاريخ طويل وعريق في مشوار شركة الوستيل ومجال استخدام أفضل انواع الاستانلس ستيل الغير قابل للصدأ، في صناعة مستلزمات ومعدات المطابخ وتجهيزات الفنادق والمطاعم.
جاءت رؤية إدارة شركة الوستيل للتجارة والهندسة منذ نشأتها، هي الاهتمام بالعميل وكيف يمكن كسب ثقة العملاء، ومن هنا كان لزاما اعتماد نهج مختلف من خلال صنع منتجات جديرة بالثقة ذات جودة عالية، وحرصت إدارة شركة الوستيل للتجارة والهندسة، وضع خطة عمل وقوانين محكمة للتأكد دائمًا من أن منتجاتها ذات جودة عالية، وعزز إدارة مراقبة الجودة من خلال الالتزام دائمًا بالمعايير والإرشادات المعتمدة لضمان جودة المنتجات ومطابقاتها للمعايير لكسب رضاء عملائها.
تستخدم شركة الوستيل للتجارة والهندسة، الواح الاستانلس ستيل (الفولاذ، أو الصلب المقاوم للصدأ) في صناعته لوازم ومعدات المطابخ وتجهيزات الفنادق والمطاعم، مثل الجريل، والافران، والمواقد، والبوتاجازات، والشوايات، والقلايات، وشوايات الشاورما، وحلة الطبخ بالبخار، والحلة البخارية، ومربع الارز، والثلاجات الراسية والافقية، والترابيزات، والاحواض، والتروليات، والاهواد وغيرها، وذلك لما يميز الاستانلس ستيل بمقاومته الجيدة للتآكل حتى عند درجات حرارة أعلى من 1000 درجة مئوية.
يُطلق على الستانلس ستيل اسم ""الفولاذ المقاوم للصدأ"" وهو الاسم الأشهر للستانلس ستيل، ويعتبر الستانلس ستيل مزيج من عدة معادن (سبيكة معدنية) تتكون من: الحديد، الكروم، النيكل، المولبيديوم والكربون، وتختلف نسب هذه المعادن لتعطي عدة أنواع للستانلس ستيل، قد يُضاف أحياناً معادن أو مواد أخرى مثل المغنيزيوم أو النحاس أو النتروجين بغية إكسابه خصائص خاصة.
وللستانلس ستيل خصائص ميكانيكية معينة ومقاومة جيدة للتآكل والصدأ في اعلى درجات الحرارة، ويكتسب الاستانلس ستيل مقاومته للصدأ والتآكل بسبب تكوين طبقة رقيقة متماسكة وغير مرئية من أكسيد الكروم تلتصق بسطح المعدن وتقية من التآكل، وتكون هذه الطبقة واقية بدرجة كافية كلما كانت نسبة الكروم في الفولاذ عالية، عكس المواد الأخرى مثل الحديد (يصدأ بسرعة) الذي يُعتبر عنصراً منفرد، والألومنيوم (خفيف الوزن) لا يتحمل الأعمال الشاقة.
"" عرف الفولاذ المقاوم للصدأ لأول مرة من قبل هاري بريسلي في العام حيث استطاع الحصول على سبيكة تحتوي على كروم لا تصدأ في الجو وفي أوساط أخرى وقد استعملت لصناعة أدوات المائدة ومنذ ذلك الحين وحتى الآن ظهرت أنواعا عديدة خصوصا تلك التي تتطلب مقاومة عالية للتآكل بسبب وجود وسط قاس مساعد على التآكل مثل الأوساط الموجودة في الصناعات الكيميائية والبترولية.""
""هذا الاسم ينبع من حقيقة أن الصلب المقاوم للصدأ لا يصدأ بتلك السهولة التي يصدأ بها الصلب الكربوني العادي، ولكنه في الحقيقة قابل للتآكل والصدأ عند ظروف خاصة، وتختلف مقاومته للصدأ باختلاف نسبة الكروم فيه، لذا فإنه من المهم اختيار النوع الصحيح من الصلب المقاوم للصدأ حسب التطبيق الذي سيستخدم فيه.""
""يقسم الفولاذ المقاوم للصدأ حسب التركيب الميتالرجي إلى أربع مجاميع رئيسية تختلف عن بعضها البعض في مقاومتها للتآكل وخواصها الميكانيكية وكذلك كلفتها، وإن كل مجموعة تحوي على أنواع قياسية تختلف عن بعضها في التركيب الكيمياوي وكذا في استخداماتها، وكل نوع يشار إليه برقم يسمى الرقم الدال أو رقم الدلالة وحسب الأنظمة المختلفة مثل النظام الأمريكي الخاص بجمعية الحديد والفولاذ الأمريكية (AISI).""
إن تصنيع ستانلس ستيل أمر ليس باليسير، بغض النظر عن التكلفة العالية اللازمة لإنشاء مصنع ستانلس ستيل، فيجب أن يكون لديك طاقم عمل من الخبراء والمهندسين والفنيين المهرة ذوات الخبرات العالية في مجال تصنيع ستانلس ستيل، وحرصت شركة الوستيل للتجارة والهندسة على بناء فريق عمل ذو خبرة ومدرب على أحدث التقنيات الحديثة في مجال تصنيع ستانلس ستيل، و في كافة التخصصات اللازمة لتشغيل وإدارة المصنع مثل الفيزياء، الكيمياء، الهندسة، تكنولوجيا المعلومات، إدارة الأعمال (Business administration)، حيث تحتاج إلى قوة عاملة ماهرة منضبطة ومرنة، هذا بخلاف باقى التخصصات الادارية الأخرى مثل إدارة الحسابات (مسؤول الحسابات الذي يدير نفقات المصنع ورواتب الموظفين، ومحاسب تكاليف، ومحاسب للموردين والعملاء‘ ومدير الحسابات)، إدارة الرقابة على الجودة، مدير الانتاج، ومدير المصنع، وعمال خطوط النتاج، وعمال النقل والتوزيع، وعمال المخازن، وتخصيص عمال لحماية أمن المصنع والمخازن التابعة له.
تم إنشاء مصنع الوستيل للتجارة والهندسة بمساحة 4500 متر مربع، بمدينة العبور بالمنطقة الصناعية الثانية، حيث أن الموقع يلعب دورًا مهمًا في عمليات تصنيع مستلزمات ومعدات وتجهيزات المطابخ من ستانلس ستيل الفولاذ المقاوم للصدأ، حيث ساعد موقع مصنع الوستيل للتجارة والهندسة قرب من المصدر (الموردون والبائعون، ومصادر والتوزيع على وتقديم أفضل الخدمات للعملاء، وسرعة الاستجابة لطلبات العملاء وتلبيتها، مزوداً بعوامل حفظ الأمن والسلامة، والالتزام بعوامل السلامة البيئية وشروط التراخيص.
يعد الستانلس ستيل إحدى المواد الموصلة للكهرباء، إلا أن موصليته ضعيفة جدًا، حيث تبلغ موصلية الستانلس ستيل للكهرباء (1.28-1.37) مليون سيمينز لكل متر أو 1.33 م/أوم.مم²، حيث إن الستانلس ستيل يصنع على شكل سبائك تحتوي على الحديد وما نسبته 10 إلى 30% من الكروم، مع نسبة منخفضة من الكربون، فهو آمن بشكل كبير على المستخدمين، كما يمكن إضافة مجموعة من العناصر الأخرى، مثل؛ النيكل والموليبدينوم والتيتانيوم والألمنيوم والنيوبيوم والنحاس والنيتروجين والكبريت والفوسفور والسيلينيوم.
تعد سبائك الستانلس ستيل من السبائك المقاومة للصدأ، كما أن هناك حوالي 100 درجة من الستانلس ستيل تختلف في مقاومتها للصدأ اعتمادًا على المواد المكونة له، إلا أن الستانلس ستيل الذي يحتوي على 16 إلى 26% من الكروم وما يصل إلى 35% من النيكل هو الأكثر مقاومة.
يعد رئيس مجلس إدارة شركة الوستيل للتجارة والهندسة، أحد العوامل الأساسية التي قد أدت إلى نجاح الشركة، كونه يسهم في تحفيز الموظفين على العمل، وتمكين فريق العمل ومشاركة آرائهم واقتراحاتهم، ودائما ما يترك لفريق العمل حرية اختيار الطريقة التي يراها مناسبة، ليبدع ويبتكر، طالما أن النتيجة النهائية صحيحة، وهو جاهز بالمشاركة في إنجاز المهام إذا تطلب الأمر ذلك، ويساعد فريق العمل في حال احتاجوا لذلك، كما ان لديه القدرة على التواصل مع فريق العمل بفعالية، والإنصات بتمعن لمشكلاتهم ومحاورتهم للتوصل إلى حلول مناسبة.
ونراه دائما يدعم تطور الموظفين ويناقش أداءهم، ويقدم النقد البناء في حال أخطأوا، كما ان لديه استراتيجية واضحة للعمل، فهو يعلم أين يقف فريقه الآن، وما هو الهدف المطلوب تحقيقه، وما السبيل للوصول إليه.
قادرا على اتخاذ قرارات حاسمة وبسرعة، بعد تفكير ودراسة، حتى وإن كانت بعض هذه القرارات لن ترضي الجميع، لأنه دائما ينظر إلى الهدف الأكبر وهو نجاح الشركة ككل.
المنتجات الجديدة
تقدم شركة الوستيل مجموعة متميزة من معدات الطبخ عالية الجودة للمطاعم والفنادق، تشمل المقالي العميقة المدمجة والمجموعات الكاملة. تُعد هذه المعدات أساسية لتعزيز الكفاءة والسمعة، حيث نقدم منتجات تتماشى مع أعلى معايير الجودة بأسعار تنافسية، مما يضمن نجاح مؤسستك في سوق تجهيزات المطاعم والمطابخ.
افران بيتزا حطب
أفران تعمل بالحطب حيث يتم طهي البيتزا باستخدام الخشب كمصدر أساسي للحرارة
عرض المزيد
شوايات حطب
تُعد الشوايات الخشبية إضافة مميزة لمطابخ المطاعم، حيث تقدم نكهة لا مثيل لها وتنوعاً كبيراً في الطهي. تستخدم هذه الشوايات...
عرض المزيد
شوايات دوارة مميزة
تعد الشوايات الدوارة من شركة الوستيل الخيار الأمثل للمطاعم والفنادق التي تسعى لتقديم أطباق مشوية عالية الجودة. بفضل تصميمها...
عرض المزيد
فرن بطاطس كومبير
فرن بطاطس كومبير
عرض المزيد
فرن عيش
فرن عيش
عرض المزيد
فرن تدخين
فرن تدخين
عرض المزيد
شواية فراخ كهرباء
شواية فراخ كهرباء
عرض المزيد
هل تبحث عن خدمات احترافية من اجل شركتك؟
تواصل معنا",10
https://alusteel.net/مقالات/الاقتصاد-والصناعة-المصرية,مقالات,الاقتصاد والصناعة المصرية | الوستيل لتجهيزات المطابخ والفنادق والمطاعم,,,"الاقتصاد والصناعة المصرية
الرئيسية
مقالات
الاقتصاد والصناعة المصرية
وصف الاقتصاد والصناعة المصرية
إن أهم وأبرز العناصر التي يقوم عليها الاقتصاد المصري، هي الصناعات المصرية التي صنعتها أيادٍ مصرية ماهرة والتصدير، حيث تمتلك مصر كافة المقومات الصناعية التي تؤهلها للريادة إقليمياً وقارياً حيث تتوافر بها المواد الخام والكوادر البشرية المؤهلة ومصادر الطاقة التقليدية والمتجددة بالإضافة إلى سياسة الدولة الداعمة للقطاع الصناعي من خلال بيئة ملائمة وحزم تشريعية وإجرائية داعمة للاستثمار الصناعي، التي ساهمت في زيادة الاعتماد على الصناعة الوطنية، لتلبية احتياجات المشروعات القومية وتعزيز نمو الاقتصاد وزيادة فرص العمل، والنهوض بالصناعة المصرية وجذب المستثمرين للاستثمار في القطاعات الصناعية المختلفة لتوفير احتياجات السوق المحلية إلى جانب زيادة الصادرات المصرية للأسواق العالمية وفقًا لخطة ممنهجة ترتكز على قبول ورواج المنتج المصري.
والجدير بالذكر أن قطاع الصناعة حقق تطوراً ملموساً خلال السنوات الماضية حيث أولت الحكومة المصرية بدعم وتوجيهات من القيادة السياسية اهتماماً غير مسبوق بتطوير القطاعات الصناعية وزيادة معدلات التصدير باعتباره من الدعائم الأساسية للاقتصاد القومي وقاطرة التنمية الاقتصادية الشاملة في مصر، ولدورها المحوري في تحقيق الاستقرار الاجتماعي من خلال توفير فرص العمل أمام الشباب وتحسين مستويات معيشة المواطنين.
أن سياسات الحكومة عززت التنمية الاقتصادية الشاملة والمستدامة والتي استندت بصفة أساسية على النهوض بالصناعة الوطنية من خلال توفير الأراضي الصناعية المرفقة وإنشاء المدن والمجمعات الصناعية المتخصصة بالإضافة إلى إنشاء شبكة للطرق تغطى كافة أنحاء الجمهورية وتدعم منظومة النقل اللوجستي.
وفى ذلك الإطار، واستكمالاً لخطة الدولة في إنشاء المجمعات الصناعية، قامت
شركة الوستيل للتجارة والهندسة
في عام 2005 بإنشاء مصنعها الجديد بمدينة العبور بالمنطقة الصناعية الثانية، على مساحة 4500 متر مربع، بتكلفة استثمارية كبيرة لتوفير احتياجات السوق المحلي المصري من منتجات ومستلزمات المطابخ وكافة تجهيزات الفنادق والمطاعم المصنوعة من الاستنلس ستيل الصلب المقاوم للصدأ، إلى جانب زيادة الصادرات المصرية للأسواق العالمية وفقًا لخطة ممنهجة وضعتها إدارة
شركة الوستيل للتجارة والهندسة
التي ترتكز على قبول ورواج المنتج المصري عالي الجودة.
وجاءت تصريحات المهندس أحمد مجدي رئيس مجلس إدارة شركة الوستيل للتجارة والهندسة، أن إنشاء المصنع الجديد بمدينة العبور ساعد على زيادة فرص العمل المتوفرة بمصنع الوستيل وزيادة الأيدي العاملة بالمصنع التي تم تدريبها بواسطة أفضل المهندسين والخبراء في مجال صناعة الاستنلس ستيل في مصر.
وشهد المصنع الجديد لشركة الوستيل للتجارة والهندسة بمدينة العبور طفرة تكنولوجية واسعة ساهمت في زيادة الانتاج ورفع كفاءة المنتج النهائي لينافس المنتجات العالمية من حيث جودة المنتجات وقدرتها على تحمل العمل الشاق وبيئات العمل المختلفة، والتصميم العصري الفريد ليناسب كافة الأذواق وملائمة المنتجات لكافة الأنشطة التجارية.
بدأت شركة الوستيل للتجارة والهندسة في تفعيل خطوات صناعة الاستنلس ستيل المختلفة في مصر منذ عام 1998، وفى إطار توجيهات رئيس مجلس إدارة شركة الوستيل للتجارة والهندسة السيد المهندس أحمد مجدي، بأن يتم العمل على توطين صناعة الاستنلس ستيل محليا وذلك للحد بشكل كبير من الواردات تماشيا مع سياسة الدولة للاكتفاء الذاتي من المنتجات المصرية عالية الجودة وزيادة الصادرات إلى الأسواق العالمية لضبط الميزان التجاري للدولة، وتوفير فرص العمل وتقليل الفجوة الاستيرادية، ولاسيما أن صناعة الاستنلس ستيل صناعة مهمة للغاية؛ لتوفير مستلزمات ومعدات تجهيزات المطابخ للسوق المحلى وللتصدير الى الأسواق العالمية.
من انتاجنا
ترابيزة مخصصة لمصانع الأغذية والتعبئة استانليس
مقاسات مختلفة، وكافة تجهيزات المطاعم والمطابخ الاستانليس المقاوم للصدأ، مثل الجريل، والافران، والمواقد، والبوتاجازات، والشوايات، والقلايات، وشوايات الشاورما، وحلة الطبخ بالبخار، والحلة البخارية، ومربع الارز، والثلاجات الراسية والافقية، والترابيزات، والاحواض، والتروليات، والاهواد وغيرها، والتي تخدم قطاع كبير من الهيئات والمؤسسات الكبرى والجامعات والمستشفيات والنوادي والفنادق والمطاعم الكبرى.
وصرح المهندس أحمد مجدى رئيس مجلس إدارة شركة الوستيل للتجارة والهندسة في لقاءات ومؤتمرات عديدة، أن مشروع صناعة الاستنلس ستيل يُعد خطوة على الطريق الصحيح لتعزيز مثل هذا النوع من الاستثمارات المحلية، لتصبح مصر مركزا إقليميا لصناعة تجهيزات ومستلزمات ومعدات المطابخ التجارية، لتحقيق الاكتفاء الذاتي للسوق المصري، طبقًا لمواصفات الجودة العالمية، وأيضا فتح أسواق جديدة للتصدير للدول الأفريقية والعربية، مما ينعكس بالإيجاب على توفير العملة الأجنبية وتعزيز الاقتصاد المصري، ومن بين تصريحات المهندس أحمد مجدى رئيس مجلس إدارة شركة الوستيل للتجارة أن الجانب الأهم في التوسع في صناعة الاستنلس ستيل هو زيادة فرص العمل وخلق روح من التنافسية الشريفة بين الشركات الذى ينعكس بالإيجاب في رفع كفاءة وتحسين وازدهار وزيادة الثقة في المنتج المصري على المستوى المحلى والإقليمي والدولي.
وأضاف المهندس أحمد مجدي رئيس مجلس إدارة شركة الوستيل للتجارة والهندسة، أن أساس تطوير وتحديث صناعة الاستنلس ستيل في مصر يحتاج إلى خبرات وكفاءات تمتلك التكنولوجيا العالية، لاسيما أن السوق المحلية والأفريقية بحاجة لتلك الصناعة بتكنولوجيا عالية كبديل عن الاستيراد من الخارج.
وقال المهندس أحمد مجدي رئيس مجلس إدارة شركة الوستيل للتجارة والهندسة، إن المصنع تم إقامته على مساحة 4500 متر مربع في المجمع الصناعي بمدينة العبور، وتم انشاء المصنع الجديد على أحدث النظم العالمية وتم تزويده بالمعدات والماكينات المتطورة والأفضل عالميا والتي تؤهل شركة الوستيل للتجارة والهندسة لإنتاج كميات أكبر وأسرع من مستلزمات ومعدات تجهيز المطابخ التجارية، وبجودة عالية لتغطية وتلبية السوق المحلية والتنافس بها في الاسواق العالمية.
وأكد المهندس أحمد مجدي رئيس مجلس إدارة شركة الوستيل للتجارة والهندسة، على أن شركة الوستيل للتجارة والهندسة، لديها ثقة كبيرة في السوق المصرية خاصة ما تشهده الدولة حاليا من اقامة مشروعات ضخمة ومتعددة على مستوى مدن ومحافظات الجمهورية ومع حرص الدولة الدائم على دعم للمطورين الصناعيين، بما شجع شركة الوستيل للتجارة والهندسة، على زيادة استثماراتها لمواكبة رؤية واستراتيجية الدولة المصرية في النمو والبناء.
ونوه المهندس أحمد مجدي رئيس مجلس إدارة شركة الوستيل للتجارة والهندسة، بأن السوق المصرية تتنامى وتتطور بشكل سريع بالرغم من الظروف العالمية الصعبة، مشيرا إلى أن شركة الوستيل للتجارة والهندسة لديها خطط طويلة الأجل في السوق المصرية وأن هناك عددا من التوسعات الاخرى سيتم الاعلان عن تدشينها قريبا، لزيادة الناتج المحلى وزيادة فرص العمل وزيادة الاستثمارات المحلية وجلب النقد الأجنبي من خلال التوسع في زيادة الصادرات.
ويختم المهندس أحمد مجدي رئيس مجلس إدارة شركة الوستيل للتجارة والهندسة قائلاً يعتبر قطاع الصناعة من أهم القطاعات الإنتاجية بالاقتصاد المصري، وهو ما يظهر من وضع الحكومة على أولوياتها تشجيع المستثمرين لضخ استثماراتهم في الصناعات المختلفة، لمزيد من مساهمة القطاع بالدخل القومي، إضافة الى خلق العديد من فرص العمل.
المنتجات الجديدة
تقدم شركة الوستيل مجموعة متميزة من معدات الطبخ عالية الجودة للمطاعم والفنادق، تشمل المقالي العميقة المدمجة والمجموعات الكاملة. تُعد هذه المعدات أساسية لتعزيز الكفاءة والسمعة، حيث نقدم منتجات تتماشى مع أعلى معايير الجودة بأسعار تنافسية، مما يضمن نجاح مؤسستك في سوق تجهيزات المطاعم والمطابخ.
افران بيتزا حطب
أفران تعمل بالحطب حيث يتم طهي البيتزا باستخدام الخشب كمصدر أساسي للحرارة
عرض المزيد
شوايات حطب
تُعد الشوايات الخشبية إضافة مميزة لمطابخ المطاعم، حيث تقدم نكهة لا مثيل لها وتنوعاً كبيراً في الطهي. تستخدم هذه الشوايات...
عرض المزيد
شوايات دوارة مميزة
تعد الشوايات الدوارة من شركة الوستيل الخيار الأمثل للمطاعم والفنادق التي تسعى لتقديم أطباق مشوية عالية الجودة. بفضل تصميمها...
عرض المزيد
فرن بطاطس كومبير
فرن بطاطس كومبير
عرض المزيد
فرن عيش
فرن عيش
عرض المزيد
فرن تدخين
فرن تدخين
عرض المزيد
شواية فراخ كهرباء
شواية فراخ كهرباء
عرض المزيد
هل تبحث عن خدمات احترافية من اجل شركتك؟
تواصل معنا",18
https://alusteel.net/مقالات/اهمية-العمالة-المدربة-في-الصناعة,مقالات,اهمية العمالة المدربة في الصناعة | الوستيل لتجهيزات المطابخ والفنادق والمطاعم,,يُعتبر التدريب خياراً استراتيجيا لأي جهة تتطلع الى إعداد كوادر بشرية قادرة على تلبية حاجات العمل ..,"اهمية العمالة المدربة في الصناعة
الرئيسية
مقالات
اهمية العمالة المدربة في الصناعة
وصف اهمية العمالة المدربة في الصناعة
جاء في
مقال الوستيل السابق
أهمية قطاع الصناعة للاقتصاد المصري، والذي يعد من أبرز العناصر التي يعتمد عليها الاقتصاد المصري، وأوضح أيضا المقال اهتمام الدولة المصرية ودعمها للقطاع الصناعي، وتوجهات رأس الدولة زيادة الاعتماد على الصناعة الوطنية، لتلبية احتياجات المشروعات القومية وتعزيز نمو الاقتصاد وزيادة فرص العمل، والنهوض بالصناعة المصرية وجذب الاستثمار الأجنبي لزيادة الاستثمار في القطاع الصناعي، والعمل على توفير احتياجات السوق المحلي إلى جانب زيادة الصادرات المصرية للأسواق العالمية وفقًا لخطة ممنهجة للدولة ترتكز على قبول ورواج المنتج المصري.
وتحدث الرئيس عبد الفتاح السيسي ""رئيس جمهورية مصر العربية"" خلال كلمته بافتتاح عدد من المشروعات القومية في يوم الثلاثاء 27 سبتمبر 2022 من العام الماضي، قائلًا إن الدولة تستهدف زيادة الصادرات بقيمة 100 مليار دولار، كما أكد سيادته على ضرورة الاهتمام توفير العمالة المدربة والمؤهلة لسوق العمل، قائلًا «
مستعدون للتوسع في تأهيل وإعداد العمالة لسوق العمل، وفقًا للمتطلبات التي يحتاجها سوق العمل
».
وتحدث سيادته عن أهمية إعداد العمالة وكانت من الأمور التي شدد عليها الرئيس عبد الفتاح السيسي خلال كلمته، صباح يوم الثلاثاء 27 سبتمبر 2022 من العام الماضي، إذ قال: «
نحن مهتمون بتشجيع الصناعة في مصر ودعمها، نحط إيدينا في إيد بعض ونجتهد وكل المعوقات اللي بتواجه المستثمرين نحلها
».
واحتلت العنوانين الرئيسية بالصحف والمواقع الاخبارية الالكترونية ومنصات التواصل الاجتماعي، منشت بعنوان «
السيسي: نسعى بجدية لحل مشاكل المستثمرين، والعالم يواجه ظروفا قاسية
»
وفى هذا الصدد قال الرئيس عبد الفتاح السيسي، إنَّ البعض يتساءل حول مدى جدية الحكومة المصرية في حل مشكلات المستثمرين، بما فيها الملف الخاص بمستلزمات الإنتاج وبعض المعوقات الأخرى التي اكتشفت خلال الشهرين الماضيين، «
طبعا جادين، تحدثت مع محافظ البنك المركزي، قولتله طمني عاملين إيه عشان مش عاوزين مشكلة حقيقة تقابل العمل والاستثمار في مصر
».
وأضاف الرئيس عبد الفتاح السيسي، خلال حفل افتتاح عدد من المشروعات القومية التابعة للهيئة العامة للاستثمار والمناطق الحرة: «احنا مفيش حاجة هنخبيها عليكم، نبذل أقصى جهد في ظل الظروف اللي احنا بنتكلم عليها دي، وهي ظروف كانت قاسية على الدنيا كلها وعلى العالم كله وعلى دول صناعية متقدمة واقتصاديات متقدمة جدا، عندها وفرة في كل شيء».
وجاءت تصريحات المهندس أحمد مجدي رئيس مجلس إدارة شركة الوستيل للتجارة والهندسة، متوافقة مع رؤية الدولة وتوجهاتها ومتزامنة مع تصريحات الرئيس عبد الفتاح السيسي، بضرورة رفع كفاءة العاملين بشركة الوستيل للتجارة والهندسة،
وتحت شعار بالعلم والتدريب الجاد المستمر ترتقي الشعوب وتتقدم
، طالب المهندس أحمد مجدي رئيس مجلس إدارة شركة الوستيل للتجارة والهندسة من رؤساء الأقسام والمديرين العموم بضرورة وضع خطة طموحة لتدريب العاملين وتثقيفهم بأحدث الأساليب التكنولوجية المتطورة، واستطرد المهندس أحمد مجدي رئيس مجلس إدارة شركة الوستيل للتجارة والهندسة، قائلاً إنّ تعليم وتدريب العاملين وتثقيفهم في حدّ ذاته ثروة كبيرة نعتز بها، فالعلم ثروة ونحن نبني المستقبل على أساس علمي.
وأكد المهندس أحمد مجدي رئيس مجلس إدارة شركة الوستيل للتجارة والهندسة، على الجميع انه لإحداث طفرة صناعية في مجال صناعة الاستنلس ستيل يجب الاهتمام بالتعليم والتدريب المهني Vocational Training & Education لرفع الكفاءة والإنتاجية.
وأوضح سيادته ان العمالة المدربة في الصناعة من أهم وابرز العناصر التي يملكها الصناع في هذا القطاع الحيوي، خاصة أنها تحتاج إلى سنوات من الخبرة والتدريب، بالإضافة إلى قدرتها على التكيف مع الأزمات المتكررة، التي تعاني منها اغلب المصانع على مدار السنوات الماضية، وبالتحديد خلال الفترة من 2011 حتى الآن، حيث شهدت هذه الفترة ظروف استثنائية بدأت بثورة 25 يناير، وانتهت بجائحة كورونا العالمية، التي مازالت تأثيراتها على الاقتصاد كبيرة وحادة، لذلك علينا الاعتراف بأن العمالة الموجودة في قطاع الصناعة أهم ما تمتلكه هذه المصانع.
إن شركة الوستيل للتجارة والهندسة، تهتم بالعاملين لديها وتدرك أن العامل في قطاع الصناعة ليس مرفهاً، لكنه يظل لساعات طويلة قد تزيد عن 12 ساعة يومياً في عمل متواصل، دون راحة، لذلك وجبت علينا حسن المعاملة والتعاون مع هذه الفئات، وتقدير ما تقدمه وتقديم المزيد لهم من الرعاية عرفنا من ادارتنا بالمجهودات التي يمنحونا إياها سواء بالشركة او بمصنع الوستيل، وعلى مدير الإنتاج ومدير المصنع تقديم المزيد لهؤلاء العمال ايضاً في مجال التدريب والتعليم المهني.
وجاء سر نجاح شركة الوستيل للتجارة والهندسة رائدة صناعة الاستنلس ستيل في مصر، منذ أن بدأت عام 1998، هو الاهتمام بالعمالة وتوفير سبل الرعاية والأمان وتحقيق الاستقرار الاجتماعي والحرص الدائم على تزويدهم بالخيرات والمعدات الحديثة وتدربهم عليها لرفع الكفاءة وزيادة الإنتاج.
وأضاف المهندس أحمد مجدي رئيس مجلس إدارة شركة الوستيل للتجارة والهندسة، قائلا إن التدريب الميداني وسيلة فعالة لمساعدة العاملين على اكتساب قدرات ومهارات جديدة لم يكن يمتلكها العامل أو الموظف، وتمكن هذه المهارات العامل/الموظف من توسيع مفاهيمه، وتعديل اتجاهاته، وترسيخ قدرته على الابتكار، والإبداع، والتجديد والربط بين الجانب (النظري) المعرفة المكتسبة، والجانب العملي (العمل) المنتَج.
واختتم المهندس أحمد مجدي رئيس مجلس إدارة شركة الوستيل للتجارة والهندسة، قائلا إن إتاحة الفرصة للعاملين في اكتساب مهارات جديدة؛ وذلك من خلال تعويدهم على التفكير الابتكاري في حل المشكلات، واتخاذ القرارات العملية بثقة.
وأكد على فاعلية التدريب الميداني في إعداد الكوادر وإثراء خبرات العاملين وذلك من خلال ربط التدريب بالأوضاع العملية الواقعية في بيئة العمل، وإتاحة الفرصة للعاملين لاكتشاف اهتماماتهم المهنية في مجال تخصصهم.
وأنهى المهندس أحمد مجدي رئيس مجلس إدارة شركة الوستيل للتجارة والهندسة، حديثة قائلاً ان رؤية شركة الوستيل للتجارة والهندسة تجاه تدريب العاملين تتمثل فيما يلي:
أن التدريب أثناء الخدمة يهيئ الفرصة أمام العامل لاكتساب المعارف ومهارات جديدة في مجال عمله.
أن التدريب أثناء الخدمة يساعد على تغيير الاتجاهات واكتساب اتجاهات إيجابية تجاه المهنة مما يؤدي إلى رفع الروح المعنوية وزيادة الإنتاجية في العمل.
إطلاع المتدربين على كل ما هو جديد في مجال أداء المهنة.
زيادة روح الانتماء لدى العامل تجاه مؤسساتهم لشعورهم أنهم العنصر الأهم في تطوير إنتاجيتها.
إن التدريب أثناء الخدمة يكسب العامل أفاقاً جديدة في مجال ممارسة المهنة وذلك من خلال تبصيره بمشكلات المهنة وتحدياتها وأسبابها أو كيفية التخلص منها أو التقليل من آثارها على أداء العمل.
وذكر مدير إدارة التدريب في شركة الوستيل للتجارة والهندسة
ملخص المقال: أهمية التدريب
يُعتبر التدريب خياراً استراتيجيا لأي جهة تتطلع الى إعداد كوادر بشرية قادرة على تلبية حاجات العمل والتطورات والتغيرات السريعة التي تحدث في مجالات العمل. ومواكبة التدريب أثناء الخدمة أهمية كبيرة نظرا لما يُهيئه التدريب للموظف من معارف ومهارات جديدة تتطلبُها مهنته، أو من خلال تعرُفه على أفضل الحلول للمُشكلات التي يواجِهُها أثناء ممارسته لمهنته مما يُزيده تمَكُناً في أداء عمله ويُساعده على تجنب الأخطاء، ليصل بذلك الى المستوى المنشود الذي تطمح اليه أي جهة تسعى للرقي والتقدم.
يعمل التدريب على تنمية وتطوير وتوسيع آفاق السلوكيات الإداريّة ذات العلاقة بالمرونة في العمل، والتفكير المنظّم والتعامل والقدرة على حلّ المُشكِلات المُختَلِفة والتعامل معها، والقدرة على التأقلم مع التغييّرات وظروف العمل الجديدة، وامتصاص غضب الآخرين، وتنمية مهارات الإستماع والإبتكار والإتّصال والتواصل والعلاقات والإشراف، وتحفيز الموظفين واستثمار قدراتهم بما يعود بالنفع على جميع أطراف الشركة والمؤسسة والمجتمع.
.
المنتجات الجديدة
تقدم شركة الوستيل مجموعة متميزة من معدات الطبخ عالية الجودة للمطاعم والفنادق، تشمل المقالي العميقة المدمجة والمجموعات الكاملة. تُعد هذه المعدات أساسية لتعزيز الكفاءة والسمعة، حيث نقدم منتجات تتماشى مع أعلى معايير الجودة بأسعار تنافسية، مما يضمن نجاح مؤسستك في سوق تجهيزات المطاعم والمطابخ.
افران بيتزا حطب
أفران تعمل بالحطب حيث يتم طهي البيتزا باستخدام الخشب كمصدر أساسي للحرارة
عرض المزيد
شوايات حطب
تُعد الشوايات الخشبية إضافة مميزة لمطابخ المطاعم، حيث تقدم نكهة لا مثيل لها وتنوعاً كبيراً في الطهي. تستخدم هذه الشوايات...
عرض المزيد
شوايات دوارة مميزة
تعد الشوايات الدوارة من شركة الوستيل الخيار الأمثل للمطاعم والفنادق التي تسعى لتقديم أطباق مشوية عالية الجودة. بفضل تصميمها...
عرض المزيد
فرن بطاطس كومبير
فرن بطاطس كومبير
عرض المزيد
فرن عيش
فرن عيش
عرض المزيد
فرن تدخين
فرن تدخين
عرض المزيد
شواية فراخ كهرباء
شواية فراخ كهرباء
عرض المزيد
هل تبحث عن خدمات احترافية من اجل شركتك؟
تواصل معنا",12
https://alusteel.net/وسائط,وسائط,وسائط | الوستيل لتجهيزات المطابخ والفنادق والمطاعم,كل ما تريد معرفته عن معدات المطاعم (المطابخ) والفنادق,,"وسائط
الرئيسية
وسائط
كل ما تريد معرفته عن معدات المطاعم (المطابخ) والفنادق
كل ما تريد معرفته عن الوستيل للتجارة والصناعة، وتجهيزات المطابخ والفنادق والمطاعم ومعدات المطاعم والفنادق والمطابخ، مستلزمات المطاعم والفنادق والمطابخ وشراء معدات مطاعم الفنادق والمطابخ. أفضل أسعار شراء ثلاجات، مواقد، أفران طهى الطعام، شوايات مسطحة، قلايات، باستا كوكر، جريل شاورما، جريلات صرف ارضيات في مصر.
هل تبحث عن خدمات احترافية من اجل شركتك؟
تواصل معنا",0
https://alusteel.net/الأسئلة-الشائعة,الأسئلة-الشائعة,الأسئلة الشائعة | الوستيل لتجهيزات المطابخ والفنادق والمطاعم,كل ما تريد معرفته عن معدات المطاعم (المطابخ) والفنادق,,"الأسئلة الشائعة
الرئيسية
الأسئلة الشائعة
كل ما تريد معرفته عن معدات المطاعم (المطابخ) والفنادق
كل ما تريد معرفته عن الوستيل للتجارة والصناعة، وتجهيزات المطابخ والفنادق والمطاعم ومعدات المطاعم والفنادق والمطابخ، مستلزمات المطاعم والفنادق والمطابخ وشراء معدات مطاعم الفنادق والمطابخ. أفضل أسعار شراء ثلاجات، مواقد، أفران طهى الطعام، شوايات مسطحة، قلايات، باستا كوكر، جريل شاورما، جريلات صرف ارضيات في مصر.
ما هى شركة الوستيل للتجارة والصناعة، وتجهيزات المطابخ والفنادق والمطاعم ؟
الوستيل شركة متخصصة في تجهيز المطابخ ومعدات الفنادق والمطاعم والقرى السياحية والقوارب العائمة والنوادي والمطارات وشركات الأغذية والمواقع البترولية وعربات المطاعم. تمتلك الشركة مصنع بمساحة 4500 متر يمتلك أحدث صناعة الماكينات والمنتجات مثل الجريل والافران والمواقد وايس ميكر وغيرها
قمنا بتنفيذ العديد من المشاريع العملاقة والمشروعات القومية للقوات المسلحة غير الفنادق والمطاعم والمستشفيات والعديد من المواقع البترولية ومشاريع الجامعات المصرية .
صناعة معدات المطابخ معتمدة من وزارة الصناعة وشهادة الترخيص الصناعي والموافقة الأمنية للتعامل مع القوات المسلحة بخلاف سجل المصدرين حيث قمنا بالتصدير إلى المملكة العربية السعودية والإمارات العربية المتحدة والسودان وقطر وجنوب إفريقيا وغانا ورواندا وأوغندا وأنغولا وموزمبيق وألمانيا
اين توجد الوستيل؟
الوستيل للتجارة والصناعة ومعدات تقديم الطعام والمطاعم والفنادق ومستلزمات المطابخ وشراء معدات المطاعم والفنادق والمطابخ والثلاجات توجد في مصر.
المكتب الرئيسي
العنوان: 18 شارع الويلى - حدائق القبة - القاهرة
مصنعنا
العنوان: مدينة العبور قطعة 22 أ بلوك محاجر المنطقة الصناعية ب / ج بجوار كرايزى
عبر البريد الالكتروني:
info@alusteel.net
ahmed_alusteel@yahoo.com
وعلى منصات التواصل الاجتماعي المتعددة
تويتر: https://twitter.com/AhmedAlusteel؟s=08
يوتيوب: https://www.youtube.com/channel/UC2ROV7cSLjprGRNswLe6xzw
الفيسبوك: https://www.facebook.com/alusteel.egy
من هم عملاء الوستيل لمعدات المطابخ ومعدات الفنادق ومعدات المطاعم؟
الوستيل للتجارة والصناعة ومعدات المطاعم والفنادق ومستلزمات المطابخ وشراء معدات المطاعم والفنادق والمطابخ والثلاجات. تخدم جميع القطاعات والمنشات.
المطاعم: وتجهيزات المطاعم  بكافة اعمال الاستانلس ستيل والمواقد والافران والجريل والثلاجات وغيرها من معدات المطابخ بالاضافة الى التربيزات والبوفيهات الخاصة بالمطعم بالاضافة الى جريلات صرف الارضيات ... وغيرها
الفنادق: تجهيزات الفنادق ومعدات الفنادق بكافة اعمال الاستانلس ستيل ومعدات مطابخ الفندق والمواقد والافران والجريل والثلاجات وغيرها من معدات المطابخ بالاضافة الى التربيزات والبوفيهات الخاصة بالفندق بالاضافة الى دربزين السلالم الاستانلس  ... وغيرها
القرى السياحية: تجهيزات القرى السياحية ومعدات القرى السياحية كافة اعمال الاستانلس ستيل ومعدات المطابخ الخاصة بالقرى السياحية بالاضافة الى معدات البوفيه وصالة الطعام الخاصة بالقرية والمواقد والافران والجريل والثلاجات وغيرها من معدات المطابخ بالاضافة الى التربيزات والبوفيهات الخاصة ب بالاضافة الى دربزين السلالم الاستانلس  ... وغيرها
المستشفيات: تجهيزات مطابخ المستشفيات ومعدات المطابخ من اعمال الاستانلس ستيل ومعدات المطابخ الخاصة بالاضافة الى المواقد والافران والجريل والثلاجات وغيرها من معدات المطابخ بالاضافة الى التربيزات والبوفيهات الخاصة  بالاضافة الى دربزين السلالم الاستانلس  ... وغيرها
بالضافة الى (مواقع العمل البترولية - مواقع المشاريع الانشائية .... وغيرها )
هل تبحث عن خدمات احترافية من اجل شركتك؟
تواصل معنا",0
https://alusteel.net/سياسة-الخصوصية,سياسة-الخصوصية,سياسة الخصوصية | الوستيل لتجهيزات المطابخ والفنادق والمطاعم,,,"سياسة الخصوصية
الرئيسية
سياسة الخصوصية
عند استخدام خدماتنا، فإنك تأتمننا على معلوماتك.
نحن ندرك أن هذه مسؤولية كبيرة ونعمل بجدية لحماية معلوماتك ونمنحك التحكم فيها.
سياسة الخصوصية؟
يلتزم موقع الوستيل بالحماية التامة للعملاء على كل المعلومات الشخصية الخاصة بهم ونحن نقدر مخاوفكم اتجاه بيانتكم الشخصية
ولقد تم إعداد سياسة الخصوصية لمساعدتكم كي يفهم المستخدمين طبيعة البيانات التي نقوم بجمعها من زوار ومستخدمين الموقع عند زيارتكم لالوستيل على شبكة الانترنت وكيفية تعاملنا مع هذه بيانات المستخدمين الشخصية.
جمع المعلومات الشخصية
يقوم موقعنا بجمع بيانات شخصية عن المستخدمين مباشرة او بشكل غير مباشر من خلال تقديم معلوماتك الشخصية على الموقع بهدف التسجيل في خدمة الموقع الالكتروني مثل: اسم المستخدم، عمره، جنسيته، تاريخ ميلاده، بريده الإلكتروني، وظيفته، رقم الهاتف الخاص به كل هذا بالاضافة إلى عنوان ال ip الخاص بك وكم من الوقت تستغرق على الموقع أو الصفحات الأخرى التي قومت بزياراتها وما هي الردود الخاصة بك وتفاعلاتك
في ماذا نستخدم المعلومات الشخصية؟
نحن نستخدم المعلومات الشخصية للمستخدمين بهدف:
الرد على جميع الطلبات الخاصة بالموقع مثل إرسال الأخبار والنشرات والرد على الأسئلة الشائعة.
كذلك كي نقوم بإرسال معلومات إدارية لممستخدمين مثل وجود أي تغيرات بالموقع مثل التغيرات في الشروط والإحكام.
كما نستخدم المعلومات الشخصية كي نقوم بإرسال التحديثات الخاصة بموقعنا وكذلك الحملات الإعلانية كي تقوموا بالمشاركة بها.
أيضًا كي نسمح لكم أن تشاركوا في لوحة الدردشة والرسائل والعديد من الخدمات الإلكتورنية مثل صفحات التواصل الإجتماعي الخاصة بموقعنا.
وكذلك لغرض إداري مثل عمل دراسة للسوق، ومراجعة التطورات الخاصة بالموقع ودراسة السوق وتصميم محتويات جديدة خاصة بالموقع ومدى اقبال المستخدمين على الخدمة المتاحة من الموقع.
كذلك بهدف عمل إحصائيات لتحسين أداء الموقع وضمان تقديم ما يعجب العملاء.
أيضًا لمعرفة معلومات حول الأغراض التي يتم استخدامها من ملفات تعريف الارتباط لذلك نرجو من المستخدمين مراجعة سياستنا في ملف تعريف الارتباط.
قد نستخدم الموقع الجغرافي الخاص بالمستخدمين من الأجهزة الخاصة بهم مي نوفر لكم خدمات ومنشورات مصممة بشكل خصوصي للكم بالاعتماد على موقعكم الإلكتروني وذلك بالإضافة إلى معرفة المعلومات حول الإعلانات التي قومت بمشاهدتها والعديد من المعلومات الأخرى التي نجمعها بهدف تمكين الشركاء من توفير المحتوى المناسب لحملات إعلانية أفضل لهم.
السلوك؟
يوافق الموقع الخاص بنا بعدم إرسال رسائل بريد إلكتروني أو مشاركة أي منشور
أو تحميل أو استضافة أو نقل أو تعديل أو تحديث أي معلومات أو بيانات على الموقع والمحتوى الخاص به بخلاف:
أن يكون هذا المحتوى براءة أختراع شخص آخر وله حقوق طبع ونشر ويخضع إلى حقوق ملكية فكرية.
أن يكون الشخص يمثل ضرر أو إساءة أو يكتب تعليق إباحي أو فاخش أو يقوم مضايقة أو تهديد أو أو يضر بالسمعة أو يحث على الكراهية بين الناس.
أو يقوم بفعل أشياء مشينة مثل إهانة شخص ما أو تهديد أو تحريض على العدوان والكراهية اتجاه الأديام أو لون البشرة أو الطوائف أو الميول الجنسية.
أو يكون محرضًا على العنصرية أو متعدي على حقوق الغير أو يقوم بإحداث كراهية أو يقوم بالذم أو يشجع على شيء غير قانوني مثل لعب القمار أو غسيل الأموال أو الإضرار بالآخرين.
كذلك وضع معلومات شخصية لأي فرد دون رغبته في ذلك.
أو القيام بانتحال شخصية شخص ما والتحدث باسمه أو انتحال شخصية شركة أو كيان بذاته ويعطي تعليقات وبيان زائف.
كذلك أن يعمل المستخدم على انتهاك أي قوانين مثل عمل حظر لتصريح الإعلانات أو ترويج لشيء ما يستفاد منه أو سب العرق والجنس والأصل والنسب.
القيام بتزييف الحقائق أو مخادعة الأشخاص أو التضليل أو اعطاء أي معلومات تشمل مخاطر.
أيضًا أن يقوم بنشر أي روابط ترويجة أو نشر إعلانات أو خدمات خاصة لأن موقعنا غير مخصص لتلك الأغراض.
أو القيام بنشر الاشياء التي يحظر بيعها.
أو أن يقوم المستخدم بإرسال عدد كبير من الرسائل لعمل تدفق تطبيقي لقطع المحادثات مما يؤثر سلبيًا على تلك الخدمة.
وكذلك القيام بالكذب  وعرض إعلانات مخالفة ذات صور غير لائقة أو القيام بالتضليل.
أو أن يقوم المستخدم بنشر روابط تحتوي فيروسات برمجية وغيرها .
القيام بعمل تعليقات بهدف تشويه سمعة البعض.
القيام بكتابة عناوين مزيفة أو القيام بالخداع الإلكتروني.
كذلك القيام بالاتصال بشخص غريب لا تعرفه من مستخدمين الموقع
الأمن؟
نحن نقوم بالاعتماد على تدبير نظام فني وإداري منظم من أجل عمل حماية للمعلومات الشخصية التي نمتلكها، لكن لا يمكننا أن نضمن إن عملية نقل البيانات تتم بشكل منظم مع حفظ الصور آمنة.
وإذا شعرتم للحظة أنكم لا تشعرون بالآمان في موقعنا يجب أن تقوموا بإخبارنا بذلك ونحن سنقوم بحل تلك المشكلة على الفور.
فترة الاحتفاظ بالمعلومات
سنحتفظ بمعلومات المستخدمين الشخصية لفترة محددة ولازمة من أجل تحقيق الأغراض التي تم ذكرها في هذه سياسة الخصوصية الخاصة بنا.
استخدام المواقع من قبل القاصرين
نحن نقوم بتقديم برامج للأطفال يشتريها الكبار، بهدف حماية خصوصية الأطفال، نطلب موافقة الأهل أولًا من المستخدمين الأطفال الذين لم يتموا سن الرشد المحدد في بلدهم
تحديثات سياسة حماية الخصوصية
قد نقوم بعمل أي تغييرات على سياسة الخصوصية الخاصة بنا في أي وقت.
لذلك، نرجو من مستخدمي موقعنا أن يقوموا بإلقاء نظرة على كل التحديثات الأخيرة في هذه الصفحة لمعرفة تواريخ آخر المراجعات التي أجريت على تلك السياسة.
كما يسري مفعول أي تغييرات طارئة في الموقع نجريها على سياسة الخصوصية منذ لحظة نشر سياسة حماية الخصوصية المراجعة كأشعار على الموقع.
ويعني ذلك أن استخدامكم المواقع بعد إجراء تلك التغييرات أن المستخدم يوافق على التغير الجديد  لسياسة حماية الخصوصية المراجعة.
هل تبحث عن خدمات احترافية من اجل شركتك؟
تواصل معنا",0
https://alusteel.net/اتفاقية-الاستخدام,اتفاقية-الاستخدام,اتفاقية الاستخدام | الوستيل لتجهيزات المطابخ والفنادق والمطاعم,,,"اتفاقية الاستخدام
الرئيسية
اتفاقية الاستخدام
اتفاقية  الاستخدام؟
تعد اتفايقة الاستخدام للموقع بمثابة اتفاق يحكم التعامل بين المستخدمين والموقع وهذه الاتفاقية تنطبق على كل مستخدمي الموقع.
شروط اتفاقية الاستخدام ؟
التحرير والحذف والتعديل نحن نقوم بالاحتفاظ بكل حقوقنا وإدارتنا في تعديل أي وثيقة خاصة بالموقع أو معلومة أو محتوى خاص بالموقع في أي وقت
المستخدمين يجب أن يحترموا كل الشروط التي وضعت في اتفاقية الاستخدام كما ان إذا استمر المستخدم في الخدمة يعد ذلك بمثابة بموافقته على شروطها.
من حق الموقع أن يحتفظ بالبيانات السرية مثل كلمة السر واسم المستخدام، ويعتبر المستخدم مسئول عن حسابه مسئولية كاملة.
والموقع من حقه في أي وقت أن يقوم بإلغاء الخدمة أو ايقافها مؤقتًا في حالة غذا خالف المستخدم أي شرط من شروط الاتفاقية.
كما من حق الموقع ان يقوم بتغير شروط الاتفاقية في اي وقت وعلى المستخدمين أن يطبقون تلك التعديل.
الموقع ملزم باخطار المستخدمين في حالة تم تغير شرط من شروط الاستخدام، سواء كان حذف شرط من الشروط أو تغيره تمامًا، أو حتى فرض رسوم استخدام
ونقوم بنشر التعديلات على الموقع او إرسال أشعار للمستخدمين، كما يعتبر ذلك التغير يبدأ العمل به من بعد اخطار المستخدم مباشرةن ويعتبر تكملة استخدامك للموقع بمثابة موافقة على التعديل الجديد.
كذلك يجب على المستخدم أن يستعمل الخدمة لتحميل أو عرض أو وضع أو إرسال أي محتوى ينتهك القانون، أو أي محتوى تهديد، أو كلمات مسيئة أو ألفاظ غير مقبولة بما في ذلك أي محتوى ترويجي لخدمة معينة أو طلب أموال، وما إلى ذلك.
الموقع له الحق في أي وقت ان يقوم بإنهاء الخدمة أو إيقافها مؤقتًا لأي غرض قانوني ينتهك السياسة.
سياسة الكوكيز وتحليلات جوجل (Google Analytics) إن الموقع يحتوي على الكوكيز الخاصة به بهدف حفظ المعلومات عن المستخدمين والزوار كما تستخدم كوكيز للأطراف الوكلاء والمعلنين الذببن يقومون بوضع الإعلانات الخاصة بهم على الموقع.
كذلك يحتوى الموقع على بعض مكونات جوجل انلتكس وهي عبارة عن خدمة تحليل من شركة جوجل تعمل على تحسين الأداء.
الروابط إلى مواقع أخرى يحتوي موقع الوستيل على روابط لكننا لسنا مسئولين عن دقة المحتوى الذي يرتبط بأي موقع آخر أو عن آراء المستخدمين الواردة، كذلك نحن لا نقوم بفحص أي موقع آخر أو تفقد معلوماته أو دقته يعني أن تضمين أي رابط لموقع آخر على موقعنا لا يعني موافقتنا لمحتواه أو رفضنا أما إذا قومت بترك رابط الموقع الخاص بنا كمصدر فإنك تقوم بذلك على مسئوليتنا الشخصية.
الحذف والتعويض
من حقنا عدم نشر أي محذوفات لتعليق او صور لا تتوافق مع الشروط التي تم ذكرها في سياسة الوستيل كذلك يحق لنا إلغاء التسجيل للمستخدمين كذلك يجب عليك تعويضنا عنه ونحن نخلي مسئوليتنا تمامًا.
حقوق الملكية الفكرية؟
لا يحق لأي مستخدم أن يقوم بنشر أي منشورات تخص الموقع من اعمال كتابية أو صور وما غلى ذلك دون ان يذكر المصدر، فنحن نحتفظ بكل حقوق الملكية الفكرية لكل المنشورات الخاصة بنا وعلى كل من يخالفها أن يتعرض لمقاضاة القانون.
نسمح للمستخدم أن يستخدم منشوراتنا الخاصة في حالة إذا كان بهدف شخصي أما إذا استعملها في جلب الربح أو كمحتوى ربحي خاص به في هذه الحالة يحق لنا أن نلجأ للقانون، ولا يجوز أن يقوم بهذا إلا بعد أن يحصل من خلال موقعنا على تصريح كتابي.
كما يحظر علة المستخدم أن يقوم بتغير أي محتوى قام بتنزيله على الموقع، وخصوصًا تلك اللتي تنص على تغير الشروط، أو الأشعارات التي توضع داحل المحتوى وهي تتعلق بحقوق الملكية الفكرية.
عند قيامك بتحميل محتوى من الموقع لا يحق لك أن تستخدم هذا المحتوى كملكية فكرية لك لأنه ملك للموقع وبهذا الفعل يمكن أن تعرض نفسك للمسائلة القانونية.
حقوقك؟
قد يقوم المستخدم بطلب معرفة اي معلومات شخصية نقوم بالاحتفاظ بها عنه لمعرفة ذلك يجب ان تخضع إلى:
على المستخدم أن يدفع رسوم من المال.
كذلك يجب أ ن تقوم بتقديم إثبات للهوية الخاصة بك.
يمكننا أن نتمتع عن مدك بالمعلومات التي تريدها بقدر لا يخالف القانون.
يمكنك أن تطلب منا في أي وقت من الأوقات عدم معالجة معلوماتك الشخصية لأي غرض تسويقي التسويق.
ومن حق المستخدم أن يقوم بالرفض أو الموافقة.
التعليقات على الأخبار؟
يعد إضافة المستخدم بمثابة موافقة على كل الشروط  من قبل المستخدم عللا سياسة الاستخدام الخاصة بالموقع.
وضع تعليق على المنشور لا يعد تعبيرًا عن وجهة نظر المستخدم الشخصية بشكل مباشر وذلك من خلال التعليق عليه.
يتم حظر اي مستخدم يقوم بكتابة أي تعليق مشين أو غير لائق.
نقوم بحظر أي مستخدم يقوم بكتابة أي تعليقات تحتوي على سب أو كلام خادش للحياء.
كذلك نقوم بحظر أي مستخدم يقوم بكتابة منشورات ترويجية بهدف ربح الأموال.
كما يحظر أي مستخدم من قبل الموقع يقوم بنشر تعليقات تعصب ديني وعرقي وتنمر وعنصرية.
كذلك يجب على المستخدمين وضع أي تعليقات مسيئة للموقع أو للإدارة أو تنتهك معايير المجتمع.
سرية البيانات والمعلومات؟
الموقع له حق في الاحتفاظ بأي معلومات خاصة بالمستخدمين والتي يقومون بوضعها في استمارة التسجيل الخاصة بالموقع وذلك لغرض تحسين الخدمة وعمل إحصائيات خاصة بالموقع.
الموقع يحتفظ بالسرية التامة لبيانات المستخدم، ولا يقوم ببيعها لأي جهة أخرى أو اطلاع أي طرف على تلك البيانات.
كما يلتزم الموقع بالعديد من المعايير اللازمة من أجل حماية بيانات المستخدم وحفظها، مع العلم أن شبكات الإنترنت ليست آمنة لحفظ المعلومات بشكل كامل.
هل تبحث عن خدمات احترافية من اجل شركتك؟
تواصل معنا",0
https://alusteel.net/en/contact-us,en,"Contact Us | Alusteel For Hotel, Restaurant, kitchen Equipment",,ِAlusteel's priority is the satisfaction of our customers by putting them ahead of the competition in kitchen equipment for hotels and restaurants.,"Contact Us
Home
Contact Us
Request a Contact us
ِAlusteel's priority is the satisfaction of our customers by providing results to put them ahead of the competition in kitchen equipment for hotels and restaurants.
Our Factory
Obour City Plot 22 A block 30000 industrial area B / C next to Kraiazi
Land-Line: (+2)0243130335
Fax: (+2)0243130336
(+2)01000869066 / (+2)01113290504 / (+2)01000879076
info@alusteel.net
Are you looking for professional Services For your company
Contact us",0
https://alusteel.net/en/get-a-quote,en,"Get a Quote | Alusteel For Hotel, Restaurant, kitchen Equipment",Get a Quote,,"Get a Quote
Home
Get a Quote
Get a Quote
Welcome to Alusteel - a leading manufacturer and supplier of specialized kitchen equipment in Egypt and the Middle East. With years of experience in equipping kitchens for hotels, restaurants, and major establishments, we offer integrated solutions that combine high quality with competitive prices.
We are pleased to offer you a free consultation and detailed quotation for all your needs of high-quality stainless steel kitchen equipment. Please fill out the form below with all required details, and our specialized team will study your requirements and provide the best suitable solutions for your project.
We take pride in our 4,500-meter factory equipped with the latest technologies and CNC machines, ensuring manufacturing precision and compliance with the highest international standards. Whether you are looking for cooking equipment, refrigeration, or complete kitchen facilities, our experts are ready to provide full technical support and appropriate consultation for your project.
This translation maintains the professional tone while conveying the same key information about Alusteel's capabilities, experience, and commitment to quality. It's also optimized for placement above a quote request form, guiding potential customers through the process of requesting information about their kitchen equipment needs.
Are you looking for professional Services For your company
Contact us",0
https://alusteel.net/en/about-us,en,"About Us | Alusteel For Hotel, Restaurant, kitchen Equipment",We are Alusteel,"Alusteel is a leading company in kitchen equipment & supplies for hotels, restaurants, food companies, petroleum sites, Restaurant, Price kitchen equipment 30 years of expiriance","About Us
Home
About Us
We are Alusteel
Alusteel Trading & Engineering, one of the leading companies which works in kitchen equipment & supplies for hotels, restaurants.
Our Company is specialized in the field of Hotel equipment which we are proud to serve. Our service includes designing, manufacturing, delivering, installations and providing all spare parts for kitchen equipment.
Providing the best Price kitchen equipment i Egypt.
Since 1997
About Alusteel
Alusteel has specialized in supplying cooking equipment with the best with prices for hotels, restaurants, cafes, kitchens,  tourist villages, floating boats, clubs, airports, food companies and petroleum sites.
The company owns a 4,500-square-meter factory that has the latest machinery and products such as grills, ovens, stoves, ice makers, and others
We have executed many grand projects and national projects not limited to hotels, such as the armed forces, restaurants, hospitals, and many petroleum sites and projects of Egyptian universities.
We offers an extensive array of cooking equipment ranging from heavy-duty equipment to small wares. Our main products for your restaurant kitchen are: Gas Range, Griddle, Grill, Deep Fryer, Pasta Cooker, Bain Marie, Boiling Pan, Electric Cooker, Induction Cooker, Tilting Braising Pan etc.
We have everything that you need conveniently located in one place!
Our Vision
Al Wasteel Trading and Engineering is one of the leading companies working in the field of kitchen equipment. Our company specializes in the field of hotel equipment, which we are proud to serve. Our service includes the design, manufacture, delivery, installation and provision of all spare parts for kitchen equipment. Our relationship with the customer begins with the sale during the life of the machine. Our goal is to listen and understand.
Our Goal
Alusteel manufactures all stainless steel works using machines that operate automatically with computer numerical control to produce stainless equipment with the highest quality, like foreign products. The company has the best workforce in this field, and the company helps the customer in determining choices by increasing the sizes and plans, with a price list and informing them. The client has the real needs he needs. The company imports equipment imported from abroad, as we have many foreign agencies. The company has prepared the largest projects in the governorates of the Arab countries.
Our Production Line
Alusteel Company focuses on providing high-quality metal products for restaurant and kitchen equipment. The company's products diversify to include a wide range of tools and equipment specially designed for use in kitchens, restaurants and hotels. From cooking equipment such as ovens and stoves to refrigerators, pizza ovens, fryers and grills, Alusteel ensures to provide the best equipment to meet all your needs.
Expert Team member
Alusteel is proud of a team of experts specialized in designing and manufacturing kitchen and restaurant equipment. Our team has extensive experience and deep knowledge in meeting customer needs and ensuring we provide the best possible solutions.
Full Services
Design: Designing customized products to meet customer needs - Manufacturing: High-quality manufacturing using the latest technology - Installation: Installing equipment on site to ensure optimal performance - Maintenance: Regular maintenance services to keep the equipment in excellent condition.
Low Costing
Despite offering high quality products, Alusteel ensures to provide equipment at competitive prices. We work hard to provide the best value for money, making us the perfect choice for restaurant and kitchen owners.
On time Finished
Alusteel is committed to delivering products on time. We understand the importance of time in the restaurant industry and make sure to provide equipment on the agreed upon date to ensure uninterrupted workflow.
Watch our company scheme video for future industry construction.
Experience the precision and expertise of Alusteel's state-of-the-art production line. Witness the seamless process of manufacturing high-quality kitchen and hotel equipment, showcasing
justokgamers
our commitment to excellence at every step.The production line at Alusteel follows a meticulous process to ensure the highest quality kitchen and hotel equipment:
Design and Planning.
Material Selection.
Cutting and Shaping.
Welding and Assembly.
Quality Control.
Finishing and Polishing.
Testing and Certification.
Packaging and Delivery.
At Alusteel, our production line embodies precision, quality, and craftsmanship, resulting in kitchen and hotel equipment that exceeds expectations and enhances the efficiency and aesthetics of any professional space.
Important
FAQ
All that you need to know about Alusteel for trade and industry, kitchens, hotels, and restaurants equipment, catering equipment, restaurant, hotel, and kitchen supplies, buying restaurant equipment, hotels, and kitchens, best purchase prices for refrigerators, stoves, food cookers, flat grills, fryers, pasta cooker, grill shawarma, grills Floor exchange in Egypt.
who Alusteel for trade and industry, kitchens, hotels, and restaurants equipment Are ?.
Alusteel is a company specializing in kitchens, hotel and restaurant equipment for hotels, tourist villages, floating boats, clubs, airports, food companies, petroleum sites, and restaurants.
The company owns a 4,500-square-meter factory that has the latest machinery and products such as grills, ovens, stoves, ice makers, and others
We have executed many grand projects and national projects not limited to hotels, such as the armed forces, restaurants, hospitals, and many petroleum sites and projects of Egyptian universities.
the manufacturing of our kitchen equipment is approved by the Ministry of Industry and industrial license and security approval certificate to deal with the armed forces other than the register of exporters where we have exported to the Kingdom of Saudi Arabia, the United Arab Emirates, Sudan, Qatar, South Africa, Ghana, Rwanda, Uganda, Angola, Mozambique and Germany.
.
Where Are we Located?.
Alusteel for trade and industry, catering equipment, restaurant, hotel, and kitchen supplies, buying restaurant equipment, hotels, kitchens, and refrigerators is located in Egypt.
Main Office
Address: 18 El Waily St., Hadayek El Kobba - Cairo
Our Factory
Address: Obour City Plot 22 A block quarries industrial area B / C next to Kraiazi
Via email:
info@alusteel.net
ahmed_alusteel@yahoo.com
And on multiple social media platforms
Twitter: https://twitter.com/AhmedAlusteel?s=08
YouTube: https://www.youtube.com/channel/UC2ROV7cSLjprGRNswLe6xzw
Facebook: https://www.facebook.com/alusteel.egy
.
What Type of Customers Do Alusteel for  Hotel Equipment and Restaurant Equipment  Serve ?.
Alusteel for Trade and Industry, kitchen equipment, restaurants, hotels, kitchen supplies, and the purchase of equipment for restaurants, hotels, kitchens, and refrigerators. Serving all sectors and enterprises.
Restaurants: restaurant equipment with all stainless steelworks, stoves, ovens, grills, refrigerators, and other kitchen equipment, in addition to restaurant stainless steel tables and buffets, in addition to floor drain grills ... and others
Hotels: Hotel supplies and hotel equipment in all stainless steelworks, hotel kitchen equipment, stoves, ovens, grills, refrigerators, and other kitchen equipment, in addition to hotel tables and buffets, in addition to stainless steel handrails ... and others
Tourist villages: equipment for tourist villages and equipment for tourist villages, all stainless steel works and kitchen equipment for tourist villages, in addition to the village's buffet and dining hall equipment, stoves, ovens, grills, refrigerators, and other kitchen equipment in addition to the tables and buffets for the in addition to the stainless stair railings ... and others
Hospitals: Hospital kitchen fittings and kitchen equipment made of stainless steelworks, special kitchen equipment, in addition to stoves, ovens, grills, refrigerators and other kitchen equipment, in addition to special tables and buffets, in addition to stainless steel handrails ... and others
In addition to (petroleum work sites - construction project sites ... and others)
.
Why Buy Cooking Equipment From Alusteel?.
Because we offer
the best brands of equipment, and cooking supplies, for restaurants, kitchens, and hotels and
the costs of manufacturing are very low compared to elsewhere in Egypt.
.
Kitchen Equipment Every Restaurant Needs.
When
opening a new restaurant
or refurbishing an existing business, choosing the right restaurant kitchen equipment is essential for success. Our team of experts created a list of essential restaurant equipment, so you can be sure that all of your bases are covered when outfitting your kitchen. It's important to note that different types of restaurants may require additional pieces of equipment or various styles that may not be on this list. Instead, this list is meant to include items that every restaurant will need, providing a foundation that you can build off of to meet your specific needs.
Cooking Equipment
Refrigeration Equipment
Restaurant Cooking Equipment
When choosing cooking equipment for your restaurant, or for your kitchen hotel be sure to think about what pieces of equipment you're going to be using most often.
Oven
This versatile piece of equipment can be used for baking, roasting, braising, and much more. As a result, an oven (or multiple ovens, depending on your business) is essential.
Deep Fryer:
While deep fryers are ideal for making French fries, chicken tenders, and other customer favorites, you can use them for frying up a variety of foods.
Grill:
Char broilers and other grills impart a smoky and charred flavor that's perfect for many different recipes.
Griddles:
Similar to grills but with a flat metallic surface, griddles are a mainstay in diners and can be used for a variety of different cooking methods.
Refrigeration Equipment
There are many different styles of refrigeration equipment, and the style you choose will depend on your type of restaurant and your specific refrigeration needs. But, here are some examples that a standard restaurant might choose:
Refrigerator:
Some common types of refrigerators include walk-in coolers, pass-through options, or prep fridges. It is likely that your restaurant will require a combination of different types.
Freezer:
Like refrigerators, freezers come in various sizes and styles to suit your needs and food capacities.
Ice Maker: Ice machines are an essential component for beverage service at any restaurant. Additionally, cafes, bars, and grocery stores may use ice to make smoothies or blended cocktails.
.
ENG. Magdy Abdel Aziz
Word
A Journey of Success and Excellence in the Kitchen and Hotel Equipment Industry

Alusteel Company was established in the 1990s by Engineer Magdi Abdelaziz, a mechanical engineering consultant and graduate of Zagazig University. The company started as a small project but has succeeded in reaching the pinnacle of the kitchen equipment industry in Egypt and the Middle East.

Alusteel Company has undertaken and established major hotel projects, upscale restaurant projects, as well as hotels and hospitals in Egypt and several Arab and African countries. The company distinguished itself through the quality of its products and excellent services, making it the preferred choice for many clients in this industry.

Alusteel Company is a symbol of excellence and quality in the kitchen and hotel equipment industry. It has a qualified and professional team that constantly strives to achieve the company's vision and meet customers' needs with the highest levels of quality and efficiency.

Through a successful strategy and a spirit of innovation, Alusteel Company has achieved significant success in the local and regional markets. It continues to expand its scope and provide innovative and advanced solutions to its clients In Egypt, the Middle East and Africa.

Thanks to its fruitful journey filled with achievements, Alusteel Company remains a trusted and preferred partner for customers in the hotel sector and the restaurant industry. It continues to achieve successes and contribute to the development of this important industry.
ALWAYS IN OUR MEMORY
| THE MAKER OF SUCCESS
CEO | ENG. MAGDY ABD ELAZIZ
(1959 - 2022)
Are you looking for professional Services For your company
Contact us",6
https://alusteel.net/en/services,en,"Services | Alusteel For Hotel, Restaurant, kitchen Equipment",,Alusteel deals with the best international brands to provide and  develop a variety of the most appropriate solutions that match the client's budget and vision,"Services
Home
Services
ALUSTEEL FEATURES
Alusteel is characterized by comprehensive services including kitchen equipment and supplies for hotels, restaurants, hospitals, and oil sites. We provide the best prices, quality, and after-sales services in the Egyptian market.
BEST BRANDS
Looking for distinctive restaurant equipment? Alusteel is a pioneer in restaurant equipment, providing the best brands of equipment and supplies for restaurants, kitchens and hotels.
SOLUTIONS
Alusteel provides innovative solutions to increase efficiency with restaurant refrigerators, ovens, grills, fryers, and ice makers with the highest safety systems, to gain the trust of our customers in Egypt, the Middle East and the Gulf countries
Export services
Alusteel provides professional and efficient export services, and we have exported to Saudi Arabia, the Emirates, Sudan, Qatar, South Africa, Ghana, Rwanda, Uganda, Angola, Mozambique, and Germany.
Huge and unlimited updates
We use the latest global machines to keep pace with the development of the kitchen equipment industry, restaurant refrigerators, and restaurant equipment to achieve globalization in Alusteel products
Customized Controls
Are you looking for restaurant equipment prices in Egypt and the best after-sales services? Find out more about our products and the best after-sales service in the Egyptian market.
Commitment to Client Needs
Our priority is to satisfy our customers by providing the best results in kitchen equipment for hotels, restaurants, tourist villages, floating boats, clubs, airports, food companies, petroleum sites, and catering vehicles.
Alusteel Services
The Alusteel Company is a leading provider and manufacturer of high-quality kitchen and restaurant equipment. It offers a comprehensive range of services tailored to meet the diverse needs of the hospitality sector.
Equipment Design and Manufacturing
Alusteel designs and manufactures kitchen equipment to the highest quality standards, including ovens, grills, refrigerators, and freezers. These are crafted using cutting-edge technology and durable materials to ensure optimal performance and longevity.
Consulting and Planning
Alusteel provides specialized consulting services for the planning and design of kitchens, restaurants, and hotels. Their team of experts analyzes client needs and offers customized solutions to ensure maximum efficiency and productivity, with comprehensive design plans that consider workflow, safety, and available space.
Supply and Installation
In addition to manufacturing, Alusteel supplies and installs kitchen and restaurant equipment. Their team of specialized technicians ensures proper and safe installation, providing fast and efficient service to minimize operational disruptions.
Maintenance and Technical Support
Maintenance and technical support are key services at Alusteel. They offer regular maintenance programs and urgent repair services to ensure equipment operates efficiently. Their support team is always available to resolve any issues promptly, minimizing downtime and extending equipment life.
Training and Development
Alusteel is committed to training and developing skills in the hospitality sector through specialized training programs. These programs focus on the proper and safe use and maintenance of equipment, enhancing worker performance and operational efficiency.
Import and Supply of Specialized Equipment
Alusteel imports and supplies specialized kitchen and restaurant equipment from top global brands. This includes a variety of devices and tools necessary for establishments to provide high-quality services to their clients.
Why Choose Alusteel?
Quality and Innovation
Alusteel is dedicated to providing high-quality products and services based on innovation and the use of the latest technologies. All equipment is designed and manufactured to the highest standards to ensure the best performance and customer satisfaction.
Experience and Professionalism
With many years of experience in the field of kitchen, restaurant, and hotel equipment, Alusteel boasts a team of experts and professionals with the knowledge and skills needed to offer the best solutions and services.
Customer Support
Customer support is a top priority at Alusteel. They provide round-the-clock technical support and maintenance services to ensure equipment operates efficiently and to achieve the highest levels of customer satisfaction.
Alusteel is the ideal choice for restaurants and hotels seeking quality and efficiency in their equipment. With its comprehensive and specialized services, Alusteel ensures the best solutions to improve the performance and quality of daily operations in the hospitality sector.
Are you looking for professional Services For your company
Contact us",0
https://alusteel.net/en/products,en,"Products | Alusteel For Hotel, Restaurant, kitchen Equipment",,"Quality has a special meaning when Alusteel customers are concerned. we provide refrigerators, ovens, grills, fryers, ice maker and stainless steel tables.","Products
Home
Products
QUALITY POLICY
Quality has a special meaning with regard to Alusteel Trading & Engineering customers. we provide refrigerators, ovens, grills, fryers, ice maker and stainless steel tables.
It is our goal to continually meet and exceed the expectations of those we serve by performing our work in a quality manner. In every activity we undertake, quality is required.
The measure of that performance is the degree to which our completed work meets our customers’ requirements. We will design, build, and service our products in a manner that makes us the leading foodservice equipment manufacturer in the world Egypt.
We will always work to improve our previous performance and will continue to improve the effectiveness of the quality management system by establishing measurable quality objectives. The emphasis on quality extends from the smallest details to the issues of greatest importance,
ALL
Hotline
Cold-Lines
NEUTRAL
Premium products
buffets
Snake Line
Hotline
Cold-Lines
NEUTRAL
Premium products
buffets
Snake Line
Are you looking for professional Services For your company
Contact us",6
https://alusteel.net/en/products/hotline,en,"Hotline | Alusteel For Hotel, Restaurant, kitchen Equipment",,Quality has a special meaning to Alusteel's customers. our goal to meet and exceed the expectations of those we serve by performing our work in a quality manner,"Hotline
Home
Products
Hotline
All
Bain-marie
Steam-Cooking-Pot
ELECTRIC-Stoves
FRAYERS
GAS-Stoves
GRILLS
HOT-LINE-90
OVENS
PASTA-COOKER
TALTING-BAN
Bain-marie
At Alusteel , we offer electric bain-maries to meet the various requirements of restaurants and hotels....
Steam-Cooking-Pot
At Alusteel , we offer gas- or electric-powered steamers with a 3mm thick inner and outer pot, a 150-liter...
ELECTRIC-Stoves
Alusteel offers 2, 4, or 6-plate EGO electric stoves, made in Germany, in either round or square configurations,...
FRAYERS
At Alusteel, we offer gas and electric fryers made entirely of stainless steel. They feature 1, 2, and...
GAS-Stoves
At Alusteel, we offer gas stoves manufactured entirely from stainless steel, featuring 2, 4, and 6 burners....
GRILLS
At Alusteel, we offer a grill with a sturdy, heavy-duty chassis, manufactured entirely from stainless...
HOT-LINE-90
The hot line is the core of every restaurant kitchen, comprising ovens, stove tops, and other hot cooking...
OVENS
Convection ovens use a fan to circulate hot air, which cooks the food more evenly and faster than standard...
PASTA-COOKER
At Alusteel, we offer pasta cookers with electric pasta cookers in an open cabinet. They are heated by...
TALTING-BAN
At Alusteel, we offer a stainless steel tipping pot with two operating modes (gas or electric) and an...
Are you looking for professional Services For your company
Contact us",10
https://alusteel.net/en/products/hotline/bain-marie,en,"Bain-marie | Alusteel For Hotel, Restaurant, kitchen Equipment",,"At Alusteel , we offer electric bain-maries to meet the various requirements of restaurants and hotels. The device consists of stainless steel bowls inside an electric or gas-powered container, with a water heating system for temperature control via a thermostat, in addition to indicator lights and complete safety devices. The device features an inner and outer body made of 304 stainless steel, a 15 cm deep water basin, and a drain valve.","Bain-marie
Home
Products
Hotline
Bain-marie
Bain-marie Description
At Alusteel , we offer electric bain-maries to meet the various requirements of restaurants and hotels. The device consists of stainless steel bowls inside an electric or gas-powered container, with a water heating system for temperature control via a thermostat, in addition to indicator lights and complete safety devices. The device features an inner and outer body made of 304 stainless steel, a 15 cm deep water basin, and a drain valve.
To view more information on our website about Bain Marie, please visit the following link:
https://2u.pw/kujEv
New Products
Alusteel offers a wide range of high-quality cooking equipment for restaurants and hotels, including electric fryers and complete sets. With this standard comes necessity and reputation, as we provide products that comply with our highest quality standards, ensuring the success of your establishment in the restaurant and kitchen market.
Bain-marie
At Alusteel , we offer electric bain-maries to meet the various requirements of restaurants and hotels. The device consists...
View More
Wood-fired Pizza Oven
High quality and durable kneader Italian industry
View More
Wood-fired grills
Wood-fired grills are an exceptional addition to restaurant kitchens, bringing unparalleled flavor and versatility to the...
View More
Chicken Rotation Gas and Wood Fire
Rotary grills from Alusteel are the perfect choice for restaurants and hotels looking to serve high-quality grilled dishes....
View More
Potato Kumpir Oven
Potato Kumpir Oven
View More
Bread Oven
View More
Smoker oven
Smoker oven
View More
Electric chicken grill
Electric chicken grill
View More
Are you looking for professional Services For your company
Contact us",9
https://alusteel.net/en/products/hotline/steam-cooking-pot,en,"Steam-Cooking-Pot | Alusteel For Hotel, Restaurant, kitchen Equipment",,"At Alusteel , we offer gas- or electric-powered steamers with a 3mm thick inner and outer pot, a 150-liter capacity for the inner pot, a sturdy chassis, and heavy-duty legs. All accessories are made of stainless steel.","Steam-Cooking-Pot
Home
Products
Hotline
Steam-Cooking-Pot
Steam-Cooking-Pot Description
At Alusteel , we offer gas- or electric-powered steamers with a 3mm thick inner and outer pot, a 150-liter capacity for the inner pot, a sturdy chassis, and heavy-duty legs. All accessories are made of stainless steel.
For more details, please click on the following link.
https://2u.pw/ea0UE
New Products
Alusteel offers a wide range of high-quality cooking equipment for restaurants and hotels, including electric fryers and complete sets. With this standard comes necessity and reputation, as we provide products that comply with our highest quality standards, ensuring the success of your establishment in the restaurant and kitchen market.
Bain-marie
At Alusteel , we offer electric bain-maries to meet the various requirements of restaurants and hotels. The device consists...
View More
Wood-fired Pizza Oven
High quality and durable kneader Italian industry
View More
Wood-fired grills
Wood-fired grills are an exceptional addition to restaurant kitchens, bringing unparalleled flavor and versatility to the...
View More
Chicken Rotation Gas and Wood Fire
Rotary grills from Alusteel are the perfect choice for restaurants and hotels looking to serve high-quality grilled dishes....
View More
Potato Kumpir Oven
Potato Kumpir Oven
View More
Bread Oven
View More
Smoker oven
Smoker oven
View More
Electric chicken grill
Electric chicken grill
View More
Are you looking for professional Services For your company
Contact us",9
https://alusteel.net/en/products/hotline/electric-stoves,en,"ELECTRIC-Stoves | Alusteel For Hotel, Restaurant, kitchen Equipment",,"Alusteel offers 2, 4, or 6-plate EGO electric stoves, made in Germany, in either round or square configurations, with a heating capacity of 4 kW. The stoves are equipped with an oven according to the customer's request. They are manufactured with a sturdy chassis equipped for heavy-duty use, mounted on thermally insulated leveling legs. The rock wool is covered with galvanized steel. They have side supports for shelves and trays on three levels. They also include a full temperature control system via a multi-stage switch for each slab and temperature indicator lights.

For more details, please visit the following link on our website:

https://2u.pw/H76rA","ELECTRIC-Stoves
Home
Products
Hotline
ELECTRIC-Stoves
ELECTRIC-Stoves Description
Alusteel offers 2, 4, or 6-plate EGO electric stoves, made in Germany, in either round or square configurations, with a heating capacity of 4 kW. The stoves are equipped with an oven according to the customer's request. They are manufactured with a sturdy chassis equipped for heavy-duty use, mounted on thermally insulated leveling legs. The rock wool is covered with galvanized steel. They have side supports for shelves and trays on three levels. They also include a full temperature control system via a multi-stage switch for each slab and temperature indicator lights.
For more details, please visit the following link on our website:
https://2u.pw/H76rA
New Products
Alusteel offers a wide range of high-quality cooking equipment for restaurants and hotels, including electric fryers and complete sets. With this standard comes necessity and reputation, as we provide products that comply with our highest quality standards, ensuring the success of your establishment in the restaurant and kitchen market.
Bain-marie
At Alusteel , we offer electric bain-maries to meet the various requirements of restaurants and hotels. The device consists...
View More
Wood-fired Pizza Oven
High quality and durable kneader Italian industry
View More
Wood-fired grills
Wood-fired grills are an exceptional addition to restaurant kitchens, bringing unparalleled flavor and versatility to the...
View More
Chicken Rotation Gas and Wood Fire
Rotary grills from Alusteel are the perfect choice for restaurants and hotels looking to serve high-quality grilled dishes....
View More
Potato Kumpir Oven
Potato Kumpir Oven
View More
Bread Oven
View More
Smoker oven
Smoker oven
View More
Electric chicken grill
Electric chicken grill
View More
Are you looking for professional Services For your company
Contact us",13
https://alusteel.net/en/products/hotline/frayers,en,"FRAYERS | Alusteel For Hotel, Restaurant, kitchen Equipment",,"At Alusteel, we offer gas and electric fryers made entirely of stainless steel. They feature 1, 2, and 3 burners with a sturdy chassis designed for heavy-duty use. They are mounted on leveling legs and have basins equipped with a bottom valve to drain the oil. They also have a flip-up system for the heating and electrical system to facilitate the task of cleaning the basins. When you choose the Alusteel electric fryer, it operates on 7.5 kW electric heating batteries per burner, with a temperature control system for the frying basin via a 50/180-degree thermostat.","FRAYERS
Home
Products
Hotline
FRAYERS
FRAYERS Description
At Alusteel, we offer gas and electric fryers made entirely of stainless steel. They feature 1, 2, and 3 burners with a sturdy chassis designed for heavy-duty use. They are mounted on leveling legs and have basins equipped with a bottom valve to drain the oil. They also have a flip-up system for the heating and electrical system to facilitate the task of cleaning the basins. When you choose the Alusteel electric fryer, it operates on 7.5 kW electric heating batteries per burner, with a temperature control system for the frying basin via a 50/180-degree thermostat. For more details, please visit the following link: https://2u.pw/Wjwnm
New Products
Alusteel offers a wide range of high-quality cooking equipment for restaurants and hotels, including electric fryers and complete sets. With this standard comes necessity and reputation, as we provide products that comply with our highest quality standards, ensuring the success of your establishment in the restaurant and kitchen market.
Bain-marie
At Alusteel , we offer electric bain-maries to meet the various requirements of restaurants and hotels. The device consists...
View More
Wood-fired Pizza Oven
High quality and durable kneader Italian industry
View More
Wood-fired grills
Wood-fired grills are an exceptional addition to restaurant kitchens, bringing unparalleled flavor and versatility to the...
View More
Chicken Rotation Gas and Wood Fire
Rotary grills from Alusteel are the perfect choice for restaurants and hotels looking to serve high-quality grilled dishes....
View More
Potato Kumpir Oven
Potato Kumpir Oven
View More
Bread Oven
View More
Smoker oven
Smoker oven
View More
Electric chicken grill
Electric chicken grill
View More
Are you looking for professional Services For your company
Contact us",10
https://alusteel.net/en/products/hotline/gas-stoves,en,"GAS-Stoves | Alusteel For Hotel, Restaurant, kitchen Equipment",,"At Alusteel, we offer gas stoves manufactured entirely from stainless steel, featuring 2, 4, and 6 burners. These stoves feature a sturdy, heavy-duty chassis mounted on leveling legs, and feature an automatic ignition system with Italian-made switches. The stove can also be customized with an oven, which includes three levels of internal oven shelves.","GAS-Stoves
Home
Products
Hotline
GAS-Stoves
GAS-Stoves Description
At Austeel, we offer gas stoves manufactured entirely from stainless steel, featuring 2, 4, and 6 burners. These stoves feature a sturdy, heavy-duty chassis mounted on leveling legs, and feature an automatic ignition system with Italian-made switches. The stove can also be customized with an oven, which includes three levels of internal oven shelves.
For more details, please visit the following link:
https://2u.pw/8zfMp
New Products
Alusteel offers a wide range of high-quality cooking equipment for restaurants and hotels, including electric fryers and complete sets. With this standard comes necessity and reputation, as we provide products that comply with our highest quality standards, ensuring the success of your establishment in the restaurant and kitchen market.
Bain-marie
At Alusteel , we offer electric bain-maries to meet the various requirements of restaurants and hotels. The device consists...
View More
Wood-fired Pizza Oven
High quality and durable kneader Italian industry
View More
Wood-fired grills
Wood-fired grills are an exceptional addition to restaurant kitchens, bringing unparalleled flavor and versatility to the...
View More
Chicken Rotation Gas and Wood Fire
Rotary grills from Alusteel are the perfect choice for restaurants and hotels looking to serve high-quality grilled dishes....
View More
Potato Kumpir Oven
Potato Kumpir Oven
View More
Bread Oven
View More
Smoker oven
Smoker oven
View More
Electric chicken grill
Electric chicken grill
View More
Are you looking for professional Services For your company
Contact us",13
https://alusteel.net/en/products/hotline/grills,en,"GRILLS | Alusteel For Hotel, Restaurant, kitchen Equipment",,"At Alusteel, we offer a grill with a sturdy, heavy-duty chassis, manufactured entirely from stainless steel. It can accommodate a flat or ribbed grilling plate, and has a lower shelf made of 1.2 mm thick stainless steel, thermally insulated with high-density rock wool. It also has four heavy-duty leveling legs.","GRILLS
Home
Products
Hotline
GRILLS
GRILLS Description
At Alusteel, we offer a grill with a sturdy, heavy-duty chassis, manufactured entirely from stainless steel. It can accommodate a flat or ribbed grilling plate, and has a lower shelf made of 1.2 mm thick stainless steel, thermally insulated with high-density rock wool. It also has four heavy-duty leveling legs.
For more details, please visit the following link:
https://2u.pw/rEsDs
New Products
Alusteel offers a wide range of high-quality cooking equipment for restaurants and hotels, including electric fryers and complete sets. With this standard comes necessity and reputation, as we provide products that comply with our highest quality standards, ensuring the success of your establishment in the restaurant and kitchen market.
Bain-marie
At Alusteel , we offer electric bain-maries to meet the various requirements of restaurants and hotels. The device consists...
View More
Wood-fired Pizza Oven
High quality and durable kneader Italian industry
View More
Wood-fired grills
Wood-fired grills are an exceptional addition to restaurant kitchens, bringing unparalleled flavor and versatility to the...
View More
Chicken Rotation Gas and Wood Fire
Rotary grills from Alusteel are the perfect choice for restaurants and hotels looking to serve high-quality grilled dishes....
View More
Potato Kumpir Oven
Potato Kumpir Oven
View More
Bread Oven
View More
Smoker oven
Smoker oven
View More
Electric chicken grill
Electric chicken grill
View More
Are you looking for professional Services For your company
Contact us",12
https://alusteel.net/en/products/hotline/hot-line-90,en,"HOT-LINE-90 | Alusteel For Hotel, Restaurant, kitchen Equipment",,"The hot line is the core of every restaurant kitchen, comprising ovens, stove tops, and other hot cooking equipment to ensure quick food delivery.","HOT-LINE-90
Home
Products
Hotline
HOT-LINE-90
HOT-LINE-90 Description
The hot line is the core of every restaurant kitchen, comprising ovens, stove tops, and other hot cooking equipment to ensure quick food delivery.
Investing in the right equipment and skilled staff is crucial.
A typical hot line includes a flat top, range, oven, low-profile refrigerator, and fryers.
Customizing the hot line based on the restaurant's needs can enhance efficiency and food quality.
Examples include additional fryers for high-volume sports bars, a combi oven for farm-to-table restaurants, and optimized pizza stations for artisanal pizza kitchens.
Contact Alusteelfor customized commercial kitchen design.
The Alusteel Restaurant Kitchen Hotline is the perfect solution to improve the efficiency and speed of cooking in restaurants and hotels. This product is designed using the latest technology and high-quality materials to ensure excellent performance and long-lasting durability. The Wasteel Hotline allows chefs to prepare food quickly and accurately, while maintaining the quality and great taste.
Specifications:
Material: High-quality stainless steel
Heat control: Precise thermostat for temperature control
Surface: Non-stick and easy to clean
Features:
Exceptional performance: Even heat distribution ensures perfect cooking of food.
Ergonomic design: Easy to use and clean
New Products
Alusteel offers a wide range of high-quality cooking equipment for restaurants and hotels, including electric fryers and complete sets. With this standard comes necessity and reputation, as we provide products that comply with our highest quality standards, ensuring the success of your establishment in the restaurant and kitchen market.
Bain-marie
At Alusteel , we offer electric bain-maries to meet the various requirements of restaurants and hotels. The device consists...
View More
Wood-fired Pizza Oven
High quality and durable kneader Italian industry
View More
Wood-fired grills
Wood-fired grills are an exceptional addition to restaurant kitchens, bringing unparalleled flavor and versatility to the...
View More
Chicken Rotation Gas and Wood Fire
Rotary grills from Alusteel are the perfect choice for restaurants and hotels looking to serve high-quality grilled dishes....
View More
Potato Kumpir Oven
Potato Kumpir Oven
View More
Bread Oven
View More
Smoker oven
Smoker oven
View More
Electric chicken grill
Electric chicken grill
View More
Are you looking for professional Services For your company
Contact us",9
https://alusteel.net/en/products/hotline/ovens,en,"OVENS | Alusteel For Hotel, Restaurant, kitchen Equipment",,"Convection ovens use a fan to circulate hot air, which cooks the food more evenly and faster than standard ovens","OVENS
Home
Products
Hotline
OVENS
OVENS Description
Convection ovens use a fan to circulate hot air, which cooks the food more evenly and faster than standard ovens. Convection models are available for countertops and for floors, so they can be a good choice for restaurants of all sizes. You can cook meat dishes, breads, desserts, and other foods in these ovens.
If you are interested in special specifications or view the entire collection,
contact us
Gas oven for pizza and bakery
General Specifications:-
- The oven is installed on a heavy-duty stainless steel chassis, movable on a 6-inch caster
Bottom shelf from bottom
- External dimensions: 150*140cm*170cm
- 7 medium pizza capacity
Manufactured by ALWESTIL TRADING & ENGINEERING
G-OVEN  STONE
Pizza oven (2 KD) electric
General Specifications:
2- Strong, heavy-duty galvanized steel thickness chassis.
3- Loaded on heavy duty level adjustment legs
oven 2 KD:
The internal dimensions are 4 medium pizzas per KD.
E-PO 2D
Electric Convection oven
Capacity 10 trays 40 x 60 cm
Electricity 15.8 kW
Dimensions: 86 x 88.2 x 125 cm
Italian industry
CO-10 - 600x400 / 10 - GN 1/1
New Products
Alusteel offers a wide range of high-quality cooking equipment for restaurants and hotels, including electric fryers and complete sets. With this standard comes necessity and reputation, as we provide products that comply with our highest quality standards, ensuring the success of your establishment in the restaurant and kitchen market.
Bain-marie
At Alusteel , we offer electric bain-maries to meet the various requirements of restaurants and hotels. The device consists...
View More
Wood-fired Pizza Oven
High quality and durable kneader Italian industry
View More
Wood-fired grills
Wood-fired grills are an exceptional addition to restaurant kitchens, bringing unparalleled flavor and versatility to the...
View More
Chicken Rotation Gas and Wood Fire
Rotary grills from Alusteel are the perfect choice for restaurants and hotels looking to serve high-quality grilled dishes....
View More
Potato Kumpir Oven
Potato Kumpir Oven
View More
Bread Oven
View More
Smoker oven
Smoker oven
View More
Electric chicken grill
Electric chicken grill
View More
Are you looking for professional Services For your company
Contact us",14
https://alusteel.net/en/products/hotline/pasta-cooker,en,"PASTA-COOKER | Alusteel For Hotel, Restaurant, kitchen Equipment",,"At Alusteel, we offer pasta cookers with electric pasta cookers in an open cabinet. They are heated by specially designed batteries with a capacity of 4 kW per burner. They also feature a temperature control system for the frying pan using a 50/180 degree thermostat. Alusteel supplies two frying pan baskets with a stainless steel cover with each frying pan.","PASTA-COOKER
Home
Products
Hotline
PASTA-COOKER
PASTA-COOKER Description
At Alusteel, we offer pasta cookers with electric pasta cookers in an open cabinet. They are heated by specially designed batteries with a capacity of 4 kW per burner. They also feature a temperature control system for the frying pan using a 50/180 degree thermostat. Alusteel supplies two frying pan baskets with a stainless steel cover with each frying pan. For more details, please visit the following link: https://2u.pw/xBVaW
New Products
Alusteel offers a wide range of high-quality cooking equipment for restaurants and hotels, including electric fryers and complete sets. With this standard comes necessity and reputation, as we provide products that comply with our highest quality standards, ensuring the success of your establishment in the restaurant and kitchen market.
Bain-marie
At Alusteel , we offer electric bain-maries to meet the various requirements of restaurants and hotels. The device consists...
View More
Wood-fired Pizza Oven
High quality and durable kneader Italian industry
View More
Wood-fired grills
Wood-fired grills are an exceptional addition to restaurant kitchens, bringing unparalleled flavor and versatility to the...
View More
Chicken Rotation Gas and Wood Fire
Rotary grills from Alusteel are the perfect choice for restaurants and hotels looking to serve high-quality grilled dishes....
View More
Potato Kumpir Oven
Potato Kumpir Oven
View More
Bread Oven
View More
Smoker oven
Smoker oven
View More
Electric chicken grill
Electric chicken grill
View More
Are you looking for professional Services For your company
Contact us",9
https://alusteel.net/en/products/cold-lines,en,"Cold-Lines | Alusteel For Hotel, Restaurant, kitchen Equipment",,,"Cold-Lines
Home
Products
Cold-Lines
All
COUNTER-REFRIGERATOR
SALAD-REFRIGERATOR
UPRIGHT-REFRIGERATED
COUNTER-REFRIGERATOR
High quality and durable horizontal refrigerators made of stainless steel

If you are interested in special...
SALAD-REFRIGERATOR
Salad fridges are an ideal solution for restaurants and hotels that impose on crews and airlines. These...
UPRIGHT-REFRIGERATED
High quality and durable stainless steel vertical refrigerators

If you are interested in special specifications...
Are you looking for professional Services For your company
Contact us",3
https://alusteel.net/en/products/cold-lines/counter-refrigerator,en,"COUNTER-REFRIGERATOR | Alusteel For Hotel, Restaurant, kitchen Equipment",,High quality and durable horizontal refrigerators made of stainless steel,"COUNTER-REFRIGERATOR
Home
Products
Cold-Lines
COUNTER-REFRIGERATOR
COUNTER-REFRIGERATOR Description
Under counter Refrigerators
Available with 2 doors or 3 doors
Under counter Refrigerator 2 Door Stainless Steel
Dimensions 2000*700*850 mm
Product Specifications:
Inner and outer body made of 304 stainless steel
Thermal insulation of the body, doors and the pinch made of injected polyurethane, density 40
Special plastic sections to separate the inner body from the outer body
The door is equipped with a special magnetic rubber
Imported door knives and hinges (nickel)
Cooling system
Italian cooling unit 4/3 HP
Dynamic evaporator
Temperature control with a thermostat with the ability to adjust the operating and stopping temperature difference to protect the cooling unit
Supplied with the refrigerator:
2 C.N.C perforated stainless steel shelves
New Products
Alusteel offers a wide range of high-quality cooking equipment for restaurants and hotels, including electric fryers and complete sets. With this standard comes necessity and reputation, as we provide products that comply with our highest quality standards, ensuring the success of your establishment in the restaurant and kitchen market.
Bain-marie
At Alusteel , we offer electric bain-maries to meet the various requirements of restaurants and hotels. The device consists...
View More
Wood-fired Pizza Oven
High quality and durable kneader Italian industry
View More
Wood-fired grills
Wood-fired grills are an exceptional addition to restaurant kitchens, bringing unparalleled flavor and versatility to the...
View More
Chicken Rotation Gas and Wood Fire
Rotary grills from Alusteel are the perfect choice for restaurants and hotels looking to serve high-quality grilled dishes....
View More
Potato Kumpir Oven
Potato Kumpir Oven
View More
Bread Oven
View More
Smoker oven
Smoker oven
View More
Electric chicken grill
Electric chicken grill
View More
Are you looking for professional Services For your company
Contact us",10
https://alusteel.net/en/products/cold-lines/salad-refrigerator,en,"SALAD-REFRIGERATOR | Alusteel For Hotel, Restaurant, kitchen Equipment",,"Salad fridges are an ideal solution for restaurants and hotels that impose on crews and airlines. These refrigerators come with multiple drawers, including drawers dedicated to different types of vegetables and fruits, creating a quick access to them while preparing salads.","SALAD-REFRIGERATOR
Home
Products
Cold-Lines
SALAD-REFRIGERATOR
SALAD-REFRIGERATOR Description
Salad fridges are an ideal solution for restaurants and hotels that impose on crews and airlines. These refrigerators come with multiple drawers, including drawers dedicated to different types of vegetables and fruits, creating a quick access to them while preparing salads.
Salad fridges are designed with modern technologies including light air distribution that preserves freshness and taste. Some discoveries come with a clear programming interface for ingredients, which gives an attractive appearance to the kitchen and facilitates the selection of ingredients.
Alusteel Company offers a wide range of salad treatments that are characterized by the highest standards of specialized hotel quality.
New Products
Alusteel offers a wide range of high-quality cooking equipment for restaurants and hotels, including electric fryers and complete sets. With this standard comes necessity and reputation, as we provide products that comply with our highest quality standards, ensuring the success of your establishment in the restaurant and kitchen market.
Bain-marie
At Alusteel , we offer electric bain-maries to meet the various requirements of restaurants and hotels. The device consists...
View More
Wood-fired Pizza Oven
High quality and durable kneader Italian industry
View More
Wood-fired grills
Wood-fired grills are an exceptional addition to restaurant kitchens, bringing unparalleled flavor and versatility to the...
View More
Chicken Rotation Gas and Wood Fire
Rotary grills from Alusteel are the perfect choice for restaurants and hotels looking to serve high-quality grilled dishes....
View More
Potato Kumpir Oven
Potato Kumpir Oven
View More
Bread Oven
View More
Smoker oven
Smoker oven
View More
Electric chicken grill
Electric chicken grill
View More
Are you looking for professional Services For your company
Contact us",10
https://alusteel.net/en/products/cold-lines/upright-refrigerated,en,"UPRIGHT-REFRIGERATED | Alusteel For Hotel, Restaurant, kitchen Equipment",,ثلاجات راسية عالية الجودة والمتانة من الوستيل,"UPRIGHT-REFRIGERATED
Home
Products
Cold-Lines
UPRIGHT-REFRIGERATED
UPRIGHT-REFRIGERATED Description
High quality and durable stainless steel vertical refrigerators
If you are interested in special specifications or view the entire collection,
contact us
Vertical refrigerator 2 cooler doors
SIZE: 1400mm * 800mm * 2100mm
General Specifications:
1- The inner and outer body of stainless steel 304.
3- Thermal insulation of the body, doors and pinch of injected polyurethane
Manufactured by ALWESTIL TRADING & ENGINEERING
Chiller  2d-140cm
2 door upright freezer
SIZE: 1400mm * 800mm * 2100mm
General Specifications:
1- The inner and outer body of stainless steel 304.
3-Thermal insulation of the body, doors and pinch of a material
Injected polyurethane, density 40 kg/m3.
Manufactured by ALWESTIL TRADING & ENGINEERING
Freezer 2d-140cm
- One door vertical refrigerator
SIZE: 700mm * 800mm * 2100mm
General Specifications:
1- The inner and outer body of stainless steel 304.
3-Thermal insulation of the body, doors and pinch of a material
Injected polyurethane, density 40 kg/m3.
Manufactured by ALWESTIL TRADING & ENGINEERING
Chiller  1d-70cm
1 door upright freezer
SIZE: 700mm * 800mm * 210mm
General Specifications:
1- The inner and outer body of stainless steel 304.
3-Thermal insulation of the body, doors and pinch of a material
Injected polyurethane density 40 kg/m3..
Manufactured by ALWESTIL TRADING & ENGINEERING
Freezer 1d-70cm
New Products
Alusteel offers a wide range of high-quality cooking equipment for restaurants and hotels, including electric fryers and complete sets. With this standard comes necessity and reputation, as we provide products that comply with our highest quality standards, ensuring the success of your establishment in the restaurant and kitchen market.
Bain-marie
At Alusteel , we offer electric bain-maries to meet the various requirements of restaurants and hotels. The device consists...
View More
Wood-fired Pizza Oven
High quality and durable kneader Italian industry
View More
Wood-fired grills
Wood-fired grills are an exceptional addition to restaurant kitchens, bringing unparalleled flavor and versatility to the...
View More
Chicken Rotation Gas and Wood Fire
Rotary grills from Alusteel are the perfect choice for restaurants and hotels looking to serve high-quality grilled dishes....
View More
Potato Kumpir Oven
Potato Kumpir Oven
View More
Bread Oven
View More
Smoker oven
Smoker oven
View More
Electric chicken grill
Electric chicken grill
View More
Are you looking for professional Services For your company
Contact us",10
https://alusteel.net/en/products/neutral,en,"NEUTRAL | Alusteel For Hotel, Restaurant, kitchen Equipment",,,"NEUTRAL
Home
Products
NEUTRAL
All
CUPBOARDS
DRAINS
KITCHEN-AND-SERVICE-TROLLY
WORK-TABLES
SHELVING-UNITS
VENTLATION-HOOD
SINK-UNITS
CUPBOARDS
High quality and durable stainless steel wheels and cabins
DRAINS
KITCHEN-AND-SERVICE-TROLLY
High quality and durable stainless steel service trolley
WORK-TABLES
High quality and durable stainless steel service WORK TABLES
SHELVING-UNITS
High quality and durable steel shelves and brackets
VENTLATION-HOOD
High quality and durable stainless steel VENTLATION HOOD
SINK-UNITS
High quality and durable stainless steel SINK UNITS
Are you looking for professional Services For your company
Contact us",7
https://alusteel.net/en/products/neutral/cupboards,en,"CUPBOARDS | Alusteel For Hotel, Restaurant, kitchen Equipment",,High quality and durable stainless steel wheels and cabins,"CUPBOARDS
Home
Products
NEUTRAL
CUPBOARDS
CUPBOARDS Description
High quality and durable stainless steel wheels and cabins
If you are interested in special specifications or view the entire collection,
contact us
Stainless steel wall cabin, 2 tractor sashes
SIZE: 1500mm * 500 mm * 600 mm
General Specifications:
1- Fully made of stainless steel.
2- The upper pinch is 1.2mm and the lower pinch is double.
3- The sides, back and shelves are 1 mm thick.
4- The cab is equipped with a middle shelf
Manufactured by ALWESTIL TRADING & ENGINEERING
WC-150CM
Stainless steel lower cab 2 tractor sash with rear lip
SIZE: 1200mm * 700mm * 850 mm
General Specifications:
1- Made of stainless steel 304.
2- The upper pinch is 1.5 mm thick with struts below
4- Stainless steel heels to adjust the level.
5- Double zipper door with 2 sashes.
Manufactured by ALWESTIL TRADING & ENGINEERING
BC-150CM
New Products
Alusteel offers a wide range of high-quality cooking equipment for restaurants and hotels, including electric fryers and complete sets. With this standard comes necessity and reputation, as we provide products that comply with our highest quality standards, ensuring the success of your establishment in the restaurant and kitchen market.
Bain-marie
At Alusteel , we offer electric bain-maries to meet the various requirements of restaurants and hotels. The device consists...
View More
Wood-fired Pizza Oven
High quality and durable kneader Italian industry
View More
Wood-fired grills
Wood-fired grills are an exceptional addition to restaurant kitchens, bringing unparalleled flavor and versatility to the...
View More
Chicken Rotation Gas and Wood Fire
Rotary grills from Alusteel are the perfect choice for restaurants and hotels looking to serve high-quality grilled dishes....
View More
Potato Kumpir Oven
Potato Kumpir Oven
View More
Bread Oven
View More
Smoker oven
Smoker oven
View More
Electric chicken grill
Electric chicken grill
View More
Are you looking for professional Services For your company
Contact us",18
https://alusteel.net/en/products/neutral/drains,en,"DRAINS | Alusteel For Hotel, Restaurant, kitchen Equipment",,,"DRAINS
Home
Products
NEUTRAL
DRAINS
New Products
Alusteel offers a wide range of high-quality cooking equipment for restaurants and hotels, including electric fryers and complete sets. With this standard comes necessity and reputation, as we provide products that comply with our highest quality standards, ensuring the success of your establishment in the restaurant and kitchen market.
Bain-marie
At Alusteel , we offer electric bain-maries to meet the various requirements of restaurants and hotels. The device consists...
View More
Wood-fired Pizza Oven
High quality and durable kneader Italian industry
View More
Wood-fired grills
Wood-fired grills are an exceptional addition to restaurant kitchens, bringing unparalleled flavor and versatility to the...
View More
Chicken Rotation Gas and Wood Fire
Rotary grills from Alusteel are the perfect choice for restaurants and hotels looking to serve high-quality grilled dishes....
View More
Potato Kumpir Oven
Potato Kumpir Oven
View More
Bread Oven
View More
Smoker oven
Smoker oven
View More
Electric chicken grill
Electric chicken grill
View More
Are you looking for professional Services For your company
Contact us",12
https://alusteel.net/en/products/neutral/kitchen-and-service-trolly,en,"KITCHEN-AND-SERVICE-TROLLY | Alusteel For Hotel, Restaurant, kitchen Equipment",,High quality and durable stainless steel service trolley,"KITCHEN-AND-SERVICE-TROLLY
Home
Products
NEUTRAL
KITCHEN-AND-SERVICE-TROLLY
KITCHEN-AND-SERVICE-TROLLY Description
High quality and durable stainless steel service trolley
If you are interested in special specifications or view the entire collection,
contact us
3 rack stainless steel service trolley
SIZE: 900mm * 600mm * 900mm
General Specifications:
1- Fully made of stainless steel.
2- The shelves are 1.5 mm thick.
3- Movable on four wheels, 2 of which have brakes.
TT-3LAYERS
New Products
Alusteel offers a wide range of high-quality cooking equipment for restaurants and hotels, including electric fryers and complete sets. With this standard comes necessity and reputation, as we provide products that comply with our highest quality standards, ensuring the success of your establishment in the restaurant and kitchen market.
Bain-marie
At Alusteel , we offer electric bain-maries to meet the various requirements of restaurants and hotels. The device consists...
View More
Wood-fired Pizza Oven
High quality and durable kneader Italian industry
View More
Wood-fired grills
Wood-fired grills are an exceptional addition to restaurant kitchens, bringing unparalleled flavor and versatility to the...
View More
Chicken Rotation Gas and Wood Fire
Rotary grills from Alusteel are the perfect choice for restaurants and hotels looking to serve high-quality grilled dishes....
View More
Potato Kumpir Oven
Potato Kumpir Oven
View More
Bread Oven
View More
Smoker oven
Smoker oven
View More
Electric chicken grill
Electric chicken grill
View More
Are you looking for professional Services For your company
Contact us",12
https://alusteel.net/en/products/neutral/work-tables,en,"WORK-TABLES | Alusteel For Hotel, Restaurant, kitchen Equipment",,High quality and durable stainless steel service WORK TABLES,"WORK-TABLES
Home
Products
NEUTRAL
WORK-TABLES
WORK-TABLES Description
High quality and durable stainless steel service WORK TABLES
If you are interested in special specifications or view the entire collection,
contact us
Stainless service cabinet with rear mirrors and lower shelf
SIZE : 1400 mm * 700mm * 850mm
General Specifications:
1- Made of stainless steel 304.
2- The upper disc is 1.5 mm thick with struts below
Manufactured by ALWESTIL TRADING & ENGINEERING
WT-140CM
New Products
Alusteel offers a wide range of high-quality cooking equipment for restaurants and hotels, including electric fryers and complete sets. With this standard comes necessity and reputation, as we provide products that comply with our highest quality standards, ensuring the success of your establishment in the restaurant and kitchen market.
Bain-marie
At Alusteel , we offer electric bain-maries to meet the various requirements of restaurants and hotels. The device consists...
View More
Wood-fired Pizza Oven
High quality and durable kneader Italian industry
View More
Wood-fired grills
Wood-fired grills are an exceptional addition to restaurant kitchens, bringing unparalleled flavor and versatility to the...
View More
Chicken Rotation Gas and Wood Fire
Rotary grills from Alusteel are the perfect choice for restaurants and hotels looking to serve high-quality grilled dishes....
View More
Potato Kumpir Oven
Potato Kumpir Oven
View More
Bread Oven
View More
Smoker oven
Smoker oven
View More
Electric chicken grill
Electric chicken grill
View More
Are you looking for professional Services For your company
Contact us",18
https://alusteel.net/en/products/neutral/shelving-units,en,"SHELVING-UNITS | Alusteel For Hotel, Restaurant, kitchen Equipment",,High quality and durable steel shelves and brackets,"SHELVING-UNITS
Home
Products
NEUTRAL
SHELVING-UNITS
SHELVING-UNITS Description
High quality and durable steel shelves and brackets
If you are interested in special specifications or view the entire collection,
contact us
Stainless steel wall shelf
SIZE: 1000mm * 300mm * 40mm
General Specifications:
1- Made of stainless steel 304.
2- The upper pinch is 1.5 mm thick with a strut below it
And the number of 2 cantilevers
Manufactured by ALWESTIL TRADING & ENGINEERING
WS-100CM
Perforated stainless steel shelving unit contains 4 shelves
SIZE : 900cm*40cm*180cm
General Specifications:
1- The unit is completely made of stainless steel.
2- The shelves are 1.25 mm thick, CNC perforated.
3- Leveling legs.
U-4SH
New Products
Alusteel offers a wide range of high-quality cooking equipment for restaurants and hotels, including electric fryers and complete sets. With this standard comes necessity and reputation, as we provide products that comply with our highest quality standards, ensuring the success of your establishment in the restaurant and kitchen market.
Bain-marie
At Alusteel , we offer electric bain-maries to meet the various requirements of restaurants and hotels. The device consists...
View More
Wood-fired Pizza Oven
High quality and durable kneader Italian industry
View More
Wood-fired grills
Wood-fired grills are an exceptional addition to restaurant kitchens, bringing unparalleled flavor and versatility to the...
View More
Chicken Rotation Gas and Wood Fire
Rotary grills from Alusteel are the perfect choice for restaurants and hotels looking to serve high-quality grilled dishes....
View More
Potato Kumpir Oven
Potato Kumpir Oven
View More
Bread Oven
View More
Smoker oven
Smoker oven
View More
Electric chicken grill
Electric chicken grill
View More
Are you looking for professional Services For your company
Contact us",11
https://alusteel.net/en/products/neutral/ventlation-hood,en,"VENTLATION-HOOD | Alusteel For Hotel, Restaurant, kitchen Equipment",,High quality and durable stainless steel VENTLATION HOOD,"VENTLATION-HOOD
Home
Products
NEUTRAL
VENTLATION-HOOD
VENTLATION-HOOD Description
High quality and durable stainless steel VENTLATION HOOD
If you are interested in special specifications or view the entire collection,
contact us
Hood for extracting fumes, made of stainless steel
Dimensions 100 * 100 * 50 cm
With stainless steel filters and oil filter
Without extensions and fans
K H-
New Products
Alusteel offers a wide range of high-quality cooking equipment for restaurants and hotels, including electric fryers and complete sets. With this standard comes necessity and reputation, as we provide products that comply with our highest quality standards, ensuring the success of your establishment in the restaurant and kitchen market.
Bain-marie
At Alusteel , we offer electric bain-maries to meet the various requirements of restaurants and hotels. The device consists...
View More
Wood-fired Pizza Oven
High quality and durable kneader Italian industry
View More
Wood-fired grills
Wood-fired grills are an exceptional addition to restaurant kitchens, bringing unparalleled flavor and versatility to the...
View More
Chicken Rotation Gas and Wood Fire
Rotary grills from Alusteel are the perfect choice for restaurants and hotels looking to serve high-quality grilled dishes....
View More
Potato Kumpir Oven
Potato Kumpir Oven
View More
Bread Oven
View More
Smoker oven
Smoker oven
View More
Electric chicken grill
Electric chicken grill
View More
Are you looking for professional Services For your company
Contact us",18
https://alusteel.net/en/products/neutral/sink-units,en,"SINK-UNITS | Alusteel For Hotel, Restaurant, kitchen Equipment",,High quality and durable stainless steel SINK UNITS,"SINK-UNITS
Home
Products
NEUTRAL
SINK-UNITS
SINK-UNITS Description
High quality and durable stainless steel SINK UNITS
If you are interested in special specifications or view the entire collection,
contact us
One wash basin, 304 stainless steel eye, and a shekel from the bottom
SIZE: 1400mm * 700mm * 850mm
General Specifications:
1- Made entirely of stainless steel 304
2- The upper pinch is 1.5 mm thick, with struts below it 1.5 mm thick
3- Legs: square tubes 4 * 4 cm, made of stainless steel.
4- Raglash heels to adjust the level of PVC.
5- The eye size 50 cm * 50 cm * 30 cm is imported.
6- All welds are argon according to industry principles.
7- Rear mirror with a height of not less than 100 mm.
ST-1B
2-eye stainless steel sink with rear flange.
SIZE: 1500mm * 700mm * 850m
General Specifications:
1- Made entirely of stainless steel 304
2- The upper pinch is 1.5 mm thick, with struts below it 1.5 mm thick
3- Legs: square tubes 4 * 4 cm, made of stainless steel.
4- Raglash heels to adjust the level of PVC.
5- The eye size 50 cm * 50 cm * 30 cm is imported.
6- All welds are argon according to industry principles.
7- Rear mirror with a height of not less than 100 mm.
ST-2B
New Products
Alusteel offers a wide range of high-quality cooking equipment for restaurants and hotels, including electric fryers and complete sets. With this standard comes necessity and reputation, as we provide products that comply with our highest quality standards, ensuring the success of your establishment in the restaurant and kitchen market.
Bain-marie
At Alusteel , we offer electric bain-maries to meet the various requirements of restaurants and hotels. The device consists...
View More
Wood-fired Pizza Oven
High quality and durable kneader Italian industry
View More
Wood-fired grills
Wood-fired grills are an exceptional addition to restaurant kitchens, bringing unparalleled flavor and versatility to the...
View More
Chicken Rotation Gas and Wood Fire
Rotary grills from Alusteel are the perfect choice for restaurants and hotels looking to serve high-quality grilled dishes....
View More
Potato Kumpir Oven
Potato Kumpir Oven
View More
Bread Oven
View More
Smoker oven
Smoker oven
View More
Electric chicken grill
Electric chicken grill
View More
Are you looking for professional Services For your company
Contact us",20
https://alusteel.net/en/products/premium-products,en,"Premium products | Alusteel For Hotel, Restaurant, kitchen Equipment",,,"Premium products
Home
Products
Premium products
All
Wood-fired Pizza Oven
Wood-fired grills
Chicken Rotation Gas and Wood Fire
Potato Kumpir Oven
Bread Oven
Smoker oven
Electric chicken grill
Wood-fired Pizza Oven
High quality and durable kneader Italian industry
Wood-fired grills
Wood-fired grills are an exceptional addition to restaurant kitchens, bringing unparalleled flavor and...
Chicken Rotation Gas and Wood Fire
Rotary grills from Alusteel are the perfect choice for restaurants and hotels looking to serve high-quality...
Potato Kumpir Oven
Potato Kumpir Oven
Bread Oven
Smoker oven
Smoker oven
Electric chicken grill
Electric chicken grill
Are you looking for professional Services For your company
Contact us",7
https://alusteel.net/en/products/premium-products/wood-fired-pizza-oven,en,"Wood-fired Pizza Oven | Alusteel For Hotel, Restaurant, kitchen Equipment",,High quality and durable kneader Italian industry,"Wood-fired Pizza Oven
Home
Products
Premium products
Wood-fired Pizza Oven
Wood-fired Pizza Oven Description
Also, sometimes called a brick oven, wood fired ovens are where pizza's are cooked with wood as a the primary heating source. The wood fire ultimately heats up the bricks within the oven, which cooks the pizza underneath it.
In terms of wood, wood fire ovens use dried hardwood such as maple, oak, hickory and walnut to produce the best flame and smoke. These types of wood burn the cleanest smoke and produce the best flavors.
Once fully heated, wood fired pizzas reach temperatures ranging from 750° to 850° Farenheit. This scorching heat allows a pie to be cooked in a blazing fast 2 to 3 minutes. The tremendous heat is also why there is charring on the crust.
contact us
Wood-fired Pizza Oven
New Products
Alusteel offers a wide range of high-quality cooking equipment for restaurants and hotels, including electric fryers and complete sets. With this standard comes necessity and reputation, as we provide products that comply with our highest quality standards, ensuring the success of your establishment in the restaurant and kitchen market.
Bain-marie
At Alusteel , we offer electric bain-maries to meet the various requirements of restaurants and hotels. The device consists...
View More
Wood-fired Pizza Oven
High quality and durable kneader Italian industry
View More
Wood-fired grills
Wood-fired grills are an exceptional addition to restaurant kitchens, bringing unparalleled flavor and versatility to the...
View More
Chicken Rotation Gas and Wood Fire
Rotary grills from Alusteel are the perfect choice for restaurants and hotels looking to serve high-quality grilled dishes....
View More
Potato Kumpir Oven
Potato Kumpir Oven
View More
Bread Oven
View More
Smoker oven
Smoker oven
View More
Electric chicken grill
Electric chicken grill
View More
Are you looking for professional Services For your company
Contact us",13
https://alusteel.net/en/products/premium-products/wood-fired-grills,en,"Wood-fired grills | Alusteel For Hotel, Restaurant, kitchen Equipment",,"Wood-fired grills are an exceptional addition to restaurant kitchens, bringing unparalleled flavor and versatility to the culinary experience. These grills utilize hardwoods like oak, hickory, and mesquite, which burn at high temperatures, infusing food with rich, smoky flavors that are difficult to replicate with other grilling methods.","Wood-fired grills
Home
Products
Premium products
Wood-fired grills
Wood-fired grills Description
Wood-fired grills are an exceptional addition to restaurant kitchens, bringing unparalleled flavor and versatility to the culinary experience. These grills utilize hardwoods like oak, hickory, and mesquite, which burn at high temperatures, infusing food with rich, smoky flavors that are difficult to replicate with other grilling methods.
Key Features:
Authentic Flavor
: The wood smoke permeates the food, enhancing its natural taste with deep, smoky undertones.
High Heat Performance
: Capable of reaching extreme temperatures, wood-fired grills are ideal for searing meats and achieving the perfect char. This high heat also supports a variety of cooking techniques, from slow smoking to high-temperature grilling.
Versatility
: Suitable for a diverse range of foods, these grills excel in cooking everything from steaks and vegetables to pizzas and artisan bread.
Traditional Cooking Method
: Embracing the time-honored tradition of wood-fired grilling, these grills offer an authentic cooking experience that connects chefs to rustic culinary practices.
Construction and Design:
Durable Materials
: Constructed from robust materials such as stainless steel or cast iron, these grills are designed to withstand high temperatures and frequent use.
Efficient Firebox
: Designed to hold wood and control airflow, the firebox is crucial for maintaining consistent cooking temperatures.
Heavy-Duty Cooking Grates
: These grates ensure excellent heat retention and distribution, essential for achieving consistent cooking results.
Types of Wood-Fired Grills:
Charcoal Grills with Wood
: While primarily using charcoal, these grills can incorporate wood chunks or chips to enhance smoky flavor.
Dedicated Wood Grills
: Specifically designed for wood as the primary fuel source, featuring larger fireboxes and robust construction to handle intense heat.
Wood-Fired Pizza Ovens
: Ideal for restaurant kitchens, these ovens cook pizzas at high temperatures, providing a crispy crust and a distinct smoky flavor.
Tips for Restaurant Kitchens:
Choosing the Right Wood
: Different woods impart unique flavors; oak offers robust smokiness, while fruitwoods like apple or cherry provide a sweeter, milder taste.
Temperature Management
: Mastering fire and airflow control is key to maintaining desired cooking temperatures; use dampers and vents effectively.
Safety Measures
: Ensure the grill is on a non-flammable surface, away from flammable materials, and handle with proper tools and heat-resistant gloves.
New Products
Alusteel offers a wide range of high-quality cooking equipment for restaurants and hotels, including electric fryers and complete sets. With this standard comes necessity and reputation, as we provide products that comply with our highest quality standards, ensuring the success of your establishment in the restaurant and kitchen market.
Bain-marie
At Alusteel , we offer electric bain-maries to meet the various requirements of restaurants and hotels. The device consists...
View More
Wood-fired Pizza Oven
High quality and durable kneader Italian industry
View More
Wood-fired grills
Wood-fired grills are an exceptional addition to restaurant kitchens, bringing unparalleled flavor and versatility to the...
View More
Chicken Rotation Gas and Wood Fire
Rotary grills from Alusteel are the perfect choice for restaurants and hotels looking to serve high-quality grilled dishes....
View More
Potato Kumpir Oven
Potato Kumpir Oven
View More
Bread Oven
View More
Smoker oven
Smoker oven
View More
Electric chicken grill
Electric chicken grill
View More
Are you looking for professional Services For your company
Contact us",9
https://alusteel.net/en/products/premium-products/chicken-rotation-gas-and-wood-fire,en,"Chicken Rotation Gas and Wood Fire | Alusteel For Hotel, Restaurant, kitchen Equipment",,"Rotary grills from Alusteel are the perfect choice for restaurants and hotels looking to serve high-quality grilled dishes. Thanks to their durable design and advanced technology, rotary grills ensure that meat and poultry are cooked evenly, giving them a delicious flavor and an attractive appearance.","Chicken Rotation Gas and Wood Fire
Home
Products
Premium products
Chicken Rotation Gas and Wood Fire
Chicken Rotation Gas and Wood Fire Description
Rotary grills from Alusteel are the perfect choice for restaurants and hotels looking to serve high-quality grilled dishes. Thanks to their durable design and advanced technology, rotary grills ensure that meat and poultry are cooked evenly, giving them a delicious flavor and an attractive appearance.
These grills are easy to use and clean, making them ideal for intensive daily use. They are also equipped with a precise thermal control system that allows chefs to set the optimum temperature to cook different types of meat accurately and efficiently.
Alusteel offers a variety of rotary grills in different sizes and specifications to suit the needs of restaurants and hotels, large and small alike. These grills rely on high-quality materials that ensure long-term durability and sustainability, making them a wise investment for business owners in the hospitality sector.
Alusteel grills combine outstanding performance with elegant design, which contributes to improving kitchen efficiency and increasing customer satisfaction with the dishes served. In addition, the company provides after-sales support to ensure customer satisfaction and meet their ongoing needs.
New Products
Alusteel offers a wide range of high-quality cooking equipment for restaurants and hotels, including electric fryers and complete sets. With this standard comes necessity and reputation, as we provide products that comply with our highest quality standards, ensuring the success of your establishment in the restaurant and kitchen market.
Bain-marie
At Alusteel , we offer electric bain-maries to meet the various requirements of restaurants and hotels. The device consists...
View More
Wood-fired Pizza Oven
High quality and durable kneader Italian industry
View More
Wood-fired grills
Wood-fired grills are an exceptional addition to restaurant kitchens, bringing unparalleled flavor and versatility to the...
View More
Chicken Rotation Gas and Wood Fire
Rotary grills from Alusteel are the perfect choice for restaurants and hotels looking to serve high-quality grilled dishes....
View More
Potato Kumpir Oven
Potato Kumpir Oven
View More
Bread Oven
View More
Smoker oven
Smoker oven
View More
Electric chicken grill
Electric chicken grill
View More
Are you looking for professional Services For your company
Contact us",9
https://alusteel.net/en/products/premium-products/potato-kumpir-oven,en,"Potato Kumpir Oven | Alusteel For Hotel, Restaurant, kitchen Equipment",,,"Potato Kumpir Oven
Home
Products
Premium products
Potato Kumpir Oven
Potato Kumpir Oven Description
Dimensions: 50*60
Description
:
-
The oven works with gas .. Capacity: 3 drawers
-
The oven is completely thermally insulated
-
The oven has a potato storage cabinet
-
The oven is completely painted with electrostatic
New Products
Alusteel offers a wide range of high-quality cooking equipment for restaurants and hotels, including electric fryers and complete sets. With this standard comes necessity and reputation, as we provide products that comply with our highest quality standards, ensuring the success of your establishment in the restaurant and kitchen market.
Bain-marie
At Alusteel , we offer electric bain-maries to meet the various requirements of restaurants and hotels. The device consists...
View More
Wood-fired Pizza Oven
High quality and durable kneader Italian industry
View More
Wood-fired grills
Wood-fired grills are an exceptional addition to restaurant kitchens, bringing unparalleled flavor and versatility to the...
View More
Chicken Rotation Gas and Wood Fire
Rotary grills from Alusteel are the perfect choice for restaurants and hotels looking to serve high-quality grilled dishes....
View More
Potato Kumpir Oven
Potato Kumpir Oven
View More
Bread Oven
View More
Smoker oven
Smoker oven
View More
Electric chicken grill
Electric chicken grill
View More
Are you looking for professional Services For your company
Contact us",9
https://alusteel.net/en/products/premium-products/bread-oven,en,"Bread Oven | Alusteel For Hotel, Restaurant, kitchen Equipment",,,"Bread Oven
Home
Products
Premium products
Bread Oven
Bread Oven Description
Dimensions: 105*100*170
Description
:
-
Inner plate diameter 90 cm
-
Oven works with gas and electricity 220 volts
-
Oven works with gas
-
Oven is entirely made of stainless steel
New Products
Alusteel offers a wide range of high-quality cooking equipment for restaurants and hotels, including electric fryers and complete sets. With this standard comes necessity and reputation, as we provide products that comply with our highest quality standards, ensuring the success of your establishment in the restaurant and kitchen market.
Bain-marie
At Alusteel , we offer electric bain-maries to meet the various requirements of restaurants and hotels. The device consists...
View More
Wood-fired Pizza Oven
High quality and durable kneader Italian industry
View More
Wood-fired grills
Wood-fired grills are an exceptional addition to restaurant kitchens, bringing unparalleled flavor and versatility to the...
View More
Chicken Rotation Gas and Wood Fire
Rotary grills from Alusteel are the perfect choice for restaurants and hotels looking to serve high-quality grilled dishes....
View More
Potato Kumpir Oven
Potato Kumpir Oven
View More
Bread Oven
View More
Smoker oven
Smoker oven
View More
Electric chicken grill
Electric chicken grill
View More
Are you looking for professional Services For your company
Contact us",8
https://alusteel.net/en/products/premium-products/smoker-oven,en,"Smoker oven | Alusteel For Hotel, Restaurant, kitchen Equipment",,,"Smoker oven
Home
Products
Premium products
Smoker oven
Smoker oven Description
Dimensions: 70*70*180
Description:
- Made of painted sheet metal
- Thickness 3 mm
- Heat insulated
- Equipped with 4 internal shelves
- Equipped with a temperature gauge
- Equipped with a drawer for firewood
- On a leg
Usage:
- Cooking meat on firewood
New Products
Alusteel offers a wide range of high-quality cooking equipment for restaurants and hotels, including electric fryers and complete sets. With this standard comes necessity and reputation, as we provide products that comply with our highest quality standards, ensuring the success of your establishment in the restaurant and kitchen market.
Bain-marie
At Alusteel , we offer electric bain-maries to meet the various requirements of restaurants and hotels. The device consists...
View More
Wood-fired Pizza Oven
High quality and durable kneader Italian industry
View More
Wood-fired grills
Wood-fired grills are an exceptional addition to restaurant kitchens, bringing unparalleled flavor and versatility to the...
View More
Chicken Rotation Gas and Wood Fire
Rotary grills from Alusteel are the perfect choice for restaurants and hotels looking to serve high-quality grilled dishes....
View More
Potato Kumpir Oven
Potato Kumpir Oven
View More
Bread Oven
View More
Smoker oven
Smoker oven
View More
Electric chicken grill
Electric chicken grill
View More
Are you looking for professional Services For your company
Contact us",8
https://alusteel.net/en/products/premium-products/electric-chicken-grill,en,"Electric chicken grill | Alusteel For Hotel, Restaurant, kitchen Equipment",,,"Electric chicken grill
Home
Products
Premium products
Electric chicken grill
Electric chicken grill Description
Dimensions over counter: 120*60*120
Dimensions with stand: 120*60*180
Description
:
-
Electric motor and speed reducer that operates on 3-phase electricity
-
Multiple skewers inside the grill 4 or 6 or 8 skewers
-
Glass door from the front to monitor cooking
-
Possibility of placing it over counter or manufacturing it on a stand
New Products
Alusteel offers a wide range of high-quality cooking equipment for restaurants and hotels, including electric fryers and complete sets. With this standard comes necessity and reputation, as we provide products that comply with our highest quality standards, ensuring the success of your establishment in the restaurant and kitchen market.
Bain-marie
At Alusteel , we offer electric bain-maries to meet the various requirements of restaurants and hotels. The device consists...
View More
Wood-fired Pizza Oven
High quality and durable kneader Italian industry
View More
Wood-fired grills
Wood-fired grills are an exceptional addition to restaurant kitchens, bringing unparalleled flavor and versatility to the...
View More
Chicken Rotation Gas and Wood Fire
Rotary grills from Alusteel are the perfect choice for restaurants and hotels looking to serve high-quality grilled dishes....
View More
Potato Kumpir Oven
Potato Kumpir Oven
View More
Bread Oven
View More
Smoker oven
Smoker oven
View More
Electric chicken grill
Electric chicken grill
View More
Are you looking for professional Services For your company
Contact us",8
https://alusteel.net/en/products/buffets,en,"buffets | Alusteel For Hotel, Restaurant, kitchen Equipment",,,"buffets
Home
Products
buffets
All
Buffet (multiple types)
Buffet (multiple types)
Are you looking for professional Services For your company
Contact us",1
https://alusteel.net/en/products/buffets/buffet-multiple-types,en,"Buffet (multiple types) | Alusteel For Hotel, Restaurant, kitchen Equipment",,,"Buffet (multiple types)
Home
Products
buffets
Buffet (multiple types)
Buffet (multiple types) Description
1/ Cold buffet
2/ Cold buffet for salads equipped with 4 GN 1/1
3/ Hot buffet 4 pots
4/ Balanced buffet
General specifications:
1- Italian cooling unit
2- Upper marble pinch
3- Lower marble pinch
4- Thermally painted from the bottom of the sheet according to the decor
5- Equipped from above with a sun guard, upper glass and lighting
6- On wheels 4 inches
Dimensions: 230*100*95
New Products
Alusteel offers a wide range of high-quality cooking equipment for restaurants and hotels, including electric fryers and complete sets. With this standard comes necessity and reputation, as we provide products that comply with our highest quality standards, ensuring the success of your establishment in the restaurant and kitchen market.
Bain-marie
At Alusteel , we offer electric bain-maries to meet the various requirements of restaurants and hotels. The device consists...
View More
Wood-fired Pizza Oven
High quality and durable kneader Italian industry
View More
Wood-fired grills
Wood-fired grills are an exceptional addition to restaurant kitchens, bringing unparalleled flavor and versatility to the...
View More
Chicken Rotation Gas and Wood Fire
Rotary grills from Alusteel are the perfect choice for restaurants and hotels looking to serve high-quality grilled dishes....
View More
Potato Kumpir Oven
Potato Kumpir Oven
View More
Bread Oven
View More
Smoker oven
Smoker oven
View More
Electric chicken grill
Electric chicken grill
View More
Are you looking for professional Services For your company
Contact us",10
https://alusteel.net/en/products/snake-line,en,"Snake Line | Alusteel For Hotel, Restaurant, kitchen Equipment",,"Snacke production line includes a group of products that serve fast food manufacturers, manufactured to be placed over the counter.","Snake Line
Home
Products
Snake Line
All
Bain Marie Counter Capacity GN 1/1
Stainless steel 2 burner counter stove
Plain Counter Grill
Electric Pasta Cooker Above the Counter with Strainers for Cooking Pasta
DUMP STATION with heat lamps
Counter 1-burner fryer
Electric stove 2 round plates counter
Bain Marie Counter Capacity GN 1/1
Stainless steel 2 burner counter stove
Plain Counter Grill
Electric Pasta Cooker Above the Counter with Strainers for Cooking Pasta
DUMP STATION with heat lamps
Counter 1-burner fryer
Electric stove 2 round plates counter
Are you looking for professional Services For your company
Contact us",7
https://alusteel.net/en/products/snake-line/bain-marie-counter-capacity-gn-1-1,en,"Bain Marie Counter Capacity GN 1/1 | Alusteel For Hotel, Restaurant, kitchen Equipment",,,"Bain Marie Counter Capacity GN 1/1
Home
Products
Snake Line
Bain Marie Counter Capacity GN 1/1
Bain Marie Counter Capacity GN 1/1 Description
Bain Marie Counter Capacity GN 1/1
Dimensions:
300*700*400 mm
General Specifications:
1- The inner and outer body are made of 304 stainless steel
2- The disc carrying the pots is made of 304 stainless steel, 1.5 mm thick
Heating System:
1- Water heating element to heat the water surrounding the pots GN
2- Temperature control with 1 thermostat with the ability to adjust the operating and stopping temperatures to protect food and heaters
3- Indicator lamp and complete protection devices
New Products
Alusteel offers a wide range of high-quality cooking equipment for restaurants and hotels, including electric fryers and complete sets. With this standard comes necessity and reputation, as we provide products that comply with our highest quality standards, ensuring the success of your establishment in the restaurant and kitchen market.
Bain-marie
At Alusteel , we offer electric bain-maries to meet the various requirements of restaurants and hotels. The device consists...
View More
Wood-fired Pizza Oven
High quality and durable kneader Italian industry
View More
Wood-fired grills
Wood-fired grills are an exceptional addition to restaurant kitchens, bringing unparalleled flavor and versatility to the...
View More
Chicken Rotation Gas and Wood Fire
Rotary grills from Alusteel are the perfect choice for restaurants and hotels looking to serve high-quality grilled dishes....
View More
Potato Kumpir Oven
Potato Kumpir Oven
View More
Bread Oven
View More
Smoker oven
Smoker oven
View More
Electric chicken grill
Electric chicken grill
View More
Are you looking for professional Services For your company
Contact us",8
https://alusteel.net/en/products/snake-line/stainless-steel-2-burner-counter-stove,en,"Stainless steel 2 burner counter stove | Alusteel For Hotel, Restaurant, kitchen Equipment",,,"Stainless steel 2 burner counter stove
Home
Products
Snake Line
Stainless steel 2 burner counter stove
Stainless steel 2 burner counter stove Description
Stainless steel 2 burner counter stove
Dimensions: 300*700*400 mm
Specifications
:
1-
Strong chassis equipped for heavy duty
2-
The outer and inner body are made of stainless steel
3-
Carried on heavy duty stainless steel leveling legs
4- 2
burners with grease trays
5- 2
burner grills, cast iron
6-
Italian-made operating keys
New Products
Alusteel offers a wide range of high-quality cooking equipment for restaurants and hotels, including electric fryers and complete sets. With this standard comes necessity and reputation, as we provide products that comply with our highest quality standards, ensuring the success of your establishment in the restaurant and kitchen market.
Bain-marie
At Alusteel , we offer electric bain-maries to meet the various requirements of restaurants and hotels. The device consists...
View More
Wood-fired Pizza Oven
High quality and durable kneader Italian industry
View More
Wood-fired grills
Wood-fired grills are an exceptional addition to restaurant kitchens, bringing unparalleled flavor and versatility to the...
View More
Chicken Rotation Gas and Wood Fire
Rotary grills from Alusteel are the perfect choice for restaurants and hotels looking to serve high-quality grilled dishes....
View More
Potato Kumpir Oven
Potato Kumpir Oven
View More
Bread Oven
View More
Smoker oven
Smoker oven
View More
Electric chicken grill
Electric chicken grill
View More
Are you looking for professional Services For your company
Contact us",9
https://alusteel.net/en/products/snake-line/plain-counter-grill,en,"Plain Counter Grill | Alusteel For Hotel, Restaurant, kitchen Equipment",,,"Plain Counter Grill
Home
Products
Snake Line
Plain Counter Grill
Plain Counter Grill Description
Dimensions: 30*70*70 cm
Body:
1- Strong chassis equipped for heavy duty
2- The outer and inner body are made of stainless steel
3- Loaded on stainless steel leveling legs
4- 1 plain grill plate / ribbed made of polished steel with a thickness of not less than 20 mm
5- Lower shelf made of stainless steel with a thickness of 1.2 mm
6- Thermal insulation with high-density rock wool
Gas specifications:
1- Heating by special laser burners
2- The possibility of lifting the grill completely for cleaning and maintenance purposes
3- Safety system to shut off the gas when the candle goes out
4- Self-ignition system
New Products
Alusteel offers a wide range of high-quality cooking equipment for restaurants and hotels, including electric fryers and complete sets. With this standard comes necessity and reputation, as we provide products that comply with our highest quality standards, ensuring the success of your establishment in the restaurant and kitchen market.
Bain-marie
At Alusteel , we offer electric bain-maries to meet the various requirements of restaurants and hotels. The device consists...
View More
Wood-fired Pizza Oven
High quality and durable kneader Italian industry
View More
Wood-fired grills
Wood-fired grills are an exceptional addition to restaurant kitchens, bringing unparalleled flavor and versatility to the...
View More
Chicken Rotation Gas and Wood Fire
Rotary grills from Alusteel are the perfect choice for restaurants and hotels looking to serve high-quality grilled dishes....
View More
Potato Kumpir Oven
Potato Kumpir Oven
View More
Bread Oven
View More
Smoker oven
Smoker oven
View More
Electric chicken grill
Electric chicken grill
View More
Are you looking for professional Services For your company
Contact us",9
https://alusteel.net/en/products/snake-line/electric-pasta-cooker-above-the-counter-with-strainers-for-cooking-pasta,en,"Electric Pasta Cooker Above the Counter with Strainers for Cooking Pasta | Alusteel For Hotel, Restaurant, kitchen Equipment",,,"Electric Pasta Cooker Above the Counter with Strainers for Cooking Pasta
Home
Products
Snake Line
Electric Pasta Cooker Above the Counter with Strainers for Cooking Pasta
Electric Pasta Cooker Above the Counter with Strainers for Cooking Pasta Description
Dimensions: 30*70*40 cm
Electricity Specifications:
1- Heating by specially designed electric heating batteries with a capacity of 7.5 watts per eye
2- Temperature control for the frying pan by a thermostat 50/180 degrees
Board with each frying pan:
1- 2 baskets with a stainless steel cover
New Products
Alusteel offers a wide range of high-quality cooking equipment for restaurants and hotels, including electric fryers and complete sets. With this standard comes necessity and reputation, as we provide products that comply with our highest quality standards, ensuring the success of your establishment in the restaurant and kitchen market.
Bain-marie
At Alusteel , we offer electric bain-maries to meet the various requirements of restaurants and hotels. The device consists...
View More
Wood-fired Pizza Oven
High quality and durable kneader Italian industry
View More
Wood-fired grills
Wood-fired grills are an exceptional addition to restaurant kitchens, bringing unparalleled flavor and versatility to the...
View More
Chicken Rotation Gas and Wood Fire
Rotary grills from Alusteel are the perfect choice for restaurants and hotels looking to serve high-quality grilled dishes....
View More
Potato Kumpir Oven
Potato Kumpir Oven
View More
Bread Oven
View More
Smoker oven
Smoker oven
View More
Electric chicken grill
Electric chicken grill
View More
Are you looking for professional Services For your company
Contact us",9
https://alusteel.net/en/products/snake-line/dump-station-with-heat-lamps,en,"DUMP STATION with heat lamps | Alusteel For Hotel, Restaurant, kitchen Equipment",,,"DUMP STATION with heat lamps
Home
Products
Snake Line
DUMP STATION with heat lamps
DUMP STATION with heat lamps Description
Dimensions:
500*700*50+85
External body:
1- Made of stainless steel
2- Loaded with small leveling legs
Internal body:
1- Perforated tray with slopes to collect oil
2- Oil collection drawer under the tray
3- Thermal insulation with rock wool covered with galvanized sheet
4- Heating by special heaters
(Capacity of one heater): 2*1 watts with 1 thermostat to control the temperature 30/110 degrees
New Products
Alusteel offers a wide range of high-quality cooking equipment for restaurants and hotels, including electric fryers and complete sets. With this standard comes necessity and reputation, as we provide products that comply with our highest quality standards, ensuring the success of your establishment in the restaurant and kitchen market.
Bain-marie
At Alusteel , we offer electric bain-maries to meet the various requirements of restaurants and hotels. The device consists...
View More
Wood-fired Pizza Oven
High quality and durable kneader Italian industry
View More
Wood-fired grills
Wood-fired grills are an exceptional addition to restaurant kitchens, bringing unparalleled flavor and versatility to the...
View More
Chicken Rotation Gas and Wood Fire
Rotary grills from Alusteel are the perfect choice for restaurants and hotels looking to serve high-quality grilled dishes....
View More
Potato Kumpir Oven
Potato Kumpir Oven
View More
Bread Oven
View More
Smoker oven
Smoker oven
View More
Electric chicken grill
Electric chicken grill
View More
Are you looking for professional Services For your company
Contact us",9
https://alusteel.net/en/products/snake-line/counter-1-burner-fryer,en,"Counter 1-burner fryer | Alusteel For Hotel, Restaurant, kitchen Equipment",,,"Counter 1-burner fryer
Home
Products
Snake Line
Counter 1-burner fryer
Counter 1-burner fryer Description
Capacity 10 liters * 1
Dimensions 300*700*400
Outer and inner body made of stainless steel
Electricity specifications
Heating by specially designed electric heating batteries with a capacity of 3.5 watts per burner
Temperature control for the frying pan by a thermostat 50*180 degrees
New Products
Alusteel offers a wide range of high-quality cooking equipment for restaurants and hotels, including electric fryers and complete sets. With this standard comes necessity and reputation, as we provide products that comply with our highest quality standards, ensuring the success of your establishment in the restaurant and kitchen market.
Bain-marie
At Alusteel , we offer electric bain-maries to meet the various requirements of restaurants and hotels. The device consists...
View More
Wood-fired Pizza Oven
High quality and durable kneader Italian industry
View More
Wood-fired grills
Wood-fired grills are an exceptional addition to restaurant kitchens, bringing unparalleled flavor and versatility to the...
View More
Chicken Rotation Gas and Wood Fire
Rotary grills from Alusteel are the perfect choice for restaurants and hotels looking to serve high-quality grilled dishes....
View More
Potato Kumpir Oven
Potato Kumpir Oven
View More
Bread Oven
View More
Smoker oven
Smoker oven
View More
Electric chicken grill
Electric chicken grill
View More
Are you looking for professional Services For your company
Contact us",9
https://alusteel.net/en/products/snake-line/electric-stove-2-round-plates-counter,en,"Electric stove 2 round plates counter | Alusteel For Hotel, Restaurant, kitchen Equipment",,,"Electric stove 2 round plates counter
Home
Products
Snake Line
Electric stove 2 round plates counter
Electric stove 2 round plates counter Description
Dimensions: 300*700*400
Specifications:
Body made of stainless steel
2 round plates made in Germany, diameter 220 mm
Electricity 220 volts / 50 Hz / 1 phase
Thermostatic switch for each plate made in Germany
New Products
Alusteel offers a wide range of high-quality cooking equipment for restaurants and hotels, including electric fryers and complete sets. With this standard comes necessity and reputation, as we provide products that comply with our highest quality standards, ensuring the success of your establishment in the restaurant and kitchen market.
Bain-marie
At Alusteel , we offer electric bain-maries to meet the various requirements of restaurants and hotels. The device consists...
View More
Wood-fired Pizza Oven
High quality and durable kneader Italian industry
View More
Wood-fired grills
Wood-fired grills are an exceptional addition to restaurant kitchens, bringing unparalleled flavor and versatility to the...
View More
Chicken Rotation Gas and Wood Fire
Rotary grills from Alusteel are the perfect choice for restaurants and hotels looking to serve high-quality grilled dishes....
View More
Potato Kumpir Oven
Potato Kumpir Oven
View More
Bread Oven
View More
Smoker oven
Smoker oven
View More
Electric chicken grill
Electric chicken grill
View More
Are you looking for professional Services For your company
Contact us",9
https://alusteel.net/en/events,en,"Events | Alusteel For Hotel, Restaurant, kitchen Equipment",,,"Events
Home
Events
QUALITY POLICY
Quality has a special meaning with regard to Alusteel Trading & Engineering customers. we provide refrigerators, ovens, grills, fryers, ice maker and stainless steel tables.

It is our goal to continually meet and exceed the expectations of those we serve by performing our work in a quality manner. In every activity we undertake, quality is required.

The measure of that performance is the degree to which our completed work meets our customers’ requirements. We will design, build, and service our products in a manner that makes us the leading foodservice equipment manufacturer in the world Egypt.

We will always work to improve our previous performance and will continue to improve the effectiveness of the quality management system by establishing measurable quality objectives. The emphasis on quality extends from the smallest details to the issues of greatest importance,
ALL
HACE
HORECA
Cafex
IATF
HACE
HORECA
Cafex
IATF
Are you looking for professional Services For your company
Contact us",4
https://alusteel.net/en/events/hace,en,"HACE | Alusteel For Hotel, Restaurant, kitchen Equipment",,,"HACE
Home
Events
HACE
All
HACE 2018
HACE 2020
HACE 2021
HACE 2017
HACE 2022
HACE 2023
HACE 2024
HACE 2018
HACE 2020
HACE 2021
HACE 2017
HACE 2022
HACE 2023
HACE 2024
Are you looking for professional Services For your company
Contact us",6
https://alusteel.net/en/events/hace/hace-2018,en,"HACE 2018 | Alusteel For Hotel, Restaurant, kitchen Equipment",,"International Hotels Supplies Exhibition we attended HACE 2018 to develop efficient in methods to improve our performance in Hotel Supplies,","HACE 2018
Home
Events
HACE
HACE 2018
HACE 2018
International Hotels Supplies Exhibition
we attended
HACE 2018
to accurately implement their responsibilities and develop more efficient in methods to improve our performance in Hotel Supplies, Bakery, Pastry and Ice Cream equipment.
Are you looking for professional Services For your company
Contact us",9
https://alusteel.net/en/events/hace/hace-2020,en,"HACE 2020 | Alusteel For Hotel, Restaurant, kitchen Equipment",,,"HACE 2020
Home
Events
HACE
HACE 2020
Are you looking for professional Services For your company
Contact us",26
https://alusteel.net/en/events/hace/hace-2021,en,"HACE 2021 | Alusteel For Hotel, Restaurant, kitchen Equipment",,,"HACE 2021
Home
Events
HACE
HACE 2021
Are you looking for professional Services For your company
Contact us",31
https://alusteel.net/en/events/hace/hace-2017,en,"HACE 2017 | Alusteel For Hotel, Restaurant, kitchen Equipment",,"HACE exhibition establishes itself as a leading market forum of Hotel Supplies and Catering Equipment, Bakery, Pastry and Ice Cream equipment","HACE 2017
Home
Events
HACE
HACE 2017
HACE 2017
HACE exhibition establishes itself as a leading market forum of Hotel Supplies and Catering Equipment, Bakery, Pastry and Ice Cream equipment, Furnishing Hotel equipment,
HACE is held annually under the auspices of the ministry of tourism, on an area of 20000 square meters and more than 250 Egyptian and foreign companies participate in this Event.
Are you looking for professional Services For your company
Contact us",16
https://alusteel.net/en/events/hace/hace-2022,en,"HACE 2022 | Alusteel For Hotel, Restaurant, kitchen Equipment",,,"HACE 2022
Home
Events
HACE
HACE 2022
Are you looking for professional Services For your company
Contact us",15
https://alusteel.net/en/events/hace/hace-2023,en,"HACE 2023 | Alusteel For Hotel, Restaurant, kitchen Equipment",,,"HACE 2023
Home
Events
HACE
HACE 2023
Are you looking for professional Services For your company
Contact us",20
https://alusteel.net/en/events/hace/hace-2024,en,"HACE 2024 | Alusteel For Hotel, Restaurant, kitchen Equipment",,,"HACE 2024
Home
Events
HACE
HACE 2024
Are you looking for professional Services For your company
Contact us",18
https://alusteel.net/en/events/horeca,en,"HORECA | Alusteel For Hotel, Restaurant, kitchen Equipment",,,"HORECA
Home
Events
HORECA
All
Jeddah HORECA 2023
Riyad HORECA 2023
Jeddah HORECA 2023
Riyad HORECA 2023
Are you looking for professional Services For your company
Contact us",2
https://alusteel.net/en/events/horeca/jeddah-horeca-2023,en,"Jeddah HORECA 2023 | Alusteel For Hotel, Restaurant, kitchen Equipment",,,"Jeddah HORECA 2023
Home
Events
HORECA
Jeddah HORECA 2023
Jeddah HORECA 2023
Horeca is one of the largest annual hospitality exhibitions, which was held in Lebanon, Jordan, Kuwait, Amman, Riyadh and Jeddah in the Kingdom of Saudi Arabia.
The importance of this exhibition lies in the process of exchanging expertise and experiences between major local and international companies in the field of the food, beverage and hospitality industry, in addition to competitions that take place between chefs and which are supervised by an international jury. The exhibition will also include workshops and displays of culinary arts, in addition to many other events. The exhibition will also attract exhibitors, visitors and decision makers in the fields related to the exhibition at the local and international levels.
Are you looking for professional Services For your company
Contact us",19
https://alusteel.net/en/events/horeca/riyad-horeca-2023,en,"Riyad HORECA 2023 | Alusteel For Hotel, Restaurant, kitchen Equipment",,,"Riyad HORECA 2023
Home
Events
HORECA
Riyad HORECA 2023
Riyad HORECA 2023
Horeca is one of the largest annual hospitality exhibitions, which was held in Lebanon, Jordan, Kuwait, Amman, Riyadh and Jeddah in the Kingdom of Saudi Arabia.
The importance of this exhibition lies in the process of exchanging expertise and experiences between major local and international companies in the field of the food, beverage and hospitality industry, in addition to competitions that take place between chefs and which are supervised by an international jury. The exhibition will also include workshops and displays of culinary arts, in addition to many other events. The exhibition will also attract exhibitors, visitors and decision makers in the fields related to the exhibition at the local and international levels.
Are you looking for professional Services For your company
Contact us",38
https://alusteel.net/en/events/cafex,en,"Cafex | Alusteel For Hotel, Restaurant, kitchen Equipment",,"Alusteel has participated in Cafex and Hace to provide its products and services, as we offer international brands in kitchen equipment and device manufacturers","Cafex
Home
Events
Cafex
All
Cafex 2019
CAFEX 2025
Cafex 2018
Cafex 2017
Cafex 2016
Cafex 2021
Cafex 2022
Cafex 2019
CAFEX 2025
Cafex 2018
Cafex 2017
Cafex 2016
Cafex 2021
Cafex 2022
Are you looking for professional Services For your company
Contact us",7
https://alusteel.net/en/events/cafex/cafex-2019,en,"Cafex 2019 | Alusteel For Hotel, Restaurant, kitchen Equipment",,Caféx 2019 is a total solution trade fair gathering the best in the  restaurant industry,"Cafex 2019
Home
Events
Cafex
Cafex 2019
Cafex 2019
Caféx 2019 is a total solution trade fair gathering the best in the café & restaurant industry under one roof.
Cafex is also home to activities other than just exhibiting - activities to help better understand the industry like lectures, seminars and workshops to help familiarize existing and potential owners and managers with the industry and put them on the right track to excel.
Are you looking for professional Services For your company
Contact us",10
https://alusteel.net/en/events/cafex/cafex-2025,en,"CAFEX 2025 | Alusteel For Hotel, Restaurant, kitchen Equipment",,Our participation in the Cafex exhibition during May 2025,"CAFEX 2025
Home
Events
Cafex
CAFEX 2025
CAFEX 2025
Our participation in the Cafex exhibition during May 2025
Are you looking for professional Services For your company
Contact us",13
https://alusteel.net/en/events/cafex/cafex-2018,en,"Cafex 2018 | Alusteel For Hotel, Restaurant, kitchen Equipment",,"Egyptian fair specialized Trade Show for cafés and restaurants, Equipment, Furnishings, Supplies and Services in the Middle East","Cafex 2018
Home
Events
Cafex
Cafex 2018
Cafex 2018
Egyptian fair specialized Trade Show for cafés and restaurants, Equipment, Furnishings, Supplies and Services in the Middle East
Are you looking for professional Services For your company
Contact us",10
https://alusteel.net/en/events/cafex/cafex-2017,en,"Cafex 2017 | Alusteel For Hotel, Restaurant, kitchen Equipment",,Cafex 2017 The largest gathering of cafes and restaurants in Egypt and the Middle East. It is being held at the Egypt International Exhibition Center,"Cafex 2017
Home
Events
Cafex
Cafex 2017
Cafex 2017
Cafex 2017 The exhibition of café supplies and allocations.
The largest gathering of cafes and restaurants in Egypt and the Middle East. It is being held at the Egypt International Exhibition Center
Are you looking for professional Services For your company
Contact us",16
https://alusteel.net/en/events/cafex/cafex-2016,en,"Cafex 2016 | Alusteel For Hotel, Restaurant, kitchen Equipment",,Caféx is a total solution trade fair gathering the best in the café & restaurant industry under one roof.,"Cafex 2016
Home
Events
Cafex
Cafex 2016
Cafex 2016
Expert for specialists cafes & Restaurant Equipment, Supplies, kitchen & Services
for cafés, hotel and restaurants.
The largest pool in Egypt and the Middle East.
We are attending to pick everything you need to create, improve and renovate your café or restaurant you will find at Cafex.
Are you looking for professional Services For your company
Contact us",9
https://alusteel.net/en/events/cafex/cafex-2021,en,"Cafex 2021 | Alusteel For Hotel, Restaurant, kitchen Equipment",,,"Cafex 2021
Home
Events
Cafex
Cafex 2021
Are you looking for professional Services For your company
Contact us",4
https://alusteel.net/en/events/cafex/cafex-2022,en,"Cafex 2022 | Alusteel For Hotel, Restaurant, kitchen Equipment",,,"Cafex 2022
Home
Events
Cafex
Cafex 2022
Are you looking for professional Services For your company
Contact us",2
https://alusteel.net/en/events/iatf,en,"IATF | Alusteel For Hotel, Restaurant, kitchen Equipment",,,"IATF
Home
Events
IATF
All
IATF 2018
IATF 2018
Are you looking for professional Services For your company
Contact us",1
https://alusteel.net/en/events/iatf/iatf-2018,en,"IATF 2018 | Alusteel For Hotel, Restaurant, kitchen Equipment",,The inaugural Intra-African Trade Fairو We were able to attend it so that we are aware of all that is new in the field of kitchen restaurant equipment,"IATF 2018
Home
Events
IATF
IATF 2018
IATF 2018
The inaugural Intra-African Trade Fair
IATF
took place for the first time in 2018 at the International Exhibition Center, in Cairo, Egypt from 11-17 December.
It was organised by Afreximbank in collaboration with the African Union, and hosted by the Government of Egypt.
The success of the event was further stimulated by the signing of the African Continental Free Trade Area (AfCFTA) agreement by the majority of African countries in March 2018.
We were able to attend it so that we are aware of all that is new in the field of kitchen equipment, to satisfy the tastes of all customers.
Are you looking for professional Services For your company
Contact us",4
https://alusteel.net/en/articles,en,"Articles | Alusteel For Hotel, Restaurant, kitchen Equipment",,Quality has a special meaning to Alusteel's customers. our goal to meet and exceed the expectations of those we serve by performing our work in a quality manner,"Articles
Home
Articles
All
Hotel and restaurant equipment
The impact of technology on the stainless steel industry
The most prominent trends in restaurant equipment design
Bane Mari
Alusteel at HACE Hotel Expo 2025: Renewed leadership in the world of hotel kitchen equipment
Innovation in Culinary Service and ALUSTEEL's Impact on the World of Professional Kitchens
Stainless steel industry in Egypt
Egyptian economy and industry
The importance of trained workers in industry
Benefits of using stainless steel in restaurant equipment
How to choose the right kitchen equipment for your restaurant
Equipping restaurants and kitchens with appropriate equipment
The future of restaurant equipment: innovations and developments
Stainless Steel Oven Industry
Boiling Ban
Telting Ban
electric stoves
Gas Stove
Fryers
Grill
Pasta Cooker
Stainless steel stone pizza ovens are a combination of authenticity and durability for hotel and restaurant kitchens.
Napoli pizza oven
Stainless steel refrigerators are durable, high-performance refrigeration solutions for hotel kitchens and restaurants.
How to choose restaurant and hotel kitchen equipment
Hotel and restaurant equipment
It is the ideal equipment for a commercial kitchen in terms of equipment and tools based on modern t...
The impact of technology on the stainless steel industry
The stainless steel industry plays a vital role in manufacturing cooking equipment for hotels, restaurants...
The most prominent trends in restaurant equipment design
Restaurant equipment designs are crucial in improving operations and enhancing efficiency in restaurants...
Bane Mari
At Alusteel , we offer electric bain-maries to meet the various requirements of restaurants and hotels....
Alusteel at HACE Hotel Expo 2025: Renewed leadership in the world of hotel kitchen equipment
Alusteel seeks to enhance leadership and excellence:
Alusteel's participation in HACE Hotel Expo 2025...
Innovation in Culinary Service and ALUSTEEL's Impact on the World of Professional Kitchens
In conclusion, it can be said that AlUSTEEL didn't just provide equipment; it offered comprehensive expertise...
Stainless steel industry in Egypt
Stainless steel is called ""stainless steel"" and is the most common name for stainless steel
Egyptian economy and industry
Egyptian industries made by skilled Egyptian hands
The importance of trained workers in industry
Training is considered a strategic option for any entity looking to prepare human cadres capable of meeting...
Benefits of using stainless steel in restaurant equipment
Stainless steel is one of the main materials used in manufacturing restaurant equipment
How to choose the right kitchen equipment for your restaurant
Choosing the right kitchen equipment is an important and crucial process in the success of your busi...
Equipping restaurants and kitchens with appropriate equipment
When it comes to equipping restaurants and kitchens with the right equipment, Alusteel Company is considered...
The future of restaurant equipment: innovations and developments
The restaurant and hospitality industry is one of the most developed and diverse industries in the w...
Stainless Steel Oven Industry
The stainless steel furnace industry is one of the most important industries in the field of household...
Boiling Ban
In Alusteel , we provide a steamer that works with gas or electricity, with an inner and outer pot, 3...
Telting Ban
The tipping pot manufactured within Alusteel is thermally insulated from the sides and bottom with high-density...
electric stoves
Alusteel offers 2, 4 or 6-plate electric stoves, EGO, made in Germany, whether round or square, with...
Gas Stove
At Alusteel, we offer gas stoves made entirely of stainless steel, with 2, 4, and 6 burners, in a strong...
Fryers
At Al-Wasteel, we offer gas and electric fryers made entirely of stainless steel, with 1, 2 and 3 burners,...
Grill
At Alusteel, we offer a grill with a heavy-duty, robust chassis made entirely of stainless steel. It...
Pasta Cooker
At Alusteel , we offer pasta cookers with electric pasta cookers in an open cabinet. They are heated...
Stainless steel stone pizza ovens are a combination of authenticity and durability for hotel and restaurant kitchens.
At Alusteel, we offer stone pizza ovens mounted on a stainless steel chassis, mounted on 6-inch heavy-duty...
Napoli pizza oven
Alusteel offers heavy-duty Neapolitan pizza ovens mounted on a stainless steel chassis and 6-inch wheels,...
Stainless steel refrigerators are durable, high-performance refrigeration solutions for hotel kitchens and restaurants.
Refrigerators are essential equipment in any hotel or restaurant kitchen, playing a vital role in keeping...
How to choose restaurant and hotel kitchen equipment
Choosing the right equipment for restaurants and hotel kitchens is a critical decision that directly...
Are you looking for professional Services For your company
Contact us",24
https://alusteel.net/en/articles/hotel-and-restaurant-equipment,en,"Hotel and restaurant equipment | Alusteel For Hotel, Restaurant, kitchen Equipment",,It is the ideal equipment for a commercial kitchen in terms of equipment and tools based on modern technologies,"Hotel and restaurant equipment
Home
Articles
Hotel and restaurant equipment
Hotel and restaurant equipment Description
Alusteel is the best hotel and restaurant equipment company in Egypt
Alusteel is your guide to the best place in Egypt that specializes in manufacturing the latest equipment for restaurants and hotels, such as grills, ovens, stoves, stoves, grills, refrigerators, and all kitchen equipment and supplies for hotels and restaurants.
Alusteel designs, manufactures, supplies, installs and maintains all kitchen equipment projects for hotels, restaurants, tourist villages, hospitals, ships, and sports and social clubs inside and outside the Arab Republic of Egypt.
The optimal preparation of a commercial kitchen in terms of equipment and tools based on modern technologies is one of the most important factors in making the kitchen successful and appearing in the honorable appearance it should have.
Looking at the hotel departments, we find that there are departments that work to serve the guest and his comfort without being directly related to him, including, for example, (the kitchen), which needs to be optimally equipped with equipment and tools that suit the size of the hotel and the type of service required to achieve customer satisfaction.
Therefore, in this article, we review an introduction to hotel equipment, kitchen equipment, and restaurant equipment
In its policy, Alusteel follows appropriate and good specifications for raw materials and manufacturing requirements that guarantee a high level of quality and their conformity with standard specifications.
Alusteel Trading and Engineering, the leader in the kitchen equipment industry, is interested in sharing and constantly supplying owners and managers of hotels and restaurants with new ideas, concepts and advanced plans that lead to better use of space when constructing and equipping kitchens. This interest aims to reduce operating costs and increase kitchen productivity, and this is one of the most important reasons for increasing confidence. Customers in our brand, and the real goal was to gain customer trust since the establishment of Alusteel that edifice, and to increase and maintain this confidence, Alusteel team of specialized engineers and technicians works to help customers and advise them to follow good planning when constructing kitchens or providing them with the necessary equipment and supplies to reduce costs and avoid A waste of invested money, and meeting their needs by supplying many kitchen equipment and supplies such as grills, ovens, stoves, stoves, grills, fryers, shawarma grills, steam cooking pot, steam pot, rice box, vertical and horizontal refrigerators, tables, sinks, trolleys, and hoods. And others.
Alusteel experienced team partners with customers to find the best solutions for installation and placement of equipment, the optimal arrangement in which the equipment is placed on the kitchen floor and on the counter, as well as identifying work centers that constitute work sections, and so on, and energy sources and determining their locations, and setting the future vision so that no... The customer needs to make modifications after a long period, estimated at a period of between 8 to 10 years as a minimum, before the need to make a modification appears, and this is what experts estimate for the lifespan of a commercial kitchen.
The philosophy of Alusteel Trading and Engineering came from the beginning in developing a method to build bridges of trust between it and the success partners of suppliers and customers. It built a team of experts, engineers and technicians trained in the latest developments in modern technologies used in the manufacture of kitchen supplies and equipment, and used the best and finest materials of non-recyclable stainless steel. For rust, and using the latest computer-operated machines, all machines operate with computer numerical control automatically to produce the equipment with the highest quality comparable to foreign products.
Al-Austeel imports production supplies from abroad, as it has many highly reliable foreign partnerships around the world. Al-Austeel also provides after-sales service and provides all the spare parts that customers need, and this makes it the strategic partner for all its valued customers, individuals, institutions and government agencies. .
Alusteel for Trade and Engineering owns a factory with an area of 4,500 square meters, in Obour City in the Second Industrial Zone, equipped in accordance with the building standards and requirements of industrial cities and in accordance with the highest technological standards applicable globally. Alusteel is accredited by the Ministry of Industry with the industrial registry, the industrial license certificate, and the security approval to deal with the armed forces other than the exporter’s registry. Alusteel Trading and Engineering has exported to the Kingdom of Saudi Arabia, the United Arab Emirates, Sudan, Qatar, South Africa, Ghana, Rwanda, Uganda, Angola, Mozambique, and Germany.
Alusteel Trading and Engineering owns the latest production lines such as: cooking lines (steam cooker, bain-marie for heating food, 4-plate stove, fryers, gas stoves, grills and shawarma, hot line 90, pasta cooker, convection ovens) and refrigerator manufacturing lines (horizontal refrigerators, Vertical refrigerators, salad refrigerators, buffet refrigerators, countertop lines (cupboards, floor drains, service trolleys, service tables, shelves, extraction hoods, kitchen sinks), drapery and hand lattice lines, and various product lines (vegetable slicer, Italian meat slicer, mincer Meat, semi-automatic espresso machine made in Italy, mixer made in Italy).
Alusteel Trading and Engineering is keen to participate in the largest annual hospitality exhibitions, and to be present in local and international exhibitions such as (Cafex, HACE, IATF, iHORECA SAUDI) to poll opinions, learn about the needs of the market and potential customers, and hear the opinions of workers and those in charge of such an industry. It displays its latest products in The company's pavilion and its engineers explain the most important developments and new technologies in developing products and production lines, and review the most important tools and equipment that should be present in the kitchens of restaurants and hotels. The devices and tools that a commercial kitchen may need may go beyond, although there are some of the basics that will not be without them. Any kitchen belonging to an establishment concerned with providing food and hospitality services, but of course There are some differences between the tools, and here the steel experts are present to clarify and explain these discrepancies and differences that many customers may overlook.
It is also keen to hold some educational seminars in this field for all those interested in this industry, participants and visitors, to learn about the most important tools and equipment so that you can form a comprehensive idea about equipping your commercial kitchen efficiently for various operations, and to clarify some important points that must be taken into consideration so that you can choose the tools and equipment. Necessary to equip and prepare the commercial kitchen for your restaurant in a professional manner, so that you can utilize your capital effectively and ensure smooth movement within the kitchen.
Alusteel Trading and Engineering has implemented many mega projects and national projects for the armed forces. It also has a long-established customer base to whom we are proud to provide our services from major institutions and bodies, and many hotels (Sheraton Hotel Group, Royal Tulip Hotels, Hilton Hotel Group, Amwaj Hotel and Resort, Hotel And Resort Des Wall, Mecca Al Naseem Sheraton), restaurants (Umm Hassan Restaurants, Halaqat Al Samak, Jad Restaurants Series, Cook Door, Beit Ward Restaurant, Al Sabahi Grills and Seafood, Al Shabrawi Restaurants, Tarboush Shawarma, Zaks Restaurants),  and hospitals (Dar Al Qemma Hospital in Tanta , the General Authority for Health Insurance, Al-Salam International Hospital, Dar Al-Fouad Hospital), and many petroleum sites (Khaleda Petroleum Company, Al-Alamein Petroleum Company, Petrojet, Al-Nasr Intermediate Chemicals Company), and Egyptian university and school projects (Aswan University, Future University, Delta University of Science Technology, the British School, Menoufia University, the American University), ministries, agencies and sovereign bodies (the Presidency of the Republic, the Air Defense Forces, the National Service Projects Authority, Banha Electronic Industries Company, the Education Development Fund, the Ministry of Education), some clubs and homes (the Fuel Officers House Vehicle Officers House), and many major companies (Egyptian National Company for Marble and Granite, Othman Ahmed Othman Group of Companies, Nerhado International Pharmaceutical Company)
New Products
Alusteel offers a wide range of high-quality cooking equipment for restaurants and hotels, including electric fryers and complete sets. With this standard comes necessity and reputation, as we provide products that comply with our highest quality standards, ensuring the success of your establishment in the restaurant and kitchen market.
Bain-marie
At Alusteel , we offer electric bain-maries to meet the various requirements of restaurants and hotels. The device consists...
View More
Wood-fired Pizza Oven
High quality and durable kneader Italian industry
View More
Wood-fired grills
Wood-fired grills are an exceptional addition to restaurant kitchens, bringing unparalleled flavor and versatility to the...
View More
Chicken Rotation Gas and Wood Fire
Rotary grills from Alusteel are the perfect choice for restaurants and hotels looking to serve high-quality grilled dishes....
View More
Potato Kumpir Oven
Potato Kumpir Oven
View More
Bread Oven
View More
Smoker oven
Smoker oven
View More
Electric chicken grill
Electric chicken grill
View More
Are you looking for professional Services For your company
Contact us",11
https://alusteel.net/en/articles/the-impact-of-technology-on-the-stainless-steel-industry,en,"The impact of technology on the stainless steel industry | Alusteel For Hotel, Restaurant, kitchen Equipment",,"The stainless steel industry plays a vital role in manufacturing cooking equipment for hotels, restaurants and kitchens.","The impact of technology on the stainless steel industry
Home
Articles
The impact of technology on the stainless steel industry
The impact of technology on the stainless steel industry Description
The impact of technology on the stainless steel industry
The stainless steel industry is one of the vital and necessary industries in the world. It is used in many applications such as food industries, chemical industries, and medical industries. Technology is one of the main factors affecting the stainless steel industry.
Thanks to technology, new and advanced techniques have been developed in the stainless steel industry, which has improved the quality of products, reduced costs and increased productivity. These technologies include the use of computers in design and automated production control, temperature and flow control in melting and forming processes, and improving welding and cleaning procedures.
The technology is also used in the manufacture of tools and equipment used in the production of stainless steel, such as industrial furnaces and sensitive equipment to control industrial processes. This helps increase efficiency, accuracy and improve product quality.
Thanks to technology, new types of stainless steel have also been developed, such as rust-resistant stainless steel, which can withstand high temperatures, and corrosion-resistant stainless steel, which can withstand harsh environments and strong chemicals.
In addition, technology is used to improve recycling and rust removal processes for stainless steel, which contributes to preserving the environment and reducing waste.
It can be concluded that technology has a major impact on the stainless steel industry, as it helps improve the quality of products, reduces costs, increases productivity, provides new types of stainless steel that can withstand difficult conditions, and contributes to preserving the environment. It is expected that new technologies in the stainless steel industry will continue to develop and improve in the foreseeable future.
The use of technology in the manufacturing process has greatly contributed to improving the quality of stainless steel products, making them more cost efficient and increasing production efficiency. By using computer-aided design (CAD) and computer-aided manufacturing (CAM) software, manufacturers are able to produce more accurate and precise products. Furthermore, automated processes allow for greater serialization and speed in manufacturing.
Moreover, technology has helped develop new types of stainless steel, such as heat-resistant stainless steel and corrosion-resistant stainless steel. These new materials help expand the applications of stainless steel and make it more capable of withstanding harsh conditions and specialized purposes.
In addition to industry, technology has had an impact on stainless steel recycling and rust removal processes. New technologies have been developed to make these processes more efficient and environmentally friendly.
Overall, technology has had a huge impact on the stainless steel industry, making it more efficient, more cost efficient and more versatile. As technology continues to evolve, it is likely that further improvements and innovations will be found in the manufacture and applications of stainless steel products in the future.
The impact of technology on the stainless steel industry in the food industry
The stainless steel industry plays a vital role in the food industry, as it is used in many applications, such as making tools used in cooking, storing and transporting food. Technology is one of the main factors affecting the stainless steel industry in the food industry.
Technology has been used to improve and preserve the quality of foodstuffs, by manufacturing new food equipment using stainless steel that is resistant to corrosion, which protects food from contamination and extends its shelf life. Technology is also used to design and manufacture food equipment in a way that facilitates cleaning and sterilization operations, which reduces the risk of food contamination and the spread of diseases.
Thanks to technology, new methods of storing and transporting food have been developed using stainless steel materials, which contributes to maintaining the purity and quality of food and ensuring food safety when it reaches consumers.
Technology is also used to improve packaging and storage processes, as technology can be used to design stainless steel packaging equipment, which protects food from spoilage, rot and negative external influences.
In addition, technology is used to improve food industry processes, such as mixing, preparation, packaging and storage. Stainless steel can be used in many of these processes, which helps improve the quality and hygiene of food materials and maintain their safety.
In general, it can be said that technology has a significant impact on the stainless steel industry in the food industry, as it helps improve the quality and safety of food materials and reduce the risk of food contamination. It is expected that new technologies in the stainless steel industry will continue to develop and improve in the foreseeable future.
The impact of technology on the stainless steel industry in cooking equipment for hotels, restaurants and kitchens
The stainless steel industry plays a vital role in the manufacture of cooking equipment for hotels, restaurants and kitchens, as it is used in the manufacture of tools used in cooking, storage and transportation. Technology is one of the main factors affecting the stainless steel industry in the field of cooking equipment.
Technology has been used to improve and maintain the quality of cooking equipment, by designing and manufacturing innovative cooking equipment using stainless and anti-corrosion stainless steel, which protects this equipment from damage and rust and extends its lifespan. Technology is used to design cooking equipment in a way that facilitates cleaning and sterilization processes, which reduces the risk of food contamination and the spread of diseases.
Thanks to technology, new cooking equipment has been developed that uses advanced technologies such as microwave, automatic temperature control and automatic time control, making cooking processes more precise and faster In general, it can be said that technology has a major impact on the stainless steel industry in the manufacture of cooking equipment for hotels, restaurants and kitchens, as it helps improve the quality and safety of the equipment and the food being prepared and helps improve the efficiency of cooking operations and reduce costs. It is expected that new technologies in the stainless steel industry will continue to develop and improve in the future..
New Products
Alusteel offers a wide range of high-quality cooking equipment for restaurants and hotels, including electric fryers and complete sets. With this standard comes necessity and reputation, as we provide products that comply with our highest quality standards, ensuring the success of your establishment in the restaurant and kitchen market.
Bain-marie
At Alusteel , we offer electric bain-maries to meet the various requirements of restaurants and hotels. The device consists...
View More
Wood-fired Pizza Oven
High quality and durable kneader Italian industry
View More
Wood-fired grills
Wood-fired grills are an exceptional addition to restaurant kitchens, bringing unparalleled flavor and versatility to the...
View More
Chicken Rotation Gas and Wood Fire
Rotary grills from Alusteel are the perfect choice for restaurants and hotels looking to serve high-quality grilled dishes....
View More
Potato Kumpir Oven
Potato Kumpir Oven
View More
Bread Oven
View More
Smoker oven
Smoker oven
View More
Electric chicken grill
Electric chicken grill
View More
Are you looking for professional Services For your company
Contact us",14
https://alusteel.net/en/articles/the-most-prominent-trends-in-restaurant-equipment-design,en,"The most prominent trends in restaurant equipment design | Alusteel For Hotel, Restaurant, kitchen Equipment",,Restaurant equipment designs are crucial in improving operations and enhancing efficiency in restaurants and hotels,"The most prominent trends in restaurant equipment design
Home
Articles
The most prominent trends in restaurant equipment design
The most prominent trends in restaurant equipment design Description
Restaurant equipment designs are crucial in improving operations and enhancing efficiency in restaurants, hotels, and other places that use commercial kitchens. Restaurant equipment manufacturers are looking to develop new and innovative designs to meet customer needs and improve their experience. Here are some of the most prominent restaurant equipment design trends:
Elegant and functional design: Designers are keen to design restaurant equipment in a way that combines elegance and multiple functions. The focus is on providing equipment that combines aesthetics and effectiveness in performance, and this is what Alusteel provides in its various products.
Durable and healthy materials: Designers use high-quality and durable materials to improve the life of the product and make it last longer. Emphasis is also placed on using healthy, rust-resistant materials that facilitate the cleaning process, and this is what Alusteel provides in its stainless steel products.
Providing more technologies: Designers use new and innovative technologies to improve equipment performance and provide additional options to customers, such as digital control of temperature, timing, lighting, and more, and this is what Alusteel provides in its various products.
Customizable design: Customizable design is one of the most prominent trends in restaurant equipment design, as this trend allows customers to design equipment according to their own needs and requirements, and this is what Alusteel provides through the ability to design equipment according to customer requirements.
It can be said that Alusteel adheres to the latest trends in restaurant equipment design and works to provide high-quality products that combine elegance, multi-functionality, durable and hygienic materials, new technologies and customizable design methods that meet customer needs. The company works to develop new and innovative products to meet the challenges of commercial kitchens and improve their performance and efficiency in operations. In addition, Alusteel provides comprehensive equipment maintenance, repair and installation services, ensuring that the equipment continues to operate at high efficiency for a long period of time.
In short, Alusteel adheres to the latest trends in restaurant equipment design and provides high-quality products and services to meet customers' needs and improve their experience.
About the most prominent trends in restaurant equipment design. Given the significant developments this sector has seen in recent years, there are many new trends to take into consideration when it comes to restaurant equipment design. Here are some additional trends that could be included in the article:
Smart and connected design: Smart and connected design is one of the latest trends in restaurant equipment design, as modern technologies, smart networks and wireless communications are used to make the equipment work better and more efficiently, and provide flexible and connected services. Alusteel works to provide equipment that includes these modern technologies and smart designs to meet customer needs.
Green Design: Many customers are looking for restaurant equipment designs that use green energy technologies that reduce energy consumption and improve energy efficiency, and this is what Alusteel provides by using renewable energy technologies and sustainable sources in its designs.
Practical and spatial design: Designers are keen to design equipment in a way that makes it easy to use, clean and maintain. Alusteel provides equipment with a practical and spatial design that is compatible with the requirements of different commercial kitchens.
Unique and Customized Design: Customers can design restaurant equipment according to their own needs and desires, and this is what Alusteel provides through custom design services that allow customers to design the equipment according to their specific needs.
In short, there are many important trends to consider when it comes to restaurant equipment design, and Alusteel works to meet these needs by offering innovative, functional and unique designs. It is also important to note that equipment design is not only about aesthetics and functionality, but also about quality, durability and safety, which Alusteel ensures through its use of high-quality materials, cutting-edge technologies and high standards in the manufacturing process and quality control.
Data-driven design: Data analysis and artificial intelligence techniques can be used to analyze consumer behavior and use this data to design restaurant equipment that more accurately meets customer needs. Alusteel can help develop these advanced data-driven equipment design techniques.
Low-cost design: Restaurant equipment can be designed in a way that is characterized by low cost, thanks to the use of high-quality materials and advanced technologies that provide a lower manufacturing cost, and this is what Alusteel can provide by providing high-quality equipment at competitive prices.
Safe design: Restaurant equipment can be designed in a way that ensures safety and security for users, thanks to the use of modern technologies, safe materials, and effective designs that reduce the occurrence of accidents and injuries. Alusteel always seeks to improve its designs to provide the highest levels of safety and security for users.
Universal Design: Restaurant equipment can be designed in a way that meets the needs of customers around the world, thanks to a deep understanding of different market needs and multiple designs to suit different cuisines and diverse cultural and linguistic needs. Alusteel designs versatile, multi-purpose equipment to meet the requirements of customers around the world.
In general, designing restaurant equipment is a complex process that requires a lot of effort, thought, and planning. Alusteel is helping me investigate
We achieve these goals by providing high-quality equipment and innovative and advanced designs, which meet the needs of different commercial kitchens and provide efficiency, safety and sustainability. Customers can rely on Alusteel to provide the ideal restaurant equipment to meet their needs and improve the customer experience in their restaurants
New Products
Alusteel offers a wide range of high-quality cooking equipment for restaurants and hotels, including electric fryers and complete sets. With this standard comes necessity and reputation, as we provide products that comply with our highest quality standards, ensuring the success of your establishment in the restaurant and kitchen market.
Bain-marie
At Alusteel , we offer electric bain-maries to meet the various requirements of restaurants and hotels. The device consists...
View More
Wood-fired Pizza Oven
High quality and durable kneader Italian industry
View More
Wood-fired grills
Wood-fired grills are an exceptional addition to restaurant kitchens, bringing unparalleled flavor and versatility to the...
View More
Chicken Rotation Gas and Wood Fire
Rotary grills from Alusteel are the perfect choice for restaurants and hotels looking to serve high-quality grilled dishes....
View More
Potato Kumpir Oven
Potato Kumpir Oven
View More
Bread Oven
View More
Smoker oven
Smoker oven
View More
Electric chicken grill
Electric chicken grill
View More
Are you looking for professional Services For your company
Contact us",14
https://alusteel.net/en/articles/bane-mari,en,"Bane Mari | Alusteel For Hotel, Restaurant, kitchen Equipment",,"At Alusteel , we offer electric bain-maries to meet the various requirements of restaurants and hotels. The device consists of stainless steel bowls inside an electric or gas-powered container, with a water heating system for temperature control via a thermostat, in addition to indicator lights and complete safety devices. The device features an inner and outer body made of 304 stainless steel, a 15 cm deep water basin, and a drain valve.","Bane Mari
Home
Articles
Bane Mari
Bane Mari Description
Bain-Marie
A bain-marie is a specialized food heating device, primarily used in restaurants, cafes, and hotels to maintain food temperature.
A bain-marie consists of a larger container containing hot water and a smaller container containing the food to be heated or cooked. The heat from the hot water gently and evenly heats the food, preventing it from burning or sticking.
This method is ideal for preparing foods sensitive to direct heat, such as:
• Creamy sauces such as béchamel and hollandaise.
• Desserts such as custard, cheesecake, and mousse.
• Melting chocolate, preventing it from burning and scorching.
• Keeping cooked foods warm without overcooking.
Stainless steel offers several advantages that make it the ideal material for making bain-maries:
• Durability and hardness: Stainless steel is strong and can withstand high temperatures and repeated use without rusting or corroding. This ensures a long service life.
• Rust and Corrosion Resistance: The non-porous nature of stainless steel makes it resistant to rust, stains, and chemical reactions with various foods, ensuring food safety and hygiene.
• Good Heat Distribution: Although stainless steel isn't the best heat conductor on its own, it's often layered or combined with a thick base of other materials such as aluminum or copper to improve even heat distribution.
• Easy to Clean: The smooth surface of stainless steel is non-porous, making it extremely easy to clean with soap and water or place in the dishwasher.
• Sleek and Modern Appearance: Stainless steel has a shiny, elegant appearance that blends seamlessly with a variety of kitchen styles.
Tips for Using a Stainless Steel Bain-Marie:
• Ensure the water level in the lower pot is lower than the bottom of the upper pot.
• Do not allow the water to boil excessively; gentle heat is required.
• Use gloves or thick towels when handling hot pots.
• Clean thoroughly after each use to maintain appearance and function.
At Alusteel , we offer electric bain-maries to meet the various requirements of restaurants and hotels. The device consists of stainless steel bowls inside an electric or gas-powered container, with a water heating system for temperature control via a thermostat, in addition to indicator lights and complete safety devices. The device features an inner and outer body made of 304 stainless steel, a 15 cm deep water basin, and a drain valve.
New Products
Alusteel offers a wide range of high-quality cooking equipment for restaurants and hotels, including electric fryers and complete sets. With this standard comes necessity and reputation, as we provide products that comply with our highest quality standards, ensuring the success of your establishment in the restaurant and kitchen market.
Bain-marie
At Alusteel , we offer electric bain-maries to meet the various requirements of restaurants and hotels. The device consists...
View More
Wood-fired Pizza Oven
High quality and durable kneader Italian industry
View More
Wood-fired grills
Wood-fired grills are an exceptional addition to restaurant kitchens, bringing unparalleled flavor and versatility to the...
View More
Chicken Rotation Gas and Wood Fire
Rotary grills from Alusteel are the perfect choice for restaurants and hotels looking to serve high-quality grilled dishes....
View More
Potato Kumpir Oven
Potato Kumpir Oven
View More
Bread Oven
View More
Smoker oven
Smoker oven
View More
Electric chicken grill
Electric chicken grill
View More
Are you looking for professional Services For your company
Contact us",10
https://alusteel.net/en/articles/alusteel-at-hace-hotel-expo-2025-renewed-leadership-in-the-world-of-hotel-kitchen-equipment,en,"Alusteel at HACE Hotel Expo 2025: Renewed leadership in the world of hotel kitchen equipment | Alusteel For Hotel, Restaurant, kitchen Equipment",,"Alusteel seeks to enhance leadership and excellence:
Alusteel's participation in HACE Hotel Expo 2025 is a natural and important step in its journey towards excellence. It is an opportunity for the company to renew its pledge to provide the best products and services to the hospitality sector, and to affirm its commitment to innovation and quality. With each new edition of the exhibition, Alusteel proves that it is not just an equipment manufacturer, but a strategic partner that actively contributes to the development and modernization of hotel kitchens and restaurants, ensuring their success and prosperity in an ever-evolving market.","Alusteel at HACE Hotel Expo 2025: Renewed leadership in the world of hotel kitchen equipment
Home
Articles
Alusteel at HACE Hotel Expo 2025: Renewed leadership in the world of hotel kitchen equipment
Alusteel at HACE Hotel Expo 2025: Renewed leadership in the world of hotel kitchen equipment Description
Alusteel, a leading manufacturer and supplier of hotel and restaurant kitchen equipment, is preparing to participate in HACE Hotel Expo 2025, one of the most prominent and important events in the hospitality sector in Egypt and the Middle East. This participation is part of a series of ongoing successes for the company, which has maintained a strong and influential presence in previous editions of the exhibition, confirming its prestigious position and growing confidence in its innovative capabilities and high-quality products.
Reviewing its success story from previous editions to 2025:
Alusteel's participation in HACE Hotel Expo 2025 is not just a single event; it is the culmination of a long history of excellence and leadership. Over the past years, the company has been committed to a permanent presence at this exhibition, showcasing its latest developments in the design and manufacture of professional kitchen equipment. Its platform in each previous edition has served as a major attraction for hotel managers, restaurant owners, investors, and chefs, who were eager to learn about the innovative solutions offered by Alusteel. During these participations, the company not only showcased its products but also offered specialized consultations on kitchen design to ensure maximum efficiency, reduce operating costs, and increase productivity. This comprehensive vision, which combines quality and functional design, is what distinguishes Alusteel and makes it the preferred partner for many major hotel and restaurant projects in Egypt and abroad.
What distinguishes Alusteel's participation in the 2025 exhibition?
Alusteel is looking forward to making its participation in HACE Hotel Expo 2025 exceptional by all standards.
• Innovation and Technology: Alusteel will showcase its latest equipment, featuring advanced technologies aimed at saving energy and improving performance, such as smart cooking ovens, efficient cooling systems, and modern stoves.
• Quality and Durability: The company will emphasize its use of the finest stainless steel and other materials that ensure the longevity of the equipment and its ability to withstand the rigorous working conditions of professional kitchens.
• Integrated and Customized Solutions: The company's participation will not be limited to displaying individual equipment. Rather, it will offer integrated solutions for kitchen equipment from A to Z, with the ability to design and manufacture customized equipment to meet each client's individual needs.
• Expanding Business Network: The exhibition represents a golden opportunity for Alusteel to strengthen its relationships with existing customers and build new partnerships with potential clients from around the world.
Alusteel seeks to enhance leadership and excellence:
Alusteel's participation in HACE Hotel Expo 2025 is a natural and important step in its journey towards excellence. It is an opportunity for the company to renew its pledge to provide the best products and services to the hospitality sector, and to affirm its commitment to innovation and quality. With each new edition of the exhibition, Alusteel proves that it is not just an equipment manufacturer, but a strategic partner that actively contributes to the development and modernization of hotel kitchens and restaurants, ensuring their success and prosperity in an ever-evolving market.
New Products
Alusteel offers a wide range of high-quality cooking equipment for restaurants and hotels, including electric fryers and complete sets. With this standard comes necessity and reputation, as we provide products that comply with our highest quality standards, ensuring the success of your establishment in the restaurant and kitchen market.
Bain-marie
At Alusteel , we offer electric bain-maries to meet the various requirements of restaurants and hotels. The device consists...
View More
Wood-fired Pizza Oven
High quality and durable kneader Italian industry
View More
Wood-fired grills
Wood-fired grills are an exceptional addition to restaurant kitchens, bringing unparalleled flavor and versatility to the...
View More
Chicken Rotation Gas and Wood Fire
Rotary grills from Alusteel are the perfect choice for restaurants and hotels looking to serve high-quality grilled dishes....
View More
Potato Kumpir Oven
Potato Kumpir Oven
View More
Bread Oven
View More
Smoker oven
Smoker oven
View More
Electric chicken grill
Electric chicken grill
View More
Are you looking for professional Services For your company
Contact us",9
https://alusteel.net/en/articles/innovation-in-culinary-service-and-alusteel-s-impact-on-the-world-of-professional-kitchens,en,"Innovation in Culinary Service and ALUSTEEL's Impact on the World of Professional Kitchens | Alusteel For Hotel, Restaurant, kitchen Equipment",,"In conclusion, it can be said that AlUSTEEL didn't just provide equipment; it offered comprehensive expertise that profoundly impacted the professional kitchen sector. By combining superior quality, technological innovation, practical design, and ongoing support, AlUSTEEL  became synonymous with excellence in the world of professional cooking, enabling culinary experts to focus on what they do best: creating unforgettable dining experiences. AlUSTEEL welcomes culinary experts to HACE HOTEL EXPO 2025 at the Egypt International Exhibition Center (Hall 3) from October 7 to 9, 2025.","Innovation in Culinary Service and ALUSTEEL's Impact on the World of Professional Kitchens
Home
Articles
Innovation in Culinary Service and ALUSTEEL's Impact on the World of Professional Kitchens
Innovation in Culinary Service and ALUSTEEL's Impact on the World of Professional Kitchens Description
The world of professional cooking has always been a blend of art and precision, and this equation cannot be complete without the highest quality and most efficient tools and equipment. In this context, ALUSTEEL has emerged as a key player, transforming the concept of hotel kitchens and elite restaurants, offering innovative solutions and unique experiences to culinary experts around the world.
ALUSTEEL was not merely an equipment supplier; it was a strategic partner aiming to empower chefs to achieve the highest levels of creativity and productivity.
Quality and Durability: Uncompromising Principles
ALUSTEEL understood from the outset that a professional kitchen environment requires equipment that can withstand heavy use and harsh conditions. Therefore, it focused on using the finest raw materials, such as high-quality stainless steel, in all its products, from convection ovens to refrigerators and workbenches.
This superior durability not only ensures the longevity of the equipment, but also represents an investment in the safety and hygiene of the kitchen, reducing the need for frequent maintenance and providing chefs with a reliable working environment.
Operational Efficiency and Technological Innovation
Perhaps AlUSTEEL's most notable feature is its commitment to innovation. The company has introduced appliances equipped with modern technologies aimed at simplifying operations and increasing efficiency. For example, its smart oven control systems allow chefs to precisely adjust temperature and humidity, ensuring perfect cooking for each dish.
The company's Blast Chillers also contribute to preserving food quality and safety for longer periods, a vital requirement in large restaurants and hotels. These innovations are not limited to performance alone; they also include energy efficiency, which represents significant economic and environmental value.
Practical Design and Flexibility
A professional kitchen is not just a cooking space; it is an organized workspace. This is where AlUSTEEL's practical and flexible design comes into play. The company has provided solutions that can be customized to fit any space, from small kitchens in boutique restaurants to multiple sections in large hotel kitchens. The equipment design takes into account the workflow in the kitchen, facilitating chefs' movement and increasing the speed of order preparation. Additionally, easy cleaning and maintenance of the equipment has always been a priority, saving staff time and effort.
Supporting Culinary Experts with More Than Just a Product
AlUSTEEL's relationship with its customers was not just that of a buyer and seller. It extended to include support and expertise. The company provided chefs with personalized advice on how to maximize their equipment and how to use modern technologies to enhance the quality of their dishes. This ongoing support contributed to building a community of professional chefs who trust AlUSTEEL products and rely on them to achieve their creative vision.
In conclusion, it can be said that AlUSTEEL didn't just provide equipment; it offered comprehensive expertise that profoundly impacted the professional kitchen sector. By combining superior quality, technological innovation, practical design, and ongoing support, AlUSTEEL  became synonymous with excellence in the world of professional cooking, enabling culinary experts to focus on what they do best: creating unforgettable dining experiences. AlUSTEEL welcomes culinary experts to HACE HOTEL EXPO 2025 at the Egypt International Exhibition Center (Hall 3) from October 7 to 9, 2025.
New Products
Alusteel offers a wide range of high-quality cooking equipment for restaurants and hotels, including electric fryers and complete sets. With this standard comes necessity and reputation, as we provide products that comply with our highest quality standards, ensuring the success of your establishment in the restaurant and kitchen market.
Bain-marie
At Alusteel , we offer electric bain-maries to meet the various requirements of restaurants and hotels. The device consists...
View More
Wood-fired Pizza Oven
High quality and durable kneader Italian industry
View More
Wood-fired grills
Wood-fired grills are an exceptional addition to restaurant kitchens, bringing unparalleled flavor and versatility to the...
View More
Chicken Rotation Gas and Wood Fire
Rotary grills from Alusteel are the perfect choice for restaurants and hotels looking to serve high-quality grilled dishes....
View More
Potato Kumpir Oven
Potato Kumpir Oven
View More
Bread Oven
View More
Smoker oven
Smoker oven
View More
Electric chicken grill
Electric chicken grill
View More
Are you looking for professional Services For your company
Contact us",9
https://alusteel.net/en/articles/stainless-steel-industry-in-egypt,en,"Stainless steel industry in Egypt | Alusteel For Hotel, Restaurant, kitchen Equipment",,"Stainless steel is called ""stainless steel"" and is the most common name for stainless steel","Stainless steel industry in Egypt
Home
Articles
Stainless steel industry in Egypt
Stainless steel industry in Egypt Description
Alusteel is the pioneers of the stainless steel industry in Egypt
Everything you want to know about stainless steel, and why it is the best material used in the manufacture of kitchen supplies and equipment
.
A long and long history in the journey of the Alusteel Company and the field of using the best types of stainless steel in the manufacture of kitchen supplies and equipment and hotel and restaurant equipment.
Since its inception, the vision of the management of Al-Alusteel Trading and Engineering Company was to pay attention to the customer and how to gain customer trust. Hence, it was necessary to adopt a different approach by making trustworthy products of high quality. The management of Al-Alusteel Trading and Engineering Company was keen to develop a work plan and strict laws to always ensure It ensures that its products are of high quality, and strengthens its quality control management by always adhering to the approved standards and guidelines to ensure the quality of the products and their compliance with the standards to gain the satisfaction of its customers.
Alusteel Trading and Engineering Company uses stainless steel sheets (steel, or stainless steel) in the manufacture of kitchen supplies and equipment and hotel and restaurant equipment, such as grills, ovens, stoves, stoves, grills, fryers, shawarma grills, steam cooking pot, steam pot, and box. Rice, vertical and horizontal refrigerators, tables, sinks, trolleys, hoods, etc. This is what distinguishes stainless steel by its good resistance to corrosion even at temperatures above 1000 degrees Celsius.
Stainless steel is called ""stainless steel"" and it is the most common name for stainless steel. Stainless steel is considered a mixture of several metals (metal alloy) consisting of: iron, chromium, nickel, molybdenum and carbon. The proportions of these metals vary to give several types of stainless steel. Sometimes other metals or materials, such as magnesium, copper, or nitrogen, are added to give it special properties.
Stainless steel has certain mechanical properties and good resistance to corrosion and rust at the highest temperatures. Stainless steel gains its resistance to rust and corrosion due to the formation of a thin, cohesive and invisible layer of chromium oxide that adheres to the surface of the metal and protects it from corrosion. This layer is sufficiently protective whenever the percentage of chromium in the steel is high. Unlike other materials, such as iron (which rusts quickly), which is considered a single element, and aluminum (which is light in weight), it cannot withstand heavy work.
""Stainless steel was known for the first time by Harry Priestly in the year when he was able to obtain an alloy containing chromium that would not rust in the atmosphere or in other media. It was used to make tableware. Since then and until now, many types have appeared, especially those that require high resistance to corrosion due to the presence of A harsh, corrosive medium such as those found in the chemical and petroleum industries.”
“This name stems from the fact that stainless steel does not rust as easily as ordinary carbon steel, but in fact it is susceptible to corrosion and rust under special conditions, and its resistance to rust varies depending on the percentage of chromium in it, so it is important to choose the right type of stainless steel.” Depending on the application in which it will be used.
“Stainless steel is divided according to its metallurgical composition into four main groups that differ from each other in their resistance to corrosion, mechanical properties, and cost. Each group contains standard types that differ from each other in chemical composition as well as in their uses. Each type is indicated by a number called the index number or The indication number is according to various systems such as the American Iron and Steel Society (AISI) system.
Manufacturing stainless steel is not an easy matter, regardless of the high cost necessary to establish a stainless steel factory. You must have a staff of experts, engineers, and skilled technicians with high experience in the field of stainless steel manufacturing. Alusteel Trading and Engineering Company was keen to build an experienced work team. He is trained in the latest modern technologies in the field of stainless steel manufacturing, and in all the specializations necessary to operate and manage the factory, such as physics, chemistry, engineering, information technology, and business administration, which require a skilled, disciplined and flexible workforce, unlike other administrative specializations. Other such as accounts management (accounts officer who manages factory expenses and employee salaries, cost accountant, accountant for suppliers and customers' and accounts manager), quality control department, production manager, factory manager, production line workers, transportation and distribution workers, warehouse workers, and allocating workers to protect Security of the factory and its warehouses.
Alusteel Trading and Engineering Factory was established with an area of 4,500 square metres, in Obour City in the Second Industrial Zone, as the site plays an important role in the manufacturing of stainless steel kitchen supplies, equipment and fixtures. The location of the Alusteel Trading and Engineering Factory helped it be close to the source (suppliers and sellers). sourcing, distribution, and providing the best services to customers, quickly responding to customer requests and meeting them, equipped with security and safety factors, and adhering to environmental safety factors and licensing conditions.
Stainless steel is one of the materials that conducts electricity, but its conductivity is very weak. The electrical conductivity of stainless steel reaches (1.28-1.37) million Siemens per meter or 1.33 m/ohm.mm², as stainless steel is manufactured in the form of alloys containing iron and its percentage. 10 to 30% chromium, with a low percentage of carbon, is very safe for users, and a group of other elements can be added, such as; Nickel, molybdenum, titanium, aluminium, niobium, copper, nitrogen, sulfur, phosphorus and selenium.
Stainless steel alloys are rust-resistant, and there are about 100 grades of stainless steel that differ in their resistance to rust depending on the materials composing it. However, the stainless steel that contains...
16 to 26% chromium and up to 35% nickel is the most resistant.
The Chairman of the Board of Directors of Alusteel Trading and Engineering Company is one of the fundamental factors that have led to the success of the company, as he contributes to motivating employees to work, empowering the work team and sharing their opinions and suggestions, and he always leaves the work team the freedom to choose the method it deems appropriate, to create and innovate, as long as The final result is correct, and he is ready to participate in completing the tasks if necessary, and helps the work team if they need it. He also has the ability to communicate with the work team effectively, listen carefully to their problems and dialogue with them to reach appropriate solutions.
We always see him supporting the development of employees, discussing their performance, and offering constructive criticism if they make mistakes. He also has a clear strategy for work. He knows where his team stands now, what the goal is to be achieved, and what is the way to reach it.
He is able to make decisive decisions quickly, after thinking and studying, even if some of these decisions will not satisfy everyone, because he always looks to the greater goal, which is the success of the company as a whole.
New Products
Alusteel offers a wide range of high-quality cooking equipment for restaurants and hotels, including electric fryers and complete sets. With this standard comes necessity and reputation, as we provide products that comply with our highest quality standards, ensuring the success of your establishment in the restaurant and kitchen market.
Bain-marie
At Alusteel , we offer electric bain-maries to meet the various requirements of restaurants and hotels. The device consists...
View More
Wood-fired Pizza Oven
High quality and durable kneader Italian industry
View More
Wood-fired grills
Wood-fired grills are an exceptional addition to restaurant kitchens, bringing unparalleled flavor and versatility to the...
View More
Chicken Rotation Gas and Wood Fire
Rotary grills from Alusteel are the perfect choice for restaurants and hotels looking to serve high-quality grilled dishes....
View More
Potato Kumpir Oven
Potato Kumpir Oven
View More
Bread Oven
View More
Smoker oven
Smoker oven
View More
Electric chicken grill
Electric chicken grill
View More
Are you looking for professional Services For your company
Contact us",11
https://alusteel.net/en/articles/egyptian-economy-and-industry,en,"Egyptian economy and industry | Alusteel For Hotel, Restaurant, kitchen Equipment",,Egyptian industries made by skilled Egyptian hands,"Egyptian economy and industry
Home
Articles
Egyptian economy and industry
Egyptian economy and industry Description
The most important and prominent elements on which the Egyptian economy is based are Egyptian industries manufactured by skilled Egyptian hands and exports, as Egypt possesses all the industrial components that qualify it for leadership regionally and continentally, as it has available raw materials, qualified human resources, and traditional and renewable energy sources, in addition to the state’s policy supporting the industrial sector. Through a suitable environment and legislative and procedural packages supportive of industrial investment, which contributed to increasing reliance on national industry, to meet the needs of national projects, promote economic growth, increase job opportunities, advance Egyptian industry and attract investors to invest in various industrial sectors to provide the needs of the local market in addition to increasing Egyptian exports. To global markets according to a systematic plan based on the acceptance and popularity of the Egyptian product.
It is worth noting that the industrial sector has achieved tangible development over the past years, as the Egyptian government, with the support and guidance of the political leadership, has given unprecedented attention to developing industrial sectors and increasing export rates as it is one of the basic pillars of the national economy and the engine of comprehensive economic development in Egypt, and its pivotal role in achieving social stability through... Providing job opportunities for young people and improving citizens’ living standards.
The government's policies promoted comprehensive and sustainable economic development, which was based primarily on the advancement of national industry through the provision of attached industrial lands and the establishment of cities and specialized industrial complexes, in addition to the establishment of a road network covering all parts of the Republic and supporting the logistical transportation system.
In this context, and in continuation of the state’s plan to establish industrial complexes, Al-Austeel Trading and Engineering Company established in 2005 its new factory in Obour City in the Second Industrial Zone, on an area of 4,500 square meters, at a large investment cost to provide the needs of the Egyptian local market for kitchen products and supplies and all hotel equipment. And restaurants made of stainless steel, in addition to increasing Egyptian exports to global markets according to a systematic plan developed by the management of the Al-Westel Trading and Engineering Company, which is based on the acceptance and popularity of the high-quality Egyptian product.
Engineer Ahmed Magdy, Chairman of the Board of Directors of the Alusteel Trading and Engineering Company, stated that the establishment of the new factory in Obour City helped increase the job opportunities available at the Alusteel factory and increase the workforce in the factory, which was trained by the best engineers and experts in the field of the stainless steel industry in Egypt.
The new factory of the Alusteel Trading and Engineering Company in Obour City witnessed a vast technological boom that contributed to increasing production and raising the efficiency of the final product to compete with international products in terms of the quality of the products and their ability to withstand hard work and different work environments, and the unique modern design to suit all tastes and the suitability of the products for all commercial activities.
Alusteel Trading and Engineering Company began activating the various steps of the stainless steel industry in Egypt since 1998, and within the framework of the directives of the Chairman of the Board of Directors of Alusteel Trading and Engineering Company, Mr. Eng. Ahmed Magdy, that work be done to localize the stainless steel industry locally in order to significantly reduce imports in line with The state’s policy of self-sufficiency in high-quality Egyptian products and increasing exports to global markets to control the state’s trade balance, provide job opportunities and reduce the import gap, especially since the stainless steel industry is a very important industry. To provide kitchen supplies and equipment for the local market and for export to global markets.
We produce custom stainless steel tables for food and packaging factories of various sizes, and all stainless steel restaurant and kitchen equipment, such as grills, ovens, stoves, stoves, grills, fryers, shawarma grills, steam cooking pot, steam pot, rice box, vertical and horizontal refrigerators, and tables. , docks, trolleys, basins, etc., which serve a large sector of major bodies and institutions, universities, hospitals, clubs, hotels and major restaurants.
Engineer Ahmed Magdy, Chairman of the Board of Directors of Alusteel Trading and Engineering Company, stated in many meetings and conferences that the stainless steel industry project is a step on the right path to promoting this type of local investment, so that Egypt becomes a regional center for the manufacture of commercial kitchen equipment, supplies, and equipment, to achieve self-sufficiency for the Egyptian market. , in accordance with international quality specifications, and also opening new markets for export to African and Arab countries, which reflects positively on the provision of foreign currency and the strengthening of the Egyptian economy. Among the statements of Engineer Ahmed Magdy, Chairman of the Board of Directors of the Alusteel Trading Company, is that the most important aspect of the expansion of the stainless steel industry is increasing opportunities Working and creating a spirit of fair competition among companies, which is reflected positively in raising efficiency, improvement, prosperity, and increasing confidence in the Egyptian product at the local, regional, and international levels.
Engineer Ahmed Magdy, Chairman of the Board of Directors of Alusteel Trading and Engineering Company, added that the basis for developing and modernizing the stainless steel industry in Egypt requires expertise and competencies that possess high technology, especially since the local and African market needs this industry with high technology as an alternative to importing from abroad.
Engineer Ahmed Magdy, Chairman of the Board of Directors of Alusteel Trading and Engineering Company, said that the factory was established on an area of 4,500 square meters in the industrial complex in Obour City. The new factory was established on the latest international systems and was provided with advanced and best equipment and machines in the world, which qualifies Alusteel Trading and Engineering Company to produce large quantities of The largest and fastest supply of commercial kitchen equipment and supplies, with high quality to cover and meet the market
Locally and compete in global markets.
Engineer Ahmed Magdy, Chairman of the Board of Directors of Alusteel Trading and Engineering Company, stressed that Alusteel Trading and Engineering Company has great confidence in the Egyptian market, especially what the country is currently witnessing in terms of establishing huge and multiple projects at the level of cities and governorates of the Republic, and with the state’s constant keenness to support industrial developers, including: Encourage Alusteel Trading and Engineering Company to increase its investments to keep pace with the vision and strategy of the Egyptian state for growth and construction.
Engineer Ahmed Magdy, Chairman of the Board of Directors of Alusteel Trading and Engineering Company, noted that the Egyptian market is growing and developing rapidly despite the difficult global circumstances, indicating that Alusteel Trading and Engineering Company has long-term plans in the Egyptian market and that there are a number of other expansions that will be announced soon. To increase the domestic product, increase job opportunities, increase local investments, and bring in foreign exchange through expanding exports.
Eng. Ahmed Magdy, Chairman of the Board of Directors of Alusteel Trading and Engineering Company, concludes by saying that the industrial sector is considered one of the most important productive sectors in the Egyptian economy, which is evident from the government’s prioritization of encouraging investors to pump their investments into various industries, to increase the sector’s contribution to the national income, in addition to creating many Jobs chances
New Products
Alusteel offers a wide range of high-quality cooking equipment for restaurants and hotels, including electric fryers and complete sets. With this standard comes necessity and reputation, as we provide products that comply with our highest quality standards, ensuring the success of your establishment in the restaurant and kitchen market.
Bain-marie
At Alusteel , we offer electric bain-maries to meet the various requirements of restaurants and hotels. The device consists...
View More
Wood-fired Pizza Oven
High quality and durable kneader Italian industry
View More
Wood-fired grills
Wood-fired grills are an exceptional addition to restaurant kitchens, bringing unparalleled flavor and versatility to the...
View More
Chicken Rotation Gas and Wood Fire
Rotary grills from Alusteel are the perfect choice for restaurants and hotels looking to serve high-quality grilled dishes....
View More
Potato Kumpir Oven
Potato Kumpir Oven
View More
Bread Oven
View More
Smoker oven
Smoker oven
View More
Electric chicken grill
Electric chicken grill
View More
Are you looking for professional Services For your company
Contact us",19
https://alusteel.net/en/articles/the-importance-of-trained-workers-in-industry,en,"The importance of trained workers in industry | Alusteel For Hotel, Restaurant, kitchen Equipment",,Training is considered a strategic option for any entity looking to prepare human cadres capable of meeting work needs.,"The importance of trained workers in industry
Home
Articles
The importance of trained workers in industry
The importance of trained workers in industry Description
The previous Alusteel article mentioned the importance of the industrial sector to the Egyptian economy, which is one of the most prominent elements on which the Egyptian economy depends. The article also explained the Egyptian state’s interest and support for the industrial sector, and the directions of the head of state to increase reliance on national industry, to meet the needs of national projects, promote economic growth, and increase opportunities. Work, promoting the Egyptian industry and attracting foreign investment to increase investment in the industrial sector, and working to provide the needs of the local market in addition to increasing Egyptian exports to global markets according to a systematic plan for the state based on the acceptance and popularity of the Egyptian product.
President Abdel Fattah El-Sisi, “President of the Arab Republic of Egypt,” spoke during his speech at the opening of a number of national projects on Tuesday, September 27, 2022 last year, saying that the state aims to increase exports by $100 billion. His Excellency also stressed the need to pay attention to providing trained and qualified workers to the market. Labor, saying, “We are ready to expand the qualification and preparation of workers for the labor market, in accordance with the requirements needed by the labor market.”
His Excellency spoke about the importance of preparing workers, and it was one of the things that President Abdel Fattah El-Sisi stressed during his speech, on the morning of Tuesday, September 27, 2022 last year, when he said: “We are interested in encouraging and supporting industry in Egypt. We put our hands in each other’s hands and strive to overcome the obstacles that arise.” We solve it by confronting investors.”
It occupied the main headlines in newspapers, electronic news websites, and social media platforms, with an article entitled “Sisi: We are seriously seeking to solve investors’ problems, while the world is facing harsh circumstances.”
In this regard, President Abdel Fattah El-Sisi said that some are wondering about the extent of the Egyptian government’s seriousness in solving investors’ problems, including the file related to production requirements and some other obstacles that were discovered during the past two months. “Of course, we are serious. I spoke with the governor of the Central Bank. I told him to reassure me. “Why don’t we want a real problem with work and investment in Egypt?”
President Abdel Fattah El-Sisi added, during the opening ceremony of a number of national projects affiliated with the General Authority for Investment and Free Zones: “We have nothing to hide from you. We are making our utmost effort in light of the circumstances that we are talking about, and these are circumstances that were harsh for the whole world and for the whole world and for... “Advanced industrial countries and very advanced economies have an abundance of everything.”
The statements of Eng. Ahmed Magdy, Chairman of the Board of Directors of Alusteel Trading and Engineering Company, came in line with the state’s vision and directions and coincided with the statements of President Abdel Fattah El-Sisi, regarding the necessity of raising the efficiency of Alusteel Trading and Engineering Company’s employees, and under the slogan of science and continuous serious training, peoples will rise and advance. Eng. Ahmed Magdy, Chairman of the Board of Directors, called for The Board of Directors of Alusteel Trading and Engineering Company from the heads of departments and general managers called for the necessity of developing an ambitious plan to train and educate workers with the latest advanced technological methods. Engineer Ahmed Magdy, Chairman of the Board of Directors of Alusteel Trading and Engineering Company, went on to say that educating, training and educating workers in itself is a great wealth that we are proud of. Science is We are building the future on a scientific basis.
Engineer Ahmed Magdy, Chairman of the Board of Directors of Alusteel Trading and Engineering Company, stressed to everyone that in order to create an industrial breakthrough in the field of the stainless steel industry, attention must be given to Vocational Training & Education to raise efficiency and productivity.
His Excellency explained that trained workers in the industry are among the most important and prominent elements possessed by manufacturers in this vital sector, especially as they require years of experience and training, in addition to their ability to adapt to the recurring crises that most factories have suffered over the past years, specifically during the period From 2011 until now, this period witnessed exceptional circumstances that began with the January 25 revolution and ended with the global Corona pandemic, whose effects on the economy are still large and severe. Therefore, we must acknowledge that the labor in the industrial sector is the most important thing that these factories possess.
Alusteel Trading and Engineering Company cares about its employees and realizes that the worker in the industrial sector is not comfortable, but he stays for long hours that may exceed 12 hours a day in continuous work, without rest. Therefore, we are obliged to treat them well and cooperate with these groups, and appreciate what they offer and provide more. We learned from our management about the efforts they give us, whether in the company or in the Alusteel factory, and the production manager and the factory manager must provide more to these workers as well in the field of vocational training and education.
The secret of the success of Alusteel Trading and Engineering Company, the pioneer of the stainless steel industry in Egypt, since it began in 1998, is the interest in workers, the provision of care and safety, the achievement of social stability, and the constant keenness to provide them with the best modern equipment and train them on them to raise efficiency and increase production.
Engineer Ahmed Magdy, Chairman of the Board of Directors of Alusteel Trading and Engineering Company, added that field training is an effective way to help workers acquire new capabilities and skills that the worker or employee did not possess. These skills enable the worker/employee to expand his concepts, modify his trends, and consolidate his ability to innovate. Creativity, innovation and linking the (theoretical) aspect of acquired knowledge with the practical (work) produced aspect.
Engineer Ahmed Magdy, Chairman of the Board of Directors of Alusteel Trading and Engineering Company, concluded by saying that providing workers with the opportunity to acquire new skills; This is done by accustoming them to innovative thinking in solving problems and making practical decisions with confidence.
He stressed the effectiveness of field training in preparing cadres and enriching workers’ experiences by linking training to realistic practical situations in the work environment, and providing the opportunity for workers to discover their professional interests in their field of specialization.
Engineer Ahmed Maj finished, Chairman of the Board of Directors of Alusteel Trading and Engineering Company, spoke recently, saying that the vision of Alusteel Trading and Engineering Company towards training employees is as follows:
In-service training provides the opportunity for the worker to acquire new knowledge and skills in his field of work.
In-service training helps change attitudes and acquire positive attitudes toward the profession, which leads to raising morale and increasing productivity at work.
Informing trainees of everything new in the field of performing the profession.
Increasing the worker’s sense of belonging towards their organizations because they feel that they are the most important element in developing their productivity.
In-service training gives the worker new horizons in the field of practicing the profession by giving him insight into the problems of the profession, its challenges, their causes, or how to eliminate them or reduce their effects on work performance.
The director of the training department at Alusteel Trading and Engineering Company stated
Article summary: The importance of training
Training is considered a strategic option for any entity looking to prepare human cadres capable of meeting work needs and the rapid developments and changes that occur in the fields of work. Keeping up with in-service training is of great importance due to the training that prepares the employee for new knowledge and skills required by his profession, or by learning the best solutions to the problems he faces while practicing his profession, which increases his ability to perform his work and helps him avoid mistakes, thus reaching the desired level to which he aspires. Any party seeking advancement and progress.
Training works to develop, develop and expand the horizons of administrative behaviors related to flexibility at work, organized thinking and dealing, the ability to solve and deal with various problems, the ability to adapt to changes and new work conditions, absorb the
anger of others, develop the skills of listening, innovation, communication, communication, relationships and supervision, and motivate employees. And investing in their capabilities to benefit all parties of the company, the institution, and society.
New Products
Alusteel offers a wide range of high-quality cooking equipment for restaurants and hotels, including electric fryers and complete sets. With this standard comes necessity and reputation, as we provide products that comply with our highest quality standards, ensuring the success of your establishment in the restaurant and kitchen market.
Bain-marie
At Alusteel , we offer electric bain-maries to meet the various requirements of restaurants and hotels. The device consists...
View More
Wood-fired Pizza Oven
High quality and durable kneader Italian industry
View More
Wood-fired grills
Wood-fired grills are an exceptional addition to restaurant kitchens, bringing unparalleled flavor and versatility to the...
View More
Chicken Rotation Gas and Wood Fire
Rotary grills from Alusteel are the perfect choice for restaurants and hotels looking to serve high-quality grilled dishes....
View More
Potato Kumpir Oven
Potato Kumpir Oven
View More
Bread Oven
View More
Smoker oven
Smoker oven
View More
Electric chicken grill
Electric chicken grill
View More
Are you looking for professional Services For your company
Contact us",13
https://alusteel.net/en/media,en,"Media | Alusteel For Hotel, Restaurant, kitchen Equipment","Media section For Alusteel for trade and industry, kitchens.",,"Media
Home
Media
Media section For Alusteel for trade and industry, kitchens.
All that you need to know about Alusteel for trade and industry, kitchens, hotels, and restaurants equipment, catering equipment, restaurant, hotel, and kitchen supplies, buying restaurant equipment, hotels, and kitchens, best purchase prices for refrigerators, stoves, food cookers, flat grills, fryers, pasta cooker, grill  shawarma, grills Floor exchange in Egypt.
Are you looking for professional Services For your company
Contact us",0
https://alusteel.net/en/faqs,en,"FAQs | Alusteel For Hotel, Restaurant, kitchen Equipment",,,"FAQs
Home
FAQs
All that you need to know about Alusteel for trade and industry, kitchens, hotels, and restaurants equipment, catering equipment, restaurant, hotel, and kitchen supplies, buying restaurant equipment, hotels, and kitchens, best purchase prices for refrigerators, stoves, food cookers, flat grills, fryers, pasta cooker, grill shawarma, grills Floor exchange in Egypt.
who Alusteel for trade and industry, kitchens, hotels, and restaurants equipment Are ?
Alusteel is a company specializing in kitchens, hotel and restaurant equipment for hotels, tourist villages, floating boats, clubs, airports, food companies, petroleum sites, and restaurants.
The company owns a 4,500-square-meter factory that has the latest machinery and products such as grills, ovens, stoves, ice makers, and others
We have executed many grand projects and national projects not limited to hotels, such as the armed forces, restaurants, hospitals, and many petroleum sites and projects of Egyptian universities.
the manufacturing of our kitchen equipment is approved by the Ministry of Industry and industrial license and security approval certificate to deal with the armed forces other than the register of exporters where we have exported to the Kingdom of Saudi Arabia, the United Arab Emirates, Sudan, Qatar, South Africa, Ghana, Rwanda, Uganda, Angola, Mozambique and Germany.
Where Are we Located?
Alusteel for trade and industry, catering equipment, restaurant, hotel, and kitchen supplies, buying restaurant equipment, hotels, kitchens, and refrigerators is located in Egypt.
Main Office
Address: 18 El Waily St., Hadayek El Kobba - Cairo
Our Factory
Address: Obour City Plot 22 A block quarries industrial area B / C next to Kraiazi
Via email:
info@alusteel.net
ahmed_alusteel@yahoo.com
And on multiple social media platforms
Twitter: https://twitter.com/AhmedAlusteel?s=08
YouTube: https://www.youtube.com/channel/UC2ROV7cSLjprGRNswLe6xzw
Facebook: https://www.facebook.com/alusteel.egy
What Type of Customers Do Alusteel for  Hotel Equipment and Restaurant Equipment  Serve ?
Alusteel for Trade and Industry, kitchen equipment, restaurants, hotels, kitchen supplies, and the purchase of equipment for restaurants, hotels, kitchens, and refrigerators. Serving all sectors and enterprises.
Restaurants: restaurant equipment with all stainless steelworks, stoves, ovens, grills, refrigerators, and other kitchen equipment, in addition to restaurant stainless steel tables and buffets, in addition to floor drain grills ... and others
Hotels: Hotel supplies and hotel equipment in all stainless steelworks, hotel kitchen equipment, stoves, ovens, grills, refrigerators, and other kitchen equipment, in addition to hotel tables and buffets, in addition to stainless steel handrails ... and others
Tourist villages: equipment for tourist villages and equipment for tourist villages, all stainless steel works and kitchen equipment for tourist villages, in addition to the village's buffet and dining hall equipment, stoves, ovens, grills, refrigerators, and other kitchen equipment in addition to the tables and buffets for the in addition to the stainless stair railings ... and others
Hospitals: Hospital kitchen fittings and kitchen equipment made of stainless steelworks, special kitchen equipment, in addition to stoves, ovens, grills, refrigerators and other kitchen equipment, in addition to special tables and buffets, in addition to stainless steel handrails ... and others
In addition to (petroleum work sites - construction project sites ... and others)
Why Buy Cooking Equipment From Alusteel?
Because we offer
the best brands of equipment, and cooking supplies, for restaurants, kitchens, and hotels and
the costs of manufacturing are very low compared to elsewhere in Egypt.
Kitchen Equipment Every Restaurant Needs
When
opening a new restaurant
or refurbishing an existing business, choosing the right restaurant kitchen equipment is essential for success. Our team of experts created a list of essential restaurant equipment, so you can be sure that all of your bases are covered when outfitting your kitchen. It's important to note that different types of restaurants may require additional pieces of equipment or various styles that may not be on this list. Instead, this list is meant to include items that every restaurant will need, providing a foundation that you can build off of to meet your specific needs.
Cooking Equipment
Refrigeration Equipment
Restaurant Cooking Equipment
When choosing cooking equipment for your restaurant, or for your kitchen hotel be sure to think about what pieces of equipment you're going to be using most often.
Oven
This versatile piece of equipment can be used for baking, roasting, braising, and much more. As a result, an oven (or multiple ovens, depending on your business) is essential.
Deep Fryer:
While deep fryers are ideal for making French fries, chicken tenders, and other customer favorites, you can use them for frying up a variety of foods.
Grill:
Char broilers and other grills impart a smoky and charred flavor that's perfect for many different recipes.
Griddles:
Similar to grills but with a flat metallic surface, griddles are a mainstay in diners and can be used for a variety of different cooking methods.
Refrigeration Equipment
There are many different styles of refrigeration equipment, and the style you choose will depend on your type of restaurant and your specific refrigeration needs. But, here are some examples that a standard restaurant might choose:
Refrigerator:
Some common types of refrigerators include walk-in coolers, pass-through options, or prep fridges. It is likely that your restaurant will require a combination of different types.
Freezer:
Like refrigerators, freezers come in various sizes and styles to suit your needs and food capacities.
Ice Maker: Ice machines are an essential component for beverage service at any restaurant. Additionally, cafes, bars, and grocery stores may use ice to make smoothies or blended cocktails.
Are you looking for professional Services For your company
Contact us",0
https://alusteel.net/en/privacy,en,"Privacy | Alusteel For Hotel, Restaurant, kitchen Equipment",,,"Privacy
Home
Privacy
When you use our services, you’re trusting us with your information.
We understand this is a big responsibility and work hard to protect your information and put you in control.
Looking to change your privacy settings?
This Privacy Policy is meant to help you understand what information we collect, why we collect it, and how you can update, manage, export, and delete your information.
Are you looking for professional Services For your company
Contact us",0
https://alusteel.net/en/user-agreement,en,"User Agreement | Alusteel For Hotel, Restaurant, kitchen Equipment",,,"User Agreement
Home
User Agreement
What is the importance of the usage agreement page?
Creating a Usage Agreement page is an essential way to ensure that your company's legal interests are protected, manage the use of your website or app, and promote your business as a trustworthy and professional organization.
What is the terms of use agreement?
The Terms of Use Agreement is a legal document. If you run a website, application, or almost any other type of service, the terms of use agreement helps you set rules for dealing with your service, explain how and why you can suspend or ban people from your service and avoid or manage any potential legal problems.
Legitimate Terms of Use is a legally binding agreement and is also subject to change, which should be noted in this disclaimer.
Together, we review a ready-to-use agreement page form that you can modify to comply with your site or blog.
Are you looking for professional Services For your company
Contact us",0
https://alusteel.net/طلب-عرض-سعر,طلب-عرض-سعر,طلب عرض سعر | الوستيل لتجهيزات المطابخ والفنادق والمطاعم,طلب عرض سعر,,"طلب عرض سعر
الرئيسية
طلب عرض سعر
طلب عرض سعر
نرحب بكم في شركة الوستيل - رائدة تصنيع وتوريد معدات المطابخ المتخصصة في مصر والشرق الأوسط. مع خبرة تمتد لسنوات في تجهيز مطابخ الفنادق والمطاعم والمنشآت الكبرى، نقدم لكم حلولاً متكاملة تجمع بين الجودة العالية والأسعار المنافسة.
يسعدنا أن نقدم لكم استشارة مجانية وعرض سعر مفصل لجميع احتياجاتكم من معدات المطبخ المصنعة من الستانلس ستيل عالي الجودة. يرجى ملء النموذج أدناه بكافة التفاصيل المطلوبة، وسيقوم فريقنا المتخصص بدراسة متطلباتكم وتقديم أفضل الحلول المناسبة لمشروعكم.
نفخر بأن مصنعنا البالغ مساحته 4500 متر مجهز بأحدث التقنيات والماكينات التي تعمل بنظام التحكم الرقمي، مما يضمن دقة التصنيع ومطابقة المنتجات لأعلى المعايير العالمية. سواء كنتم تبحثون عن معدات طهي أو تبريد أو تجهيزات مطبخ متكاملة، فإن خبراءنا جاهزون لتقديم الدعم الفني الكامل والمشورة المناسبة لمشروعكم
هل تبحث عن خدمات احترافية من اجل شركتك؟
تواصل معنا",0
https://alusteel.net/المنتجات/خطوط-طهي-الوستيل/حلة-طهى-قلابة,المنتجات,حلة طهى قلابة | الوستيل لتجهيزات المطابخ والفنادق والمطاعم,,في الوستيل نوفر الحلة القلابة المصنعة من الاستانلس ستيل بطريقتي تشغيل ( غاز او كهرباء ) بسعة داخلية 80 لتر تضم شاسيه قوي مجهز للخدمة الشاقة بالاضافة الى حلة داخلية 2 مم و قاع سفلى 8 مم بغطاء و اكسسوارات مصنعة بالكامل من الاستانلس ستيل كما أن الحلة القلابة المصنعة داخل الوستيل معزولة حراريا من الجوانب ومن الاسفل بالصوف الصخرى عالى الكثافة و بها نظام قلاب يدوي للخدمة الشاقة وعند اختيارك للحلة القلابة التى تعمل بالكهرباء فانها تضم نظام تسخين مباشر للحلة عن طريق بطاريتين تسخين كهربى بقدرة 2.6 ك.وات صن وتحكم للحرارة لكل بطارية عن طريق ثرموستات ولمبات بيان حرارية واجهزة وقاية كاملة,"حلة طهى قلابة
الرئيسية
المنتجات
خطوط طهي الوستيل
حلة طهى قلابة
وصف حلة طهى قلابة
في الوستيل نوفر الحلة القلابة المصنعة من الاستانلس ستيل بطريقتي تشغيل ( غاز او كهرباء ) بسعة داخلية 80 لتر تضم شاسيه قوي مجهز للخدمة الشاقة بالاضافة الى حلة داخلية 2 مم و قاع سفلى 8 مم بغطاء و اكسسوارات مصنعة بالكامل من الاستانلس ستيل كما أن الحلة القلابة المصنعة داخل الوستيل معزولة حراريا من الجوانب ومن الاسفل بالصوف الصخرى عالى الكثافة و بها نظام قلاب يدوي للخدمة الشاقة وعند اختيارك للحلة القلابة التى تعمل بالكهرباء فانها تضم نظام تسخين مباشر للحلة عن طريق بطاريتين تسخين كهربى بقدرة 2.6 ك.وات صن وتحكم للحرارة لكل بطارية عن طريق ثرموستات ولمبات بيان حرارية واجهزة وقاية كاملة
للاطلاع على المزيد من التفاصيل عن المنتج يرجي زيارة اللينك التالى
https://2u.pw/gnwhR
المنتجات الجديدة
تقدم شركة الوستيل مجموعة متميزة من معدات الطبخ عالية الجودة للمطاعم والفنادق، تشمل المقالي العميقة المدمجة والمجموعات الكاملة. تُعد هذه المعدات أساسية لتعزيز الكفاءة والسمعة، حيث نقدم منتجات تتماشى مع أعلى معايير الجودة بأسعار تنافسية، مما يضمن نجاح مؤسستك في سوق تجهيزات المطاعم والمطابخ.
افران بيتزا حطب
أفران تعمل بالحطب حيث يتم طهي البيتزا باستخدام الخشب كمصدر أساسي للحرارة
عرض المزيد
شوايات حطب
تُعد الشوايات الخشبية إضافة مميزة لمطابخ المطاعم، حيث تقدم نكهة لا مثيل لها وتنوعاً كبيراً في الطهي. تستخدم هذه الشوايات...
عرض المزيد
شوايات دوارة مميزة
تعد الشوايات الدوارة من شركة الوستيل الخيار الأمثل للمطاعم والفنادق التي تسعى لتقديم أطباق مشوية عالية الجودة. بفضل تصميمها...
عرض المزيد
فرن بطاطس كومبير
فرن بطاطس كومبير
عرض المزيد
فرن عيش
فرن عيش
عرض المزيد
فرن تدخين
فرن تدخين
عرض المزيد
شواية فراخ كهرباء
شواية فراخ كهرباء
عرض المزيد
هل تبحث عن خدمات احترافية من اجل شركتك؟
تواصل معنا",8
https://alusteel.net/مقالات/فوائد-استخدام-الفولاذ-المقاوم-للصدأ-في-معدات-المطاعم,مقالات,فوائد استخدام الفولاذ المقاوم للصدأ في معدات المطاعم | الوستيل لتجهيزات المطابخ والفنادق والمطاعم,,يعد الفولاذ المقاوم للصدأ واحدًا من المواد الرئيسية التي تستخدم في تصنيع معدات المطاعم,"فوائد استخدام الفولاذ المقاوم للصدأ في معدات المطاعم
الرئيسية
مقالات
فوائد استخدام الفولاذ المقاوم للصدأ في معدات المطاعم
وصف فوائد استخدام الفولاذ المقاوم للصدأ في معدات المطاعم
يعد الفولاذ المقاوم للصدأ واحدًا من المواد الرئيسية التي تستخدم في تصنيع معدات المطاعم، وذلك بسبب فوائده العديدة والمتعددة. يتميز الفولاذ المقاوم للصدأ بالمتانة والصلابة والمقاومة للتآكل، مما يجعله خيارًا مثاليًا للاستخدام في بيئات المطابخ الصناعية.
فيما يلي بعض الفوائد الرئيسية لاستخدام الفولاذ المقاوم للصدأ في معدات المطاعم:
المتانة: يتمتع الفولاذ المقاوم للصدأ بمتانة عالية، مما يجعله قادرًا على تحمل الضغوط والاستخدام الشديد دون الحاجة إلى الإصلاح أو الاستبدال المتكرر. وهذا يعني توفير تكاليف الصيانة وإطالة عمر المعدات.
المقاومة للتآكل: يتمتع الفولاذ المقاوم للصدأ بمقاومة عالية للتآكل والصدأ، مما يجعله مناسبًا للاستخدام في المطابخ الرطبة والبيئات الرطبة الأخرى. كما أنه يتحمل العوامل البيئية القاسية، مثل التغيرات المفاجئة في درجات الحرارة والرطوبة.
النظافة: يتمتع الفولاذ المقاوم للصدأ بسطح ناعم وسهل التنظيف، مما يجعله سهل الصيانة والتنظيف. بالإضافة إلى ذلك، يمنع الفولاذ المقاوم للصدأ تراكم الجراثيم والبكتيريا، مما يجعله خيارًا ممتازًا للاستخدام في المطابخ الصناعية التي تتطلب مستويات عالية من النظافة والصحة.
التصميم الحديث: يتمتع الفولاذ المقاوم للصدأ بمظهر حديث وجذاب، مما يجعله مناسبًا للاستخدام في المطابخ الحديثة والمطاعم الفاخرة. كما يتوفر الفولاذ المقاوم للصدأ بمجموعة متنوعة من الألوان والتشطيبات، مما يسمح لك بالاختيار من بين مجموعة واسعة من الخيارات لتناسب الأسلوب الخاص بك.
القابلية لإعادة التدوير: يمكن إعادة تدوير الفولاذ المقاوم للصدأ بشكل كامل، مما يجعله خيارًا مستدامًا وصديقًا للبيئة. يمكن أن يتم إعادة استخدامها في صناعة معدات جديدة، مما يقلل من النفايات ويحافظ على الموارد الطبيعية.
بشكل عام، يتمتع الفولاذ المقاوم للصدأ بالكثير من الفوائد التي تجعله خيارًا مثاليًا للاستخدام في معدات المطاعم والمطابخ الصناعية. يمكن أن يساعد الفولاذ المقاوم للصدأ في توفير التكاليف والوقت وتحسين النظافة والصحة، مما يساعد على تحسين كفاءة عمل المطبخ وتوفير تجربة طعام مرضية للعملاء.
يمكن أن يكون الفولاذ المقاوم للصدأ ذو جودة عالية ويتميز بمجموعة واسعة من الميزات الفريدة التي تجعله مثاليًا للاستخدام في معدات المطاعم والمطابخ الصناعية.
علاوة على الفوائد المذكورة في المقالة، يمكن أن يوفر الفولاذ المقاوم للصدأ مزايا أخرى، مثل:
مقاومة للتآكل الكيميائي: يمكن أن يتعرض المعدن لمجموعة متنوعة من المواد الكيميائية في بيئة المطبخ والمطعم، ولكن الفولاذ المقاوم للصدأ يمكن أن يتحمل هذه العوامل دون التأثير على جودته.
قوة التحمل: يمكن أن يتم تصميم المعدات المصنوعة من الفولاذ المقاوم للصدأ بطريقة تجعلها قادرة على تحمل الوزن الثقيل والاستخدام الشديد، مما يجعلها مثالية للاستخدام في المطابخ الصناعية.
التنوع: يمكن تصنيع الفولاذ المقاوم للصدأ بأشكال وأحجام وتصاميم مختلفة، مما يجعلها مناسبة للاستخدام في مجموعة متنوعة من المعدات، بما في ذلك المواقد والأفران والثلاجات وغيرها من المعدات.
مقاومة للخدوش: يتمتع الفولاذ المقاوم للصدأ بمقاومة عالية للخدوش، مما يجعلها مثالية للاستخدام في المعدات التي قد تتعرض للاستخدام الشديد أو الاحتكاك.
الأمان الغذائي: يمكن أن يتم استخدام المواد الأخرى في تصنيع المعدات المطبخية والمطاعم، ولكن يجب التأكد من أن هذه المواد آمنة للاستخدام في الصناعة الغذائية. يتمتع الفولاذ المقاوم للصدأ بمستوى عال من الأمان الغذائي، مما يجعله مثاليًا للاستخدام في مطابخ المطاعم.
بالإضافة إلى ذلك، يمكن أن يكون الفولاذ المقاوم للصدأ مقاومًا للحريق، مما يجعله مثاليًا للاستخدام في المطابخ التي تتطلب إجراءات أمان محددة للحماية من الحرائق.
وبشكل عام، يتمتع الفولاذ المقاوم للصدأ بمجموعة كبيرة من المزايا التي تجعله خيارًا مثاليًا للاستخدام في معدات المطاعموالمطابخ الصناعية. ومن المهم الاهتمام بجودة المواد المستخدمة في تصنيع المعدات المطبخية والتأكد من أنها تلبي المعايير الصناعية والأمنية والبيئية. يمكن استشارة متخصصين في تصميم المطابخ والمطاعم للحصول على المشورة الصحيحة بشأن الفولاذ المقاوم للصدأ وأفضل الخيارات المتاحة للمعدات المطبخية والمطاعم.
يمكن أن يستخدم الفولاذ المقاوم للصدأ في مجموعة واسعة من المعدات المطبخية والمطاعم، بما في ذلك:
الأواني والأدوات المستخدمة في الطهي والخبز والتحضير، مثل القدور والمقالي والملاعق والشوك وغيرها.
المعدات المستخدمة في التخزين والتبريد والتجميد، مثل الثلاجات والمجمدات والخزائن الحرارية والمبردات.
المعدات المستخدمة في التنظيف والتعقيم، مثل المغاسل والمنظفات ومعدات التعقيم بالبخار.
الأثاث المستخدم في المطابخ والمطاعم، مثل الطاولات والرفوف والأرفف والأدراج.
المعدات المستخدمة في الخدمة والتقديم، مثل الصواني والصحون والملاعق والشوك والأكواب والأطباق.
وتتوفر العديد من الخيارات للفولاذ المقاوم للصدأ، بما في ذلك الفولاذ المقاوم للصدأ الصلب والفولاذ المقاوم للصدأ المقاوم للصدأ، ويمكن اختيار الخيار الأنسب حسب الاحتياجات المحددة للمعدات المطبخية والمطاعم.
علاوة على ذلك، يمكن استخدام الفولاذ المقاوم للصدأ في مجموعة واسعة من الصناعات الأخرى، مثل الطبية والصناعات الكيميائية والنفطية والغذائية والعديد من الصناعات الأخرى، حيث يتميز بالمتانة والمقاومة والأمان والصحة.
وفي النهاية، يجب على المستخدمين الاهتمام بصيانة المعدات المصنوعة من الفولاذ المقاوم للصدأ وتنظيفها بشكل منتظم للحفاظ على جودتها وعمرها الافتراضي الطويل.
المنتجات الجديدة
تقدم شركة الوستيل مجموعة متميزة من معدات الطبخ عالية الجودة للمطاعم والفنادق، تشمل المقالي العميقة المدمجة والمجموعات الكاملة. تُعد هذه المعدات أساسية لتعزيز الكفاءة والسمعة، حيث نقدم منتجات تتماشى مع أعلى معايير الجودة بأسعار تنافسية، مما يضمن نجاح مؤسستك في سوق تجهيزات المطاعم والمطابخ.
افران بيتزا حطب
أفران تعمل بالحطب حيث يتم طهي البيتزا باستخدام الخشب كمصدر أساسي للحرارة
عرض المزيد
شوايات حطب
تُعد الشوايات الخشبية إضافة مميزة لمطابخ المطاعم، حيث تقدم نكهة لا مثيل لها وتنوعاً كبيراً في الطهي. تستخدم هذه الشوايات...
عرض المزيد
شوايات دوارة مميزة
تعد الشوايات الدوارة من شركة الوستيل الخيار الأمثل للمطاعم والفنادق التي تسعى لتقديم أطباق مشوية عالية الجودة. بفضل تصميمها...
عرض المزيد
فرن بطاطس كومبير
فرن بطاطس كومبير
عرض المزيد
فرن عيش
فرن عيش
عرض المزيد
فرن تدخين
فرن تدخين
عرض المزيد
شواية فراخ كهرباء
شواية فراخ كهرباء
عرض المزيد
هل تبحث عن خدمات احترافية من اجل شركتك؟
تواصل معنا",15
https://alusteel.net/مقالات/كيفية-اختيار-معدات-المطبخ-المناسبة-لمطعمك,مقالات,كيفية اختيار معدات المطبخ المناسبة لمطعمك | الوستيل لتجهيزات المطابخ والفنادق والمطاعم,,اختيار المعدات المطبخية المناسبة هو عملية مهمة وحاسمة في نجاح عملك,"كيفية اختيار معدات المطبخ المناسبة لمطعمك
الرئيسية
مقالات
كيفية اختيار معدات المطبخ المناسبة لمطعمك
وصف كيفية اختيار معدات المطبخ المناسبة لمطعمك
إذا كنت تملك مطعمًا أو تخطط لفتح مطعم، فإن اختيار المعدات المطبخية المناسبة هو عملية مهمة وحاسمة في نجاح عملك. حيث يؤثر نوعية المعدات المستخدمة في المطبخ على جودة الأكل وسرعة التحضير وكفاءة العمل في المطعم، وبالتالي يؤثر على تجربة العملاء والربحية العامة للمطعم. في هذه المقالة، سنناقش كيفية اختيار المعدات المطبخية المناسبة لمطعمك.
تحديد احتياجات مطعمك
قبل البدء في شراء المعدات المطبخية، يجب عليك تحديد احتياجات مطعمك والمعدات التي تحتاج إليها. يمكنك القيام بذلك عن طريق تحديد نوع الطعام الذي يتم تقديمه في المطعم وحجم العمل اليومي وأيضًا الفضاء المتاح في المطبخ. على سبيل المثال، إذا كان مطعمك يقدم البيتزا، فستحتاج إلى فرن بيتزا كبير ومعدات خاصة بالبيتزا مثل الأدوات المستخدمة في صنع العجين والصلصات والمقلاة الخاصة بالبيتزا.
الجودة والمتانة
يجب شراء المعدات المطبخية عالية الجودة والمتانة لضمان عمر طويل للمعدات وتحمل الاستخدام الشديد في المطعم. يمكن البحث عن الماركات الموثوق بها والتي تتميز بجودة عالية، مع الأخذ في الاعتبار أيضًا تقييمات المستخدمين وآراء الخبراء.
الكفاءة الطاقية
يجب أيضًا النظر في الكفاءة الطاقية للمعدات المطبخية المشتراة، حيث يمكن أن توفر المعدات الكفء الطاقية المال والوقت والطاقة في المطعم. على سبيل المثال، يمكن شراء ثلاجات وغسالات الصحون والأفران ذات الكفاءة الطاقية العالية للحفاظ على تكاليف الكهرباء والمياه منخفضة.
المساحة والتخزين
يجب أيضًا النظر في المساحة المتاحة في المطبخ وتحديد المعدات المناسبة للمساحة المتاحة. كما يجب النظر في إمكانية التخزين للمعدات المطبخية والأدوات والمؤن، حيث يجب توفير مساحة كافية لتخزين المعدات والمواد الغذائية والأدوات والأواني المطبخية.
السعر والميزانية
يجب أيضًا النظر في السعر والميزانية المتاحة لشراء المعدات المطبخية. يجب أن تكون المعدات التي تختارها في متناول يدك من حيث السعر وتتناسب مع ميزانيتك. يمكنك البحث عن العروض الموسمية والخصومات والتخفيضات للحصول على سعر أفضل.
توافق المعدات
يجب أيضًا النظر في توافق المعدات المطبخية المختلفة مع بعضها البعض. على سبيل المثال، يجب التأكد من توافق الأواني المطبخية مع الأفران والمواقد التي تستخدمها، وتوافق المعدات المستخدمة في التحضير مع طريقة الطهي والتقديم.
الصيانة والخدمة
يجب أيضًا النظر في صيانة المعدات المطبخية والخدمة المتاحة. يجب شراء المعدات المطبخية التي تأتي مع ضمان وخدمة ما بعد البيع، وتوافر الأجزاء البديلة والصيانة الدورية للحفاظ على المعدات في حالة جيدة.
الأمان والصحة
يجب أن تتوافق المعدات المطبخية مع معايير الأمان والصحة. على سبيل المثال، يجب شراء المعدات المطبخية المصنوعة من مواد غير سامة والتي تتوافق مع معايير الصحة العامة، وتنظيف المعدات المطبخية بانتظام للحفاظ على الصحة والنظافة.
في النهاية، يجب الاستثمار في المعدات المطبخية الصحيحة لمطعمك، حيث يمكن أن تساعد على تحسين جودة الأكل وتوفير الوقت والطاقة والمال، وبالتالي تحسين تجربة العملاء والربحية العامة للمطعم. يجب النظر في جميع العوامل المذكورة أعلاه عند اختيار المعدات المطبخية المناسبة لمطعمك، والتي يمكن أن تساعدك في تحقيق نجاح دائم في الأعمال التجارية.
إذا كنت تملك مطعمًا أو تخطط لفتح مطعم، فإن اختيار المعدات المطبخية المناسبة هو عملية مهمة وحاسمة في نجاح عملك. حيث يؤثر نوعية المعدات المستخدمة في المطبخ على جودة الأكل وسرعة التحضير وكفاءة العمل في المطعم، وبالتالي يؤثر على تجربة العملاء والربحية العامة للمطعم. في هذه المقالة، سنناقش كيفية اختيار المعدات المطبخية المناسبة لمطعمك.
تحديد احتياجات مطعمك
قبل البدء في شراء المعدات المطبخية، يجب عليك تحديد احتياجات مطعمك والمعدات التي تحتاج إليها. يمكنك القيام بذلك عن طريق تحديد نوع الطعام الذي يتم تقديمه في المطعم وحجم العمل اليومي وأيضًا الفضاء المتاح في المطبخ. على سبيل المثال، إذا كان مطعمك يقدم البيتزا، فستحتاج إلى فرن بيتزا كبير ومعدات خاصة بالبيتزا مثل الأدوات المستخدمة في صنع العجين والصلصات والمقلاة الخاصة بالبيتزا.
الجودة والمتانة
يجب شراء المعدات المطبخية عالية الجودة والمتانة لضمان عمر طويل للمعدات وتحمل الاستخدام الشديد في المطعم. يمكن البحث عن الماركات الموثوق بها والتي تتميز بجودة عالية، مع الأخذ في الاعتبار أيضًا تقييمات المستخدمين وآراء الخبراء.
الكفاءة الطاقية
يجب أيضًا النظر في الكفاءة الطاقية للمعدات المطبخية المشتراة، حيث يمكن أن توفر المعدات الكفء الطاقية المال والوقت والطاقة في المطعم. على سبيل المثال، يمكن شراء ثلاجات وغسالات الصحون والأفران ذات الكفاءة الطاقية العالية للحفاظ على تكاليف الكهرباء والمياه منخفضة.
المساحة والتخزين
يجب أيضًا النظر في المساحة المتاحة في المطبخ وتحديد المعدات المناسبة للمساحة المتاحة. كما يجب النظر في إمكانية التخزين للمعدات المطبخية والأدوات والمؤن، حيث يجب توفير مساحة كافية لتخزين المعدات والمواد الغذائية والأدوات والأواني المطبخية.
السعر
يجب أيضًا النظر في السعر عند شراء المعدات المطبخية، حيث يجب الحصول على أفضل قيمة مقابل المال المدفوع. يمكن البحث عن العروض والصفقات المتاحة والتفاوض مع الموردين على الأسعار للحصول على أفضل الصفقات الممكنة.
الصيانة والخدمة
يجب أيضًا النظر في خدمة ما بعد البيع والصيانة المتاحة للمعدات المطبخية المشتراة، حيث يجب الحصول على خدمة ما بعد البيع من المورد أو الشركة المصنعة في حالة الحاجة إلى إصلاح المعدات أو الحصول على قطع الغيار. كما يجب أيضًا النظر في ضمان المعدات وفترة الضمان المتاحة للمعدات.
باختصار، يجب عليك تحديد احتياجات مطعمك والاعتماد على المعدات عالية الجودة والمتانة والكفاءة الطاقية وتحديد المعدات المناسبة للمساحة المتاحة والنظر في السعر والخدمة المتاحة. يمكنك الحصول على النصائح والمشورة من الخبراء في مجال المعدات المطبخية أو الاعتماد على استشارات الموردين للحصول على أفضل الخيارات المتاحة.
المنتجات الجديدة
تقدم شركة الوستيل مجموعة متميزة من معدات الطبخ عالية الجودة للمطاعم والفنادق، تشمل المقالي العميقة المدمجة والمجموعات الكاملة. تُعد هذه المعدات أساسية لتعزيز الكفاءة والسمعة، حيث نقدم منتجات تتماشى مع أعلى معايير الجودة بأسعار تنافسية، مما يضمن نجاح مؤسستك في سوق تجهيزات المطاعم والمطابخ.
افران بيتزا حطب
أفران تعمل بالحطب حيث يتم طهي البيتزا باستخدام الخشب كمصدر أساسي للحرارة
عرض المزيد
شوايات حطب
تُعد الشوايات الخشبية إضافة مميزة لمطابخ المطاعم، حيث تقدم نكهة لا مثيل لها وتنوعاً كبيراً في الطهي. تستخدم هذه الشوايات...
عرض المزيد
شوايات دوارة مميزة
تعد الشوايات الدوارة من شركة الوستيل الخيار الأمثل للمطاعم والفنادق التي تسعى لتقديم أطباق مشوية عالية الجودة. بفضل تصميمها...
عرض المزيد
فرن بطاطس كومبير
فرن بطاطس كومبير
عرض المزيد
فرن عيش
فرن عيش
عرض المزيد
فرن تدخين
فرن تدخين
عرض المزيد
شواية فراخ كهرباء
شواية فراخ كهرباء
عرض المزيد
هل تبحث عن خدمات احترافية من اجل شركتك؟
تواصل معنا",15
https://alusteel.net/مقالات/تجهيز-المطاعم-والمطابخ-بالمعدات-المناسبة,مقالات,تجهيز المطاعم والمطابخ بالمعدات المناسبة | الوستيل لتجهيزات المطابخ والفنادق والمطاعم,,عندما يتعلق الأمر بتجهيز المطاعم والمطابخ بالمعدات المناسبة، فإن شركة الوستيل تعتبر وجهة موثوقة في مصر,"تجهيز المطاعم والمطابخ بالمعدات المناسبة
الرئيسية
مقالات
تجهيز المطاعم والمطابخ بالمعدات المناسبة
وصف تجهيز المطاعم والمطابخ بالمعدات المناسبة
عندما يتعلق الأمر بتجهيز المطاعم والمطابخ بالمعدات المناسبة، فإن شركة الوستيل تعتبر وجهة موثوقة في مصر. تتخصص الشركة في توفير المنتجات المعدنية عالية الجودة التي تلبي احتياجات قطاع المطاعم والمطابخ بشكل مثالي.
يعد تصميم المعدات المطبخية أمرًا حاسمًا في تحقيق كفاءة وسلاسة عملية المطبخ. وتتجه الصناعة اليوم نحو اتجاهات معينة في تصميم المعدات التي تلبي احتياجات المطاعم الحديثة. دعونا نلقي نظرة على بعض هذه الاتجاهات:
التصميم الوظيفي والمرن: تتطلب المطاعم الحديثة معدات تتميز بالوظائف المتعددة والمرونة. يجب أن تكون المعدات قابلة للتكيف مع متطلبات متنوعة مثل التحضير والطهي والتخزين. شركة الوستيل تقدم مجموعة واسعة من المعدات المعدنية المصممة بعناية لتلبية هذه الاحتياجات المتنوعة.
التكنولوجيا المتقدمة: تشهد صناعة المطاعم تقدمًا مستمرًا في التكنولوجيا. تستخدم الشركة أحدث التقنيات في تصميم وتصنيع المعدات المعدنية لتحسين الأداء والكفاءة. تشمل هذه التقنيات الحديثة أنظمة الشواء المتطورة، وأجهزة التحكم الذكية، وأنظمة التبريد المبتكرة، والمزيد.
التصميم الجمالي والعصري: إن المظهر العام للمطعم يلعب دورًا هامًا في جذب الزبائن. وتعمل شركة الوستيل على تصميم المعدات المعدنية بأسلوب عصري وجمالي يتوافق مع أحدث اتجاهات التصميم الداخلي في المطاعم. يمكن أن يوفر تصميمها الأنيق جوًا مريحًا ولمسة عصرية لأي مكان.
الاهتمام بالاستدامة: يعتبر الاهتمام بالبيئة والاستدامة أمرًا مهمًا في صناعة المطاعم الحديثة. تسعى شركة الوستيل إلى تقديم معدات معدنية صديقة للبيئية تعتمد على مواد قابلة لإعادة التدوير وتقنيات صديقة للبيئة. تلتزم الشركة بالحفاظ على الموارد الطبيعية وتقليل النفايات.
باختيار شركة الوستيل كمورد لمعدات المطاعم، يمكن للمطاعم الاستفادة من الخبرة والتفاني في تقديم منتجات عالية الجودة وفقًا لأحدث اتجاهات التصميم. ستساعد المعدات المعدنية المقدمة من الشركة في تحسين كفاءة العمل وتوفير الوقت والجهد.
باختصار، تقدم شركة الوستيل المنتجات المعدنية الخاصة بمعدات المطاعم والمطابخ التي تلبي احتياجات الصناعة المتطورة في مصر. من التصميم الوظيفي والمرن إلى التكنولوجيا المتقدمة والاهتمام بالاستدامة، تعتبر الشركة شريكًا قويًا للمطاعم التي تسعى لتحقيق أعلى مستويات الجودة والتميز.
إن استخدام منتجات الوستيل سيساهم في تحسين تجربة العملاء وتعزيز سمعة المطاعم والمطابخ في مصر. فلتكن شركة الوستيل خيارك الأول عندما يتعلق الأمر بتوفير المعدات المعدنية عالية الجودة والمتطورة.
تكنولوجيا الاتصال والتواصل: في عصر الاتصالات والتواصل الحديث، تلعب تكنولوجيا المعلومات والاتصال دورًا مهمًا في صناعة المطاعم. تعمل شركة الوستيل على توفير معدات معدنية تدعم تكنولوجيا الاتصال المتقدمة مثل أنظمة الشاشات التفاعلية وأجهزة الطلب الذاتي. هذه التقنيات تساعد في تحسين تجربة العملاء وتيسير عمليات الطلب والدفع.
السلامة والنظافة: تعد السلامة والنظافة أمورًا حيوية في أي مطبخ أو مطعم. تضمن شركة الوستيل أن جميع المنتجات المعدنية تلبي معايير السلامة والنظافة العالمية. توفر المعدات المقاومة للبكتيريا وسهلة التنظيف، مما يضمن بيئة صحية ونظيفة للعمل والتحضير.
التخصيص والتصميم حسب الطلب: يعد التخصيص والتصميم حسب الطلب جزءًا مهمًا في صناعة المطاعم. تفهم شركة الوستيل أن لكل مطعم احتياجاته ومتطلباته الفريدة، ولذلك تقدم خدمات التصميم والتصنيع المخصصة. يمكن للمطاعم تجهيز مطابخها ومساحاتها بالمعدات المعدنية المصممة خصيصًا وفقًا لاحتياجاتها الخاصة.
الدعم الفني وخدمة ما بعد البيع: تهتم شركة الوستيل بتقديم دعم فني مستمر وخدمة ما بعد البيع لعملائها. يمكن للمطاعم الاعتماد على فريق فني محترف للمساعدة في التركيب والصيانة وإصلاح المعدات. هذا يضمن استدامة وأداء موثوق به للمعدات على المدى الطويل.
باختصار، تعد شركة الوستيل الشركة المفضلة في مصر عندما يتعلق الأمر بتوفير المنتجات المعدنية لمعدات المطاعم والمطابخ. بفضل التصميم الوظيفي والمرن، والتكنولوجيا المتقدمة، والتصميم الجمالي، والاهتمام بالاستدامة، تلبي الشركة احتياجات الصناعة المتطورة. لا تتردد في الاعتماد على الوستيل للحصول على منتجات عالية الجودة وخدمة فائقة لعملاء المطاعم والمطابخ.
المنتجات الجديدة
تقدم شركة الوستيل مجموعة متميزة من معدات الطبخ عالية الجودة للمطاعم والفنادق، تشمل المقالي العميقة المدمجة والمجموعات الكاملة. تُعد هذه المعدات أساسية لتعزيز الكفاءة والسمعة، حيث نقدم منتجات تتماشى مع أعلى معايير الجودة بأسعار تنافسية، مما يضمن نجاح مؤسستك في سوق تجهيزات المطاعم والمطابخ.
افران بيتزا حطب
أفران تعمل بالحطب حيث يتم طهي البيتزا باستخدام الخشب كمصدر أساسي للحرارة
عرض المزيد
شوايات حطب
تُعد الشوايات الخشبية إضافة مميزة لمطابخ المطاعم، حيث تقدم نكهة لا مثيل لها وتنوعاً كبيراً في الطهي. تستخدم هذه الشوايات...
عرض المزيد
شوايات دوارة مميزة
تعد الشوايات الدوارة من شركة الوستيل الخيار الأمثل للمطاعم والفنادق التي تسعى لتقديم أطباق مشوية عالية الجودة. بفضل تصميمها...
عرض المزيد
فرن بطاطس كومبير
فرن بطاطس كومبير
عرض المزيد
فرن عيش
فرن عيش
عرض المزيد
فرن تدخين
فرن تدخين
عرض المزيد
شواية فراخ كهرباء
شواية فراخ كهرباء
عرض المزيد
هل تبحث عن خدمات احترافية من اجل شركتك؟
تواصل معنا",11
https://alusteel.net/مقالات/مستقبل-معدات-المطاعم-الابتكارات-والتطورات,مقالات,مستقبل معدات المطاعم: الابتكارات والتطورات | الوستيل لتجهيزات المطابخ والفنادق والمطاعم,,تعتبر صناعة المطاعم والضيافة من أكثر الصناعات تطورًا وتنوعًا في العالم.,"مستقبل معدات المطاعم: الابتكارات والتطورات
الرئيسية
مقالات
مستقبل معدات المطاعم: الابتكارات والتطورات
وصف مستقبل معدات المطاعم: الابتكارات والتطورات
تعتبر صناعة المطاعم والضيافة من أكثر الصناعات تطورًا وتنوعًا في العالم. ومع تزايد الطلب على تجربة تناول الطعام عالية الجودة وسريعة الخدمة، يتزايد أيضًا الحاجة إلى معدات المطاعم المبتكرة والمتطورة. تعمل شركة الوستيل كشريك رائد في هذا المجال، حيث تقدم حلولًا مبتكرة وتطورات مستقبلية لمعدات المطاعم.
التحولات الحالية في صناعة المطاعم
تشهد صناعة المطاعم تحولات كبيرة تتطلب تجديد وتحديث معداتها. تعمل الوستيل على مواكبة هذه التحولات وتوفير حلول فعالة وابتكارات جديدة لعملائها. من بين هذه التحولات، نجد:
التوجه نحو المطابخ الذكية: تستخدم الوستيل تقنيات الذكاء الاصطناعي والتحليلات البيانية لتطوير مطابخ ذكية تعزز كفاءة العمليات وتحسن الإنتاجية.
الاهتمام بالاستدامة: تسعى الوستيل لتقديم معدات مستدامة تحافظ على الموارد الطبيعية وتقلل من تأثير المطاعم على البيئة.
التوجه نحو تجربة العملاء المتكاملة: تقدم الوستيل تكنولوجيا متقدمة لتحسين تجربة العملاء في المطاعم، مثل طلب الطعام عبر التطبيقات الجوالة وتقنيات الدفع الذكية.
ابتكارات شركة الوستيل لمستقبل معدات المطاعم
تلتزم شركة الوستيل بالابتكار والتطوير المستمر لتلبية احتياجات صناعة المطاعم المتغيرة. تقدم الشركة عددًا من المنتجات والتحسينات المستقبلية التي تشمل:
تقنيات الطهي المتقدمة: تقدم الوستيل أفرانًا ومعدات طهي متطورة تستخدم تقنيات البخار والتحكم الذكي في درجة الحرارة لتحسين جودة الطعام وتقليل وقت التحضير.
التكامل والتواصل: تعمل الوستيل على تطوير نظام متكامل للمطابخ يتيح التواصل والتنسيق بين المعدات المختلفة، مما يحسن تنظيم العمليات ويزيد من الكفاءة.
تقنيات التحكم والمراقبة: توفر الوستيل أنظمة متطورة للتحكم والمراقبة تسمح للمطاعم بمراقبة وضبط أداء معداتها عن بُعد، مما يسهم في توفير الوقت والجهد في إدارة المطبخ.
فوائد تقديم شركة الوستيل لمعدات المطاعم
تقدم شركة الوستيل العديد من الفوائد لعملائها في صناعة المطاعم، وتشمل:
الابتكار والتطوير المستمر: تلتزم الوستيل بالاستمرار في البحث والتطوير لتقديم حلول مبتكرة وتحسينات مستمرة للمعدات المطاعم، مما يساعد العملاء على الابتكار والتميز في سوق المطاعم المتنامي.
الجودة والمتانة: تتميز منتجات الوستيل بالجودة العالية والمتانة، مما يضمن استدامة المعدات لفترة طويلة وتحملها للظروف القاسية في بيئة المطبخ.
الدعم الفني والخدمات: تقدم الوستيل دعمًا فنيًا متميزًا وخدمات ما بعد البيع المتميزة، مما يساعد العملاء على استخدام المعدات بكفاءة واستفادة
قصوى منها.
التوجهات المستقبلية لشركة الوستيل في مجال معدات المطاعم
شركة الوستيل تسعى جاهدة للبقاء في طليعة صناعة معدات المطاعم المتطورة وتوفير حلول مبتكرة لعملائها. في المستقبل، يمكننا توقع بعض التوجهات والابتكارات القادمة التي قد تقدمها الشركة، مثل:
تطوير معدات تعتمد على تقنية الذكاء الاصطناعي: قد تعتمد الوستيل على تقنيات الذكاء الاصطناعي لتحسين أداء المعدات وتحليل بيانات العملاء لفهم احتياجاتهم وتوفير تجربة أفضل.
تكنولوجيا التجربة الافتراضية والواقع المعزز: يمكن أن تحاول الوستيل تطوير تجربة تفاعلية للعملاء باستخدام تقنيات التجربة الافتراضية والواقع المعزز، مما يساهم في تحسين عملية اختيار وتصميم المعدات.
تطوير معدات متكاملة للتوصيل والتوزيع: نظرًا لزيادة الطلب على خدمة التوصيل وتوزيع الطعام، قد تعمل الوستيل على تطوير معدات متكاملة تسهل وتحسن عمليات التوصيل والتوزيع في المطاعم.
تأثير ابتكارات الوستيل على صناعة المطاعم
ابتكارات الوستيل في مجال معدات المطاعم لها تأثير كبير على صناعة المطاعم بشكل عام، وتشمل:
زيادة الكفاءة والإنتاجية: من خلال استخدام تقنيات متقدمة وأنظمة ذكية، تساعد معدات الوستيل على زيادة الكفاءة وتحسين إنتاجية المطابخ، مما يقلل من وقت التحضير ويساهم في زيادة عدد الطلبات المعالجة.
تحسين جودة الطعام: بفضل التقنيات المتقدمة في معدات الوستيل، يمكن تحقيق جودة أعلى للطعام وتحسين تجربة العملاء. على سبيل المثال، يمكن استخدام أفران متطورة للحصول على نتائج طهي متسقة وتحسين قوام ونكهة الأطباق.
الاستدامة البيئية: تعمل الوستيل على تطوير معداتمتطورة تهتم بالاستدامة البيئية، مما يساهم في تقليل استهلاك الطاقة والموارد وتقليل التأثير البيئي السلبي لصناعة المطاعم.
توصيات للمطاعم في اختيار معدات الوستيل
إذا كنت تفكر في شراء معدات المطاعم من الوستيل، فإليك بعض التوصيات التي يمكن أن تساعدك في اتخاذ القرار الصحيح:
قم بتحليل احتياجات مطعمك: قبل شراء أي معدات، حدد احتياجات مطعمك بدقة. ابحث عن المعدات التي تلبي متطلباتك وتحسن عملياتك بشكل فعال.
ابحث عن التكنولوجيا المتقدمة: تحقق من التقنيات والابتكارات الحديثة التي تقدمها الوستيل. تأكد من أن المعدات تستخدم التكنولوجيا الحديثة لتحقيق أفضل أداء والحصول على نتائج ممتازة.
قيِّم الموثوقية والجودة: اختر معدات ذات جودة عالية وموثوقة. تأكد من أن الوستيل تقدم ضمانات وخدمة ما بعد البيع الممتازة لضمان عمل مستدام وخالي من المشاكل.
انظر إلى التكلفة الكلية للملكية: قم بتقييم التكاليف الكلية لامتلاك وتشغيل المعدات، بما في ذلك تكاليف الصيانة واستهلاك الطاقة. اختر معدات تعتبر استثمارًا جيدًا على المدى الطويل وتحقق توازنًا بين الأداء والتكلفة.
استفسر عن توافر الدعم الفني: تأكد من أن الوستيل تقدم دعمًا فنيًا موثوقًا وفعالًا. قد تحتاج إلى الحصول على المساعدة والصيانة في المستقبل، لذا تأكد من وجود فريق دعم يمكنك الاعتماد عليه.
تشهد صناعة المطاعم تحولات جذرية، وشركة الوستيل تلعب دورًا حيويًا في دعم هذه التحولات وتقديم الابتكارات والتطورات في مجال معدات المطاعم. من خلال التركيز على التكنولوجيا المتقدمة والاستدامة وتحسين تجربة العملاء، تساهم الوستيل في تحقيق نجاح المطاعم وتميزها في سوق المنافسة. إن استثمار الوستيل في البحث والتطوير والدعم الفني يجعلها شريكًا قويًا للمطاعم في تحقيق الاستدامة والنمو في المستقبل.باختصار، شركة الوستيل تستمر في تطوير معدات المطاعم المتقدمة والمبتكرة، وتلتزم بتلبية احتياجات العملاء وتحسين صناعة المطاعم بشكل عام.
المنتجات الجديدة
تقدم شركة الوستيل مجموعة متميزة من معدات الطبخ عالية الجودة للمطاعم والفنادق، تشمل المقالي العميقة المدمجة والمجموعات الكاملة. تُعد هذه المعدات أساسية لتعزيز الكفاءة والسمعة، حيث نقدم منتجات تتماشى مع أعلى معايير الجودة بأسعار تنافسية، مما يضمن نجاح مؤسستك في سوق تجهيزات المطاعم والمطابخ.
افران بيتزا حطب
أفران تعمل بالحطب حيث يتم طهي البيتزا باستخدام الخشب كمصدر أساسي للحرارة
عرض المزيد
شوايات حطب
تُعد الشوايات الخشبية إضافة مميزة لمطابخ المطاعم، حيث تقدم نكهة لا مثيل لها وتنوعاً كبيراً في الطهي. تستخدم هذه الشوايات...
عرض المزيد
شوايات دوارة مميزة
تعد الشوايات الدوارة من شركة الوستيل الخيار الأمثل للمطاعم والفنادق التي تسعى لتقديم أطباق مشوية عالية الجودة. بفضل تصميمها...
عرض المزيد
فرن بطاطس كومبير
فرن بطاطس كومبير
عرض المزيد
فرن عيش
فرن عيش
عرض المزيد
فرن تدخين
فرن تدخين
عرض المزيد
شواية فراخ كهرباء
شواية فراخ كهرباء
عرض المزيد
هل تبحث عن خدمات احترافية من اجل شركتك؟
تواصل معنا",13
https://alusteel.net/مقالات/صناعة-الأفران-من-الاستانلس-ستيل,مقالات,صناعة الأفران من الاستانلس ستيل | الوستيل لتجهيزات المطابخ والفنادق والمطاعم,,تعد صناعة الأفران من الاستانلس ستيل أحد أهم الصناعات في مجال الأجهزة المنزلية والصناعية.,"صناعة الأفران من الاستانلس ستيل
الرئيسية
مقالات
صناعة الأفران من الاستانلس ستيل
وصف صناعة الأفران من الاستانلس ستيل
تعد صناعة الأفران من الاستانلس ستيل أحد أهم الصناعات في مجال الأجهزة المنزلية والصناعية.
يتميز الاستانلس ستيل بخصائصه الفريدة التي تجعله المادة المثالية لصناعة الأفران، مثل المتانة، المقاومة للتآكل، والقدرة على تحمل درجات الحرارة العالية.
في هذا المقال، سنتناول جوانب مختلفة من صناعة الأفران من الاستانلس ستيل، بدءًا من المواد المستخدمة وصولًا إلى مراحل التصنيع المختلفة.
لماذا الاستانلس ستيل؟
يتم اختيار الاستانلس ستيل لصناعة الأفران لعدة أسباب:
* المتانة: يوفر الاستانلس ستيل هيكلًا قويًا للأفران، مما يضمن عمرًا افتراضيًا طويلًا.
* المقاومة للتآكل: لا يتأثر الاستانلس ستيل بالصدأ أو التآكل الناتج عن الحرارة والرطوبة، مما يجعله مثاليًا للاستخدام في المطابخ.
* سهولة التنظيف: يمكن تنظيف الأفران المصنوعة من الاستانلس ستيل بسهولة، مما يجعلها خيارًا صحيًا.
* المظهر الجذاب: يضفي الاستانلس ستيل مظهرًا عصريًا وأنيقًا على أي مطبخ.
* التوصيل الحراري: على الرغم من أنه ليس موصلًا للحرارة بشكل مثالي مثل بعض المعادن الأخرى، إلا أن الاستانلس ستيل يوزع الحرارة بشكل متساوٍ داخل الفرن.
مراحل تصنيع الأفران من الاستانلس ستيل
* التصميم الهندسي: يتم تصميم الأفران بدقة باستخدام برامج التصميم بمساعدة الكمبيوتر (CAD) لضمان كفاءة الأداء والوظائف.
* قص و تشكيل الأجزاء: يتم قص و تشكيل صفائح الاستانلس ستيل وفقًا للتصميم الهندسي باستخدام آلات القطع والتشكيل المتطورة.
* التجميع: يتم تجميع الأجزاء المقطوعة والمشكلة معًا لإنشاء هيكل الفرن.
* الإعداد الداخلي: يتم تجهيز الجزء الداخلي من الفرن بالعناصر اللازمة مثل الرفوف، وعنصر التسخين، والمروحة، وأجهزة التحكم.
* العزل: يتم عزل الفرن لمنع تسرب الحرارة إلى الخارج والحفاظ على درجة الحرارة داخل الفرن.
* الاختبار: يتم اختبار الأفران للتأكد من أنها تعمل بكفاءة وأمان قبل شحنها.
أنواع الأفران من الاستانلس ستيل
تتوفر الأفران المصنوعة من الاستانلس ستيل بأشكال وأحجام مختلفة لتلبية احتياجات المستخدمين المتنوعة، منها:
* الأفران الكهربائية: تعمل عن طريق تسخين عناصر التسخين الكهربائية.
* الأفران الغازية: تعمل عن طريق حرق الغاز الطبيعي أو البروبان.
* الأفران المدمجة: يتم دمجها في خزائن المطبخ.
* الأفران الحرة: توضع على سطح العمل.
الاستخدامات
تستخدم الأفران المصنوعة من الاستانلس ستيل في العديد من التطبيقات، بما في ذلك:
* المطابخ المنزلية: لطهي الطعام وتسخينه.
* المطاعم والفنادق: لإعداد الوجبات بكميات كبيرة.
* الصناعات الغذائية: لتجفيف المنتجات وتعقيمها.
صناعة الأفران من الاستانلس ستيل صناعة متطورة تعتمد على التكنولوجيا الحديثة.
يوفر الاستانلس ستيل المزايا المثالية لصناعة الأفران، مما يجعلها الخيار الأمثل للمستهلكين والمصنعين على حد سواء.
وتعتبر شركة الوستيل لمعدات المطابخ والمطاعم شركة رائدة فى هذة الصناعة بخبرة اكثر من 30 عام حيث ساهمت فى توريد العديد من منتجات الاستانلس ستيل من الافران و غيرها من خطوط الانتاج التى تخدم الفنادق والمستشفيات والمطابخ والمطاعم والمدارس والنوادى.
المنتجات الجديدة
تقدم شركة الوستيل مجموعة متميزة من معدات الطبخ عالية الجودة للمطاعم والفنادق، تشمل المقالي العميقة المدمجة والمجموعات الكاملة. تُعد هذه المعدات أساسية لتعزيز الكفاءة والسمعة، حيث نقدم منتجات تتماشى مع أعلى معايير الجودة بأسعار تنافسية، مما يضمن نجاح مؤسستك في سوق تجهيزات المطاعم والمطابخ.
افران بيتزا حطب
أفران تعمل بالحطب حيث يتم طهي البيتزا باستخدام الخشب كمصدر أساسي للحرارة
عرض المزيد
شوايات حطب
تُعد الشوايات الخشبية إضافة مميزة لمطابخ المطاعم، حيث تقدم نكهة لا مثيل لها وتنوعاً كبيراً في الطهي. تستخدم هذه الشوايات...
عرض المزيد
شوايات دوارة مميزة
تعد الشوايات الدوارة من شركة الوستيل الخيار الأمثل للمطاعم والفنادق التي تسعى لتقديم أطباق مشوية عالية الجودة. بفضل تصميمها...
عرض المزيد
فرن بطاطس كومبير
فرن بطاطس كومبير
عرض المزيد
فرن عيش
فرن عيش
عرض المزيد
فرن تدخين
فرن تدخين
عرض المزيد
شواية فراخ كهرباء
شواية فراخ كهرباء
عرض المزيد
هل تبحث عن خدمات احترافية من اجل شركتك؟
تواصل معنا",8
https://alusteel.net/مقالات/حلة-الطهى-بالبخار-الحلة-البخارية,مقالات,"حلة الطهى بالبخار "" الحلة البخارية "" | الوستيل لتجهيزات المطابخ والفنادق والمطاعم",,في الوستيل نوفر الحلة البخارية التى تعمل بالغاز او بالكهرباء بحلة داخلية وخارجية سمك 3 مم و بسعة 150 لتر للحلة الداخلية مزودة بشاسيه قوى مجهز ومحملة على ارجل لتحمل الخدمة الشاقة وجميع اكسسواراتها من الاستانلس ستيل,"حلة الطهى بالبخار "" الحلة البخارية ""
الرئيسية
مقالات
حلة الطهى بالبخار "" الحلة البخارية ""
وصف حلة الطهى بالبخار "" الحلة البخارية ""
يُعتبر الطهي بالبخار طريقة صحية ولذيذة للحفاظ على القيمة الغذائية والنكهة الطبيعية للأطعمة. وعندما يكون قدر الطهي بالبخار مصنوعًا من الفولاذ المقاوم للصدأ (الاستانلس ستيل)، فإنه يجمع بين فوائد هذه الطريقة وخصائص هذه المادة المتينة والصحية.
لماذا نختار الطهي بالبخار؟
تتميز طريقة الطهي بالبخار بالعديد من المزايا الصحية والغذائية، فهي:
تحافظ على العناصر الغذائية: على عكس الغليان، لا يتسبب البخار في فقدان الفيتامينات والمعادن القابلة للذوبان في الماء.
تحافظ على النكهة الطبيعية: يسمح البخار للأطعمة بالاحتفاظ بمذاقها الأصلي دون إضافة دهون أو زيوت إضافية.
لا تحتاج إلى إضافة دهون: تعتبر طريقة مثالية للأشخاص الذين يتبعون حمية غذائية قليلة الدهون.
تحافظ على قوام الطعام: يساعد البخار على طهي الخضروات والأسماك والدواجن بلطف، مما يحافظ على قوامها الرقيق والعصاري.
لماذا الاستانلس ستيل هو الخيار الأمثل لقدر الطهي بالبخار؟
يوفر الفولاذ المقاوم للصدأ العديد من المزايا التي تجعله الخيار الأمثل لصنع أواني الطهي بالبخار:
المتانة والعمر الطويل: يتميز الاستانلس ستيل بقوته وتحمله لدرجات الحرارة العالية والاستخدام المتكرر دون أن يصدأ أو يتآكل. هذا يضمن لك قدرًا يدوم لسنوات طويلة.
مقاومة الصدأ والبقع: طبيعة الاستانلس ستيل غير المسامية تجعله مقاومًا للصدأ والبقع وتغير اللون، مما يحافظ على مظهره الأنيق مع مرور الوقت.
سهولة التنظيف: سطح الاستانلس ستيل الأملس غير مسامي، مما يجعل تنظيفه أمرًا سهلاً للغاية بالماء والصابون أو وضعه في غسالة الأطباق.
توزيع الحرارة الجيد: يضمن الاستانلس ستيل توزيعًا جيدًا للحرارة، مما يساعد على طهي الطعام بشكل متساوٍ وسريع. غالبًا ما تأتي الأواني ذات الجودة العالية بقاعدة متعددة الطبقات لتعزيز توزيع الحرارة.
آمن وصحي: الاستانلس ستيل مادة خاملة لا تتفاعل مع الطعام، مما يضمن عدم تسرب أي مواد ضارة إلى وجباتك.
مظهر أنيق وعصري: يضفي الاستانلس ستيل مظهرًا عصريًا ولامعًا على أدوات مطبخك.
في الوستيل نوفر الحلة البخارية التى تعمل بالغاز او بالكهرباء بحلة داخلية وخارجية سمك 3 مم و بسعة 150 لتر للحلة الداخلية مزودة بشاسيه قوى مجهز ومحملة على ارجل لتحمل الخدمة الشاقة وجميع اكسسواراتها من الاستانلس ستيل
المنتجات الجديدة
تقدم شركة الوستيل مجموعة متميزة من معدات الطبخ عالية الجودة للمطاعم والفنادق، تشمل المقالي العميقة المدمجة والمجموعات الكاملة. تُعد هذه المعدات أساسية لتعزيز الكفاءة والسمعة، حيث نقدم منتجات تتماشى مع أعلى معايير الجودة بأسعار تنافسية، مما يضمن نجاح مؤسستك في سوق تجهيزات المطاعم والمطابخ.
افران بيتزا حطب
أفران تعمل بالحطب حيث يتم طهي البيتزا باستخدام الخشب كمصدر أساسي للحرارة
عرض المزيد
شوايات حطب
تُعد الشوايات الخشبية إضافة مميزة لمطابخ المطاعم، حيث تقدم نكهة لا مثيل لها وتنوعاً كبيراً في الطهي. تستخدم هذه الشوايات...
عرض المزيد
شوايات دوارة مميزة
تعد الشوايات الدوارة من شركة الوستيل الخيار الأمثل للمطاعم والفنادق التي تسعى لتقديم أطباق مشوية عالية الجودة. بفضل تصميمها...
عرض المزيد
فرن بطاطس كومبير
فرن بطاطس كومبير
عرض المزيد
فرن عيش
فرن عيش
عرض المزيد
فرن تدخين
فرن تدخين
عرض المزيد
شواية فراخ كهرباء
شواية فراخ كهرباء
عرض المزيد
هل تبحث عن خدمات احترافية من اجل شركتك؟
تواصل معنا",9
https://alusteel.net/مقالات/حلة-الطهى-القلابة-مربع-الأرز,مقالات,"حلة الطهى القلابة "" مربع الأرز  "" | الوستيل لتجهيزات المطابخ والفنادق والمطاعم",,في الوستيل نوفر الحلة القلابة المصنعة من الاستانلس ستيل بطريقتي تشغيل ( غاز او كهرباء ) بسعة داخلية 80 لتر تضم شاسيه قوي مجهز للخدمة الشاقة بالاضافة الى حلة داخلية 2 مم و قاع سفلى 8 مم بغطاء و اكسسوارات مصنعة بالكامل من الاستانلس ستيل كما أن الحلة القلابة المصنعة داخل الوستيل معزولة حراريا من الجوانب ومن الاسفل بالصوف الصخرى عالى الكثافة و بها نظام قلاب يدوي للخدمة الشاقة وعند اختيارك للحلة القلابة التى تعمل بالكهرباء فانها تضم نظام تسخين مباشر للحلة عن طريق بطاريتين تسخين كهربى بقدرة 2.6 ك.وات صن وتحكم للحرارة لكل بطارية عن طريق ثرموستات ولمبات بيان حرارية واجهزة وقاية كاملة,"حلة الطهى القلابة "" مربع الأرز  ""
الرئيسية
مقالات
حلة الطهى القلابة "" مربع الأرز  ""
وصف حلة الطهى القلابة "" مربع الأرز  ""
يُعد القدر القلاب المصنوع من الفولاذ المقاوم للصدأ (الاستانلس ستيل) قطعة أساسية في المطابخ التجارية والمؤسسات الغذائية الكبيرة. فهو يجمع بين سعة الطهي الكبيرة والقدرة على المناورة والتحكم، مما يجعله أداة متعددة الاستخدامات لتلبية متطلبات الإنتاج الضخم بكفاءة وسهولة.
عبارة عن وعاء طهي كبير الحجم مزود بآلية تسمح بإمالته أو قلبه لتفريغ محتوياته بسهولة.
هذه الميزة تجعله مثاليًا لطهي كميات كبيرة من الطعام مثل : الارز والمكرونة والخضروات.
لماذا الاستانلس ستيل هو الخيار الأمثل للحلة القلابة ؟
يوفر الاستانلس ستيل العديد من المزايا الهامة التي تجعله المادة المفضلة لتصنيع الحلة القلابة الاحترافية:
المتانة والصلابة الصناعية
:
يتحمل الاستانلس ستيل الاستخدام المكثف والظروف القاسية في المطابخ التجارية، بما في ذلك درجات الحرارة العالية والتنظيف المتكرر والمناولة الثقيلة.
مقاومة الصدأ والتآكل
:
يضمن الاستانلس ستيل عدم تعرض القدر للصدأ أو التآكل الناتج عن الرطوبة والأطعمة المختلفة والمنظفات القوية المستخدمة في المطابخ الاحترافية.
سهولة التنظيف والصيانة
:
سطحه الأملس غير المسامي يجعل تنظيفه وتعقيمه أمرًا سهلاً وسريعًا، مما يساهم في الحفاظ على معايير النظافة والسلامة الغذائية العالية.
توزيع حرارة فعال
:
غالبًا ما تكون الحلات القلابة المصنوعة من الاستانلس ستيل مزودة بقواعد سميكة متعددة الطبقات لضمان توزيع حرارة متساوٍ وسريع، مما يقلل من وقت الطهي ويحسن كفاءة الطاقة.
السلامة الغذائية
:
الاستانلس ستيل مادة خاملة لا تتفاعل مع الطعام، مما يضمن عدم تسرب أي مواد ضارة إلى الوجبات التي يتم تحضيرها بكميات كبيرة.
عمر افتراضي طويل
:
بفضل متانته ومقاومته للتآكل، يوفر القدر القلاب المصنوع من الاستانلس ستيل استثمارًا طويل الأمد للمطبخ.
ميزات إضافية لتعزيز سهولة الاستخدام والكفاءة للحلة القلابة:
آلية قلب هيدروليكية أو يدوية
:
لتفريغ سهل وآمن للمحتويات الثقيلة.
أغطية قوية ومحكمة الإغلاق
:
للحفاظ على الحرارة وتقليل وقت الطهي.
عناصر تحكم دقيقة في درجة الحرارة
:
لضمان طهي مثالي لمختلف أنواع الطعام.
تصميم متين وقواعد ثابتة
:
لضمان الاستقرار أثناء الاستخدام والقلب.
عند اختيار الحلة القلابة لمطبخك الاحترافي، من المهم مراعاة عدة عوامل:
السعة
:
اختر الحجم الذي يتناسب مع حجم الإنتاج المطلوب.
مصدر الحرارة
:
تأكد من توافق القدر مع مصدر الحرارة المتاح (غاز، كهرباء)
آلية القلب
:
اختر الآلية التي تناسب احتياجاتك وميزانيتك.
الميزات الإضافية
:
حدد الميزات التي ستكون مفيدة لعمليات الطهي الخاصة بك.
جودة الاستانلس ستيل
:
تأكد من أن القدر مصنوع من استانلس ستيل عالي الجودة لضمان المتانة والسلامة الغذائية.
في الوستيل نوفر الحلة القلابة المصنعة من الاستانلس ستيل بطريقتي تشغيل ( غاز او كهرباء ) بسعة داخلية 80 لتر تضم شاسيه قوي مجهز للخدمة الشاقة بالاضافة الى حلة داخلية 2 مم و قاع سفلى 8 مم بغطاء و اكسسوارات مصنعة بالكامل من الاستانلس ستيل كما أن الحلة القلابة المصنعة داخل الوستيل معزولة حراريا من الجوانب ومن الاسفل بالصوف الصخرى عالى الكثافة و بها نظام قلاب يدوي للخدمة الشاقة وعند اختيارك للحلة القلابة التى تعمل بالكهرباء فانها تضم نظام تسخين مباشر للحلة عن طريق بطاريتين تسخين كهربى بقدرة 2.6 ك.وات صن وتحكم للحرارة لكل بطارية عن طريق ثرموستات ولمبات بيان حرارية واجهزة وقاية كاملة
المنتجات الجديدة
تقدم شركة الوستيل مجموعة متميزة من معدات الطبخ عالية الجودة للمطاعم والفنادق، تشمل المقالي العميقة المدمجة والمجموعات الكاملة. تُعد هذه المعدات أساسية لتعزيز الكفاءة والسمعة، حيث نقدم منتجات تتماشى مع أعلى معايير الجودة بأسعار تنافسية، مما يضمن نجاح مؤسستك في سوق تجهيزات المطاعم والمطابخ.
افران بيتزا حطب
أفران تعمل بالحطب حيث يتم طهي البيتزا باستخدام الخشب كمصدر أساسي للحرارة
عرض المزيد
شوايات حطب
تُعد الشوايات الخشبية إضافة مميزة لمطابخ المطاعم، حيث تقدم نكهة لا مثيل لها وتنوعاً كبيراً في الطهي. تستخدم هذه الشوايات...
عرض المزيد
شوايات دوارة مميزة
تعد الشوايات الدوارة من شركة الوستيل الخيار الأمثل للمطاعم والفنادق التي تسعى لتقديم أطباق مشوية عالية الجودة. بفضل تصميمها...
عرض المزيد
فرن بطاطس كومبير
فرن بطاطس كومبير
عرض المزيد
فرن عيش
فرن عيش
عرض المزيد
فرن تدخين
فرن تدخين
عرض المزيد
شواية فراخ كهرباء
شواية فراخ كهرباء
عرض المزيد
هل تبحث عن خدمات احترافية من اجل شركتك؟
تواصل معنا",9
https://alusteel.net/مقالات/المواقد-الكهربية,مقالات,المواقد الكهربية | الوستيل لتجهيزات المطابخ والفنادق والمطاعم,,الوستيل توفر مواقد كهربية 2 او 4 او 6 بلاطة المانية الصنع EGO  سواء كانت مستديرة او مربعة بقدرة تسخين 4 ك . وات المواقد مزودة بفرن حسب طلب العميل مصنعة بشاسيه قوي مجهز للخدمة الشاقة محملة على ارجل ضبط مستوي معزولة حراريا الصوف الصخرى المغلف بالصاج المجلفن بها حوامل جانبية للأرفف والصوانى على ثلاث مستويات كما تضم نظام تحكم كامل فى درجة الحرارة عن طريق مفتاح متعددة المراحل لكل بلاطة و لمبات بيان حرارى,"المواقد الكهربية
الرئيسية
مقالات
المواقد الكهربية
وصف المواقد الكهربية
تُعد المواقد الكهربائية المصنوعة من الفولاذ المقاوم للصدأ (الاستانلس ستيل) عصبًا حيويًا في المطابخ الفندقية والمطاعم، حيث تلعب دورًا محوريًا في إعداد مجموعة واسعة من الأطباق بكفاءة وموثوقية.
وذلك بفضل تصميمها المتين وميزاتها المتقدمة، أصبحت هذه المواقد خيارًا مفضلًا للطهاة المحترفين الذين يسعون لتحقيق أعلى معايير الجودة والأداء.
تقدم المواقد الكهربائية العديد من المزايا التي تجعلها خيارًا جذابًا للمؤسسات الغذائية الكبيرة:
تحكم دقيق في درجة الحرارة
:
توفر العناصر الكهربائية تحكمًا دقيقًا وفوريًا في درجة الحرارة، مما يتيح للطهاة ضبط الحرارة المطلوبة بدقة لتحقيق نتائج طهي مثالية لمختلف أنواع الأطعمة.
توزيع حرارة متساوٍ
:
تميل العناصر الكهربائية إلى توفير توزيع أكثر اتساقًا للحرارة على سطح الطهي مقارنة بالمواقد الغازية، مما يقلل من خطر وجود نقاط ساخنة أو باردة ويضمن طهيًا موحدًا.
سهولة التنظيف
:
يتميز سطح الموقد الكهربائي المصنوع من الاستانلس ستيل بأنه أملس وغير مسامي، مما يجعله سهل التنظيف والصيانة، وهو أمر بالغ الأهمية في البيئات التجارية التي تتطلب نظافة صارمة.
السلامة
:
تقلل المواقد الكهربائية من مخاطر تسرب الغاز واللهب المكشوف، مما يجعلها خيارًا أكثر أمانًا في المطابخ المزدحمة.
تنوع التصميم
:
تتوفر المواقد الكهربائية بتصاميم وأحجام متنوعة لتناسب مختلف تخطيطات المطابخ واحتياجات الطهي.
يوفر الفولاذ المقاوم للصدأ العديد من الخصائص التي تجعله الخيار الأمثل لتصنيع هياكل وأسطح المواقد الكهربائية المستخدمة في المطابخ الفندقية والمطاعم :
المتانة والصلابة
:
يتحمل الاستانلس ستيل الاستخدام المكثف والظروف القاسية في المطابخ التجارية، بما في ذلك درجات الحرارة العالية والانسكابات المتكررة والتنظيف القوي.
مقاومة الصدأ والتآكل
:
يضمن الاستانلس ستيل عدم تعرض الموقد للصدأ أو التآكل الناتج عن الرطوبة والأطعمة المختلفة والمنظفات الكيميائية المستخدمة في البيئات الاحترافية.
سهولة التنظيف والتعقيم
:
سطحه الأملس غير المسامي يجعل تنظيفه وتعقيمه أمرًا سهلاً وسريعًا، مما يساهم في الحفاظ على معايير النظافة والسلامة الغذائية العالية المطلوبة في المطابخ التجارية.
المظهر الاحترافي الأنيق
:
يضفي الاستانلس ستيل مظهرًا عصريًا واحترافيًا على المطبخ، مما يعكس جودة وكفاءة المؤسسة.
مقاومة البقع والخدوش
:
على الرغم من أنه ليس منيعًا تمامًا، إلا أن الاستانلس ستيل يتمتع بمقاومة جيدة للبقع والخدوش التي قد تحدث في بيئة المطبخ المزدحمة.
العمر الافتراضي الطويل
:
بفضل متانته ومقاومته للتآكل، يوفر الموقد الكهربائي المصنوع من الاستانلس ستيل استثمارًا طويل الأمد للمطبخ.
اعتبارات عند اختيار موقد كهربائي من الاستانلس ستيل لمطبخ فندقي أو مطعم
:
عدد وحجم أسطح التسخين
:
حدد عدد وحجم العناصر التي تحتاجها بناءً على حجم الإنتاج وأنواع الأطباق التي تقدمها.
قوة العناصر الكهربائية
:
اختر قوة مناسبة لضمان سرعة التسخين وكفاءة الطهي.
وجود فرن إذا لزم الأمر
:
حدد حجم ونوع الفرن المطلوب
ميزات التحكم
:
ابحث عن مواقد ذات عناصر تحكم دقيقة وسهلة الاستخدام.
السلامة
:
تأكد من أن الموقد يتوافق مع معايير السلامة المحلية والدولية.
سهولة التنظيف والصيانة
:
اختر تصميمًا يسهل تنظيفه وصيانته.
الميزانية
:
ضع في اعتبارك ميزانيتك عند اختيار الموقد، ولكن لا تضحي بالجودة والمتانة.
الوستيل توفر مواقد كهربية 2 او 4 او 6 بلاطة المانية الصنع EGO  سواء كانت مستديرة او مربعة بقدرة تسخين 4 ك . وات المواقد مزودة بفرن حسب طلب العميل مصنعة بشاسيه قوي مجهز للخدمة الشاقة محملة على ارجل ضبط مستوي معزولة حراريا الصوف الصخرى المغلف بالصاج المجلفن بها حوامل جانبية للأرفف والصوانى على ثلاث مستويات كما تضم نظام تحكم كامل فى درجة الحرارة عن طريق مفتاح متعددة المراحل لكل بلاطة و لمبات بيان حرارى
المنتجات الجديدة
تقدم شركة الوستيل مجموعة متميزة من معدات الطبخ عالية الجودة للمطاعم والفنادق، تشمل المقالي العميقة المدمجة والمجموعات الكاملة. تُعد هذه المعدات أساسية لتعزيز الكفاءة والسمعة، حيث نقدم منتجات تتماشى مع أعلى معايير الجودة بأسعار تنافسية، مما يضمن نجاح مؤسستك في سوق تجهيزات المطاعم والمطابخ.
افران بيتزا حطب
أفران تعمل بالحطب حيث يتم طهي البيتزا باستخدام الخشب كمصدر أساسي للحرارة
عرض المزيد
شوايات حطب
تُعد الشوايات الخشبية إضافة مميزة لمطابخ المطاعم، حيث تقدم نكهة لا مثيل لها وتنوعاً كبيراً في الطهي. تستخدم هذه الشوايات...
عرض المزيد
شوايات دوارة مميزة
تعد الشوايات الدوارة من شركة الوستيل الخيار الأمثل للمطاعم والفنادق التي تسعى لتقديم أطباق مشوية عالية الجودة. بفضل تصميمها...
عرض المزيد
فرن بطاطس كومبير
فرن بطاطس كومبير
عرض المزيد
فرن عيش
فرن عيش
عرض المزيد
فرن تدخين
فرن تدخين
عرض المزيد
شواية فراخ كهرباء
شواية فراخ كهرباء
عرض المزيد
هل تبحث عن خدمات احترافية من اجل شركتك؟
تواصل معنا",13
https://alusteel.net/مقالات/البوتجازات-الغاز,مقالات,البوتجازات الغاز | الوستيل لتجهيزات المطابخ والفنادق والمطاعم,,"فى الوستيل نقدم بوتجازات من الغاز مصنعة بالكامل من الاستانلس ستيل تضم 2 , 4 , 6 شعلة بشاسيه قوي مجهز للخدمة الشاقة محملة على ارجل ضبط مستوي بالاضافة الى نظام اشعال ذاتي بمفاتيح ايطالية الصنع مع امكانية تصنيع البوتجاز مزود بفرن حسب طلب العميل يحتوي على ثلاثة مستويات للأرفف الداخلية بالفرن","البوتجازات الغاز
الرئيسية
مقالات
البوتجازات الغاز
وصف البوتجازات الغاز
تظل البوتاجازات الغاز المصنوعة من الفولاذ المقاوم للصدأ (الاستانلس ستيل) خيارًا شائعًا ومرغوبًا في المطابخ الفندقية والمطاعم، حيث توفر قوة اللهب الفورية والتحكم المرن الذي يفضله العديد من الطهاة المحترفين.
بفضل تصميمها المتين وقدرتها على تحمل الاستخدام المكثف، تعتبر هذه البوتاجازات أداة أساسية لتحقيق كفاءة عالية وجودة استثنائية في إعداد الطعام.
تقدم البوتاجازات الغاز العديد من المزايا التي تجعلها خيارًا جذابًا للمؤسسات الغذائية الكبيرة:
تحكم فوري وسريع في درجة الحرارة
:
يوفر اللهب تحكمًا مباشرًا وفوريًا في درجة الحرارة، مما يسمح للطهاة بضبط الحرارة بسرعة ودقة لتناسب متطلبات الطهي المختلفة.
توزيع حرارة قوي وفعال
:
يوفر اللهب توزيعًا قويًا للحرارة على قاعدة الأواني، مما يجعله مثاليًا للقلي السريع والتحمير والطهي بكميات كبيرة.
توافق مع جميع أنواع الأواني
:
تعمل البوتاجازات الغازية مع جميع أنواع أواني الطهي بغض النظر عن مادة صنعها.
لا تتطلب كهرباء للتشغيل في حال انقطاعها
:
في حال انقطاع التيار الكهربائي، يمكن الاستمرار في الطهي باستخدام الغاز، مما يوفر مرونة أكبر في حالات الطوارئ.
مظهر احترافي وكلاسيكي
:
يفضل العديد من الطهاة مظهر اللهب المكشوف الذي يضفي طابعًا احترافيًا على المطبخ.
يوفر الاستانلس ستيل العديد من الخصائص الهامة التي تجعله الخيار الأمثل لتصنيع هياكل وأسطح البوتاجازات الغاز المستخدمة في المطابخ الفندقية والمطاعم:
المتانة والصلابة الصناعية
:
يتحمل الاستانلس ستيل الاستخدام المكثف والظروف القاسية في المطابخ التجارية، بما في ذلك درجات الحرارة العالية والانسكابات المتكررة والتنظيف القوي.
مقاومة الصدأ والتآكل
:
يضمن الاستانلس ستيل عدم تعرض البوتاجاز للصدأ أو التآكل الناتج عن الرطوبة والأطعمة المختلفة والمنتجات الثانوية للاحتراق والمنظفات الكيميائية المستخدمة في البيئات الاحترافية.
سهولة التنظيف والصيانة
:
سطحه الأملس غير المسامي يجعل تنظيفه وتعقيمه أمرًا سهلاً وسريعًا، مما يساهم في الحفاظ على معايير النظافة والسلامة الغذائية العالية المطلوبة في المطابخ التجارية.
المظهر الاحترافي الأنيق
:
يضفي الاستانلس ستيل مظهرًا عصريًا واحترافيًا على المطبخ، مما يعكس جودة وكفاءة المؤسسة.
مقاومة البقع والحرارة
:
يتمتع الاستانلس ستيل بمقاومة جيدة للبقع وتغير اللون الناتج عن الحرارة العالية واللهب.
العمر الافتراضي الطويل
:
بفضل متانته ومقاومته للتآكل، يوفر البوتاجاز الغاز المصنوع من الاستانلس ستيل استثمارًا طويل الأمد للمطبخ.
فى الوستيل نقدم بوتجازات من الغاز مصنعة بالكامل من الاستانلس ستيل تضم 2 , 4 , 6 شعلة بشاسيه قوي مجهز للخدمة الشاقة محملة على ارجل ضبط مستوي بالاضافة الى نظام اشعال ذاتي بمفاتيح ايطالية الصنع مع امكانية تصنيع البوتجاز مزود بفرن حسب طلب العميل يحتوي على ثلاثة مستويات للأرفف الداخلية بالفرن
المنتجات الجديدة
تقدم شركة الوستيل مجموعة متميزة من معدات الطبخ عالية الجودة للمطاعم والفنادق، تشمل المقالي العميقة المدمجة والمجموعات الكاملة. تُعد هذه المعدات أساسية لتعزيز الكفاءة والسمعة، حيث نقدم منتجات تتماشى مع أعلى معايير الجودة بأسعار تنافسية، مما يضمن نجاح مؤسستك في سوق تجهيزات المطاعم والمطابخ.
افران بيتزا حطب
أفران تعمل بالحطب حيث يتم طهي البيتزا باستخدام الخشب كمصدر أساسي للحرارة
عرض المزيد
شوايات حطب
تُعد الشوايات الخشبية إضافة مميزة لمطابخ المطاعم، حيث تقدم نكهة لا مثيل لها وتنوعاً كبيراً في الطهي. تستخدم هذه الشوايات...
عرض المزيد
شوايات دوارة مميزة
تعد الشوايات الدوارة من شركة الوستيل الخيار الأمثل للمطاعم والفنادق التي تسعى لتقديم أطباق مشوية عالية الجودة. بفضل تصميمها...
عرض المزيد
فرن بطاطس كومبير
فرن بطاطس كومبير
عرض المزيد
فرن عيش
فرن عيش
عرض المزيد
فرن تدخين
فرن تدخين
عرض المزيد
شواية فراخ كهرباء
شواية فراخ كهرباء
عرض المزيد
هل تبحث عن خدمات احترافية من اجل شركتك؟
تواصل معنا",13
https://alusteel.net/مقالات/القلايات,مقالات,القلايات | الوستيل لتجهيزات المطابخ والفنادق والمطاعم,,فى الوستيل نوفر قلايات تعمل بالغاز او الكهرباء مصنعة بالكامل من الاستانلس ستيل تحتوي على 1 و 2 و 3 عين بشاسيه قوي مجهز للخدمة الشاقة و محملة على ارجل ضبط مستوى بها احواض مزودة بمحبس سفلى لتفريغ الزيت بها نظام قلاب لمجموعة التسخين والكهرباء لتسهيل مهمة تنظيف الاحواض و عند اختيارك قلاية الوستيل الكهربائية فانها تعمل ببطاريات تسخين كهربى بقدرة 7.5 ك. وات للعين الواحدة مع وجود نظام تحكم حرارى لحوض القلى عن طريق ثرموستات 50/180 درجة,"القلايات
الرئيسية
مقالات
القلايات
وصف القلايات
تُعد القلايات المصنوعة من الفولاذ المقاوم للصدأ (الاستانلس ستيل)، سواء كانت تعمل بالغاز أو الكهرباء، من المعدات الأساسية في المطابخ الفندقية والمطاعم.
فهي تلعب دورًا حيويًا في إعداد مجموعة واسعة من الأطباق المقرمشة واللذيذة بسرعة وكفاءة عالية، مما يجعلها عصبًا رئيسيًا للإنتاجية والجودة في هذه المؤسسات.
تلبي القلايات احتياجات أساسية في المطابخ التجارية، حيث تسمح بإعداد:
المقبلات والأطباق الجانبية المقرمشة
:
مثل البطاطس المقلية، حلقات البصل، أصابع الدجاج، والسمبوسك.
الأطباق الرئيسية المقلية
:
مثل الدجاج المقلي، الأسماك المقلية، وشرائح اللحم.
الحلويات المقلية
:
مثل الدوناتس والزلابية.
الأطعمة المغطاة بالبقسماط
:
التي تتطلب قليًا عميقًا للحصول على قوام مثالي.
يوفر الاستانلس ستيل العديد من المزايا الهامة التي تجعله المادة المفضلة لتصنيع هياكل وأحواض القلايات المستخدمة في المطابخ الفندقية والمطاعم :
المتانة والصلابة الصناعية
:
يتحمل الاستانلس ستيل الاستخدام المكثف والظروف القاسية في المطابخ التجارية، بما في ذلك درجات الحرارة العالية والتعرض المستمر للزيت والمنظفات القوية.
مقاومة الصدأ والتآكل
:
يضمن الاستانلس ستيل عدم تعرض القلاية للصدأ أو التآكل الناتج عن الزيوت والأطعمة المختلفة والمنظفات الكيميائية المستخدمة في البيئات الاحترافية.
سهولة التنظيف والصيانة
:
سطحه الأملس غير المسامي يجعل تنظيفه وتعقيمه أمرًا سهلاً وسريعًا، مما يساهم في الحفاظ على معايير النظافة والسلامة الغذائية العالية المطلوبة في المطابخ التجارية.
مقاومة الحرارة والبقع
:
يتمتع الاستانلس ستيل بمقاومة جيدة لدرجات الحرارة العالية والبقع الناتجة عن الزيوت المحترقة.
العمر الافتراضي الطويل
:
بفضل متانته ومقاومته للتآكل، توفر القلاية المصنوعة من الاستانلس ستيل استثمارًا طويل الأمد للمطبخ.
القلايات التي تعمل بالغاز
:
المزايا
:
تسخين أسرع
:
تصل إلى درجة حرارة القلي المطلوبة بسرعة أكبر.
استجابة أسرع لتغيرات درجة الحرارة
:
تسمح بضبط درجة الحرارة بدقة وسرعة.
تكلفة تشغيل أقل :
قد يكون الغاز أقل تكلفة من الكهرباء في بعض الأحيان.
قوة حرارية أعلى
:
مناسبة لقلي كميات كبيرة من الطعام بسرعة.
القلايات الكهربائية
:
المزايا
:
تكلفة أولية أقل
:
عادة ما تكون أقل تكلفة في الشراء.
تركيب أسهل
:
تتطلب فقط توصيلًا كهربائيًا.
تحكم دقيق في درجة الحرارة
:
توفر ثباتًا ممتازًا في درجة حرارة الزيت.
أكثر أمانًا
:
لا يوجد لهب مكشوف.
عند اختيار قلاية لمطبخك التجاري، من المهم مراعاة عدة عوامل:
حجم الإنتاج
:
حدد حجم حوض القلي وعدد الأحواض التي تحتاجها بناءً على حجم الطلب.
نوع مصدر الطاقة (غاز أو كهرباء ) :
قم بتقييم تكلفة التشغيل والبنية التحتية المتاحة في مطبخك.
ميزات التحكم في درجة الحرارة
:
ابحث عن قلايات ذات ترموستات دقيق وسهل الاستخدام.
نظام تصفية الزيت
:
تعتبر أنظمة تصفية الزيت المدمجة أو الخارجية ضرورية لإطالة عمر الزيت وتحسين جودة الطعام.
مناطق القلي المنفصلة
(Split Tanks):
تسمح بقلي أنواع مختلفة من الطعام في نفس الوقت دون اختلاط النكهات.
ميزات السلامة
:
تأكد من وجود ميزات مثل حماية من الحرارة الزائدة وصمامات إغلاق أوتوماتيكية.
سهولة التنظيف والصيانة
:
اختر تصميمًا يسهل تنظيفه وتصفيته.
الميزانية
:
ضع في اعتبارك ميزانيتك عند اختيار القلاية، ولكن لا تضحي بالجودة والمتانة والميزات الأساسية.
فى الوستيل نوفر قلايات تعمل بالغاز او الكهرباء مصنعة بالكامل من الاستانلس ستيل تحتوي على 1 و 2 و 3 عين بشاسيه قوي مجهز للخدمة الشاقة و محملة على ارجل ضبط مستوى بها احواض مزودة بمحبس سفلى لتفريغ الزيت بها نظام قلاب لمجموعة التسخين والكهرباء لتسهيل مهمة تنظيف الاحواض و عند اختيارك قلاية الوستيل الكهربائية فانها تعمل ببطاريات تسخين كهربى بقدرة 7.5 ك. وات للعين الواحدة مع وجود نظام تحكم حرارى لحوض القلى عن طريق ثرموستات 50/180 درجة
المنتجات الجديدة
تقدم شركة الوستيل مجموعة متميزة من معدات الطبخ عالية الجودة للمطاعم والفنادق، تشمل المقالي العميقة المدمجة والمجموعات الكاملة. تُعد هذه المعدات أساسية لتعزيز الكفاءة والسمعة، حيث نقدم منتجات تتماشى مع أعلى معايير الجودة بأسعار تنافسية، مما يضمن نجاح مؤسستك في سوق تجهيزات المطاعم والمطابخ.
افران بيتزا حطب
أفران تعمل بالحطب حيث يتم طهي البيتزا باستخدام الخشب كمصدر أساسي للحرارة
عرض المزيد
شوايات حطب
تُعد الشوايات الخشبية إضافة مميزة لمطابخ المطاعم، حيث تقدم نكهة لا مثيل لها وتنوعاً كبيراً في الطهي. تستخدم هذه الشوايات...
عرض المزيد
شوايات دوارة مميزة
تعد الشوايات الدوارة من شركة الوستيل الخيار الأمثل للمطاعم والفنادق التي تسعى لتقديم أطباق مشوية عالية الجودة. بفضل تصميمها...
عرض المزيد
فرن بطاطس كومبير
فرن بطاطس كومبير
عرض المزيد
فرن عيش
فرن عيش
عرض المزيد
فرن تدخين
فرن تدخين
عرض المزيد
شواية فراخ كهرباء
شواية فراخ كهرباء
عرض المزيد
هل تبحث عن خدمات احترافية من اجل شركتك؟
تواصل معنا",10
https://alusteel.net/مقالات/الجريل,مقالات,الجريل | الوستيل لتجهيزات المطابخ والفنادق والمطاعم,,فى الوستيل نوفر شواية جريل بشاسيه قوي مجهز للخدمة الشاقة مصنع بالكامل من الاستانلس ستيل يمكن ان يضم بلاطة مستوية او مضلعة للشوي به رف سفلى مصنوع من الاستانلس ستيل سمك 1.2 مم معزول حراريا بالصوف الصخرى عالى الكثافة به 4 ارجل ضبط مستوى للخدمة الشاقة,"الجريل
الرئيسية
مقالات
الجريل
وصف الجريل
تُعد الجريلات المصنوعة من الفولاذ المقاوم للصدأ (الاستانلس ستيل) أداة طهي متعددة الاستخدامات تضفي لمسة احترافية ونكهة مميزة على مجموعة متنوعة من الأطعمة.
سواء كنت طاهيًا منزليًا شغوفًا أو تدير مطبخًا تجاريًا مزدحمًا، فإن الجريل المصنوع من الاستانلس ستيل يوفر متانة وأداءً استثنائيين لتحقيق نتائج شواء مثالية.
يوفر الجريل طريقة طهي فريدة تمنح الأطعمة:
علامات شواء مميزة
:
تخلق القضبان الساخنة خطوطًا بنية جذابة تضيف مظهرًا شهيًا.
نكهة مدخنة خفيفة
:
ينتج عن احتراق الدهون المتساقطة نكهة دخانية مميزة تعزز طعم الطعام.
دهون أقل
:
تسمح فتحات التصريف بتساقط الدهون الزائدة أثناء الطهي، مما يجعل الطعام أكثر صحية.
تنوع الاستخدامات
:
يمكن استخدامه لشواء اللحوم والدواجن والأسماك والخضروات وحتى الفواكه.
يوفر الاستانلس ستيل العديد من المزايا التي تجعله المادة المثالية لتصنيع الجريلات:
المتانة والصلابة
:
يتحمل الاستانلس ستيل درجات الحرارة العالية والاستخدام المتكرر دون أن يصدأ أو يتآكل أو يفقد شكله.
مقاومة الصدأ والتآكل
:
طبيعة الاستانلس ستيل غير المسامية تجعله مقاومًا للصدأ والبقع وتفاعلات الطعام المختلفة.
توزيع حرارة جيد
:
يوزع الاستانلس ستيل الحرارة بشكل متساوٍ على سطح الشواء، مما يضمن طهيًا موحدًا للأطعمة غالبًا ما تأتي الجريلات عالية الجودة بقاعدة سميكة لتعزيز توزيع الحرارة.
سهولة التنظيف
:
سطح الاستانلس ستيل الأملس غير مسامي، مما يجعل تنظيف بقايا الطعام والدهون أمرًا سهلاً.
السلامة الغذائية
:
الاستانلس ستيل مادة خاملة لا تتفاعل مع الطعام، مما يضمن عدم تسرب أي مواد ضارة إلى وجباتك.
مظهر احترافي وأنيق
:
يضفي الاستانلس ستيل مظهرًا عصريًا ولامعًا على أداة الطهي.
نصائح لاستخدام جريل الاستانلس ستيل والعناية به
:
تسخين الجريل بشكل صحيح
:
سخّن الجريل مسبقًا على درجة حرارة متوسطة إلى عالية قبل وضع الطعام.
وضع الزيت
:
قم بوضع الزيت على بلاطة الشوى قليلًا لمنع التصاق الطعام.
لا تفرط في تقليب الطعام
:
اتركه ليشوى جيدًا ليحصل على علامات الشواء المميزة.
استخدم أدوات مناسبة
:
استخدم ملاقط وملاعق مسطحة مصنوعة من السيليكون أو الاستانلس ستيل لتجنب خدش السطح.
نظف الجريل بعد كل استخدام
:
قم بإزالة بقايا الطعام باستخدام فرشاة معدنية أو مكشطة مخصصة للجريل.
تنظيف عميق دوري
:
نظف الجريل بعمق باستخدام منظف خاص بالاستانلس ستيل لإزالة الدهون المتراكمة والحفاظ على مظهره.
تجنب استخدام المواد الكاشطة
:
يمكن أن تخدش المواد الكاشطة سطح الاستانلس ستيل.
فى الوستيل نوفر شواية جريل بشاسيه قوي مجهز للخدمة الشاقة مصنع بالكامل من الاستانلس ستيل يمكن ان يضم بلاطة مستوية او مضلعة للشوي به رف سفلى مصنوع من الاستانلس ستيل سمك 1.2 مم معزول حراريا بالصوف الصخرى عالى الكثافة به 4 ارجل ضبط مستوى للخدمة الشاقة
المنتجات الجديدة
تقدم شركة الوستيل مجموعة متميزة من معدات الطبخ عالية الجودة للمطاعم والفنادق، تشمل المقالي العميقة المدمجة والمجموعات الكاملة. تُعد هذه المعدات أساسية لتعزيز الكفاءة والسمعة، حيث نقدم منتجات تتماشى مع أعلى معايير الجودة بأسعار تنافسية، مما يضمن نجاح مؤسستك في سوق تجهيزات المطاعم والمطابخ.
افران بيتزا حطب
أفران تعمل بالحطب حيث يتم طهي البيتزا باستخدام الخشب كمصدر أساسي للحرارة
عرض المزيد
شوايات حطب
تُعد الشوايات الخشبية إضافة مميزة لمطابخ المطاعم، حيث تقدم نكهة لا مثيل لها وتنوعاً كبيراً في الطهي. تستخدم هذه الشوايات...
عرض المزيد
شوايات دوارة مميزة
تعد الشوايات الدوارة من شركة الوستيل الخيار الأمثل للمطاعم والفنادق التي تسعى لتقديم أطباق مشوية عالية الجودة. بفضل تصميمها...
عرض المزيد
فرن بطاطس كومبير
فرن بطاطس كومبير
عرض المزيد
فرن عيش
فرن عيش
عرض المزيد
فرن تدخين
فرن تدخين
عرض المزيد
شواية فراخ كهرباء
شواية فراخ كهرباء
عرض المزيد
هل تبحث عن خدمات احترافية من اجل شركتك؟
تواصل معنا",11
https://alusteel.net/مقالات/باستا-كوكر,مقالات,باستا كوكر | الوستيل لتجهيزات المطابخ والفنادق والمطاعم,,فى الوستيل نوفر باستا كوكر بمصافى لطهى المكرونة تعمل بالكهرباء بكابينة مفتوحة عن طريق التسخين ببطاريات ذات تصميم خاص بقدرة 4 ك. وات للعين الواحدة بالاضافة لوجود نظام تحكم فى الحرارة لحوض القلى عن طريق ثرموستات 50/180 درجة و تورد الوستيل مع كل حوض قلى عدد 2 باسكت مغ الغطاء من الاستانلس استيل,"باستا كوكر
الرئيسية
مقالات
باستا كوكر
وصف باستا كوكر
يُعد جهاز طهي الباستا (الباستا كوكر) المصنوع من الفولاذ المقاوم للصدأ (الاستانلس ستيل) قطعة أساسية في المطابخ الفندقية والمطاعم المتخصصة في تقديم أطباق الباستا فهو مصمم خصيصًا لطهي كميات كبيرة من الباستا بدقة وكفاءة، مما يضمن الحصول على نتائج مثالية في كل مرة ويساهم في تبسيط سير العمل في المطبخ.
يوفر جهاز طهي الباستا العديد من المزايا التي تجعله لا غنى عنه في المطابخ التي تقدم الباستا بانتظام:
طهي متسق وموحد
:
يضمن التحكم الدقيق في درجة حرارة الماء ووقت الطهي الحصول على باستا مطبوخة بشكل مثالي  في كل مرة.
كفاءة في استخدام المياه والطاقة
:
تم تصميم معظم أجهزة طهي الباستا لتسخين كمية محددة من الماء بسرعة والحفاظ على درجة حرارتها بكفاءة.
إنتاجية عالية
:
يسمح بطهي كميات كبيرة من الباستا في وقت واحد، مما يلبي متطلبات الخدمة السريعة في المطاعم المزدحمة.
سهولة الاستخدام
:
تتميز بواجهات تحكم بسيطة ومباشرة، مما يسهل على الطهاة تشغيلها ومراقبة عملية الطهي.
السلامة
:
غالبًا ما تكون مزودة بميزات أمان مثل الحماية من ارتفاع درجة الحرارة.
يوفر الاستانلس ستيل العديد من الخصائص الهامة التي تجعله المادة المفضلة لتصنيع أجهزة طهي الباستا المستخدمة في المطابخ الاحترافية:
المتانة والصلابة الصناعية
:
يتحمل الاستانلس ستيل الاستخدام المكثف والظروف القاسية في المطابخ التجارية، بما في ذلك درجات الحرارة العالية والتعرض المستمر للماء والبخار والمنظفات القوية.
مقاومة الصدأ والتآكل
:
يضمن الاستانلس ستيل عدم تعرض الجهاز للصدأ أو التآكل الناتج عن الماء والأملاح والمعادن الموجودة فيه، بالإضافة إلى المنظفات الكيميائية المستخدمة في البيئات الاحترافية.
سهولة التنظيف والصيانة
:
سطحه الأملس غير المسامي يجعل تنظيفه وتعقيمه أمرًا سهلاً وسريعًا، مما يساهم في الحفاظ على معايير النظافة والسلامة الغذائية العالية المطلوبة في المطابخ التجارية.
مقاومة البقع وتغير اللون
:
يتمتع الاستانلس ستيل بمقاومة جيدة للبقع وتغير اللون الناتج عن الاستخدام المتكرر والتعرض للحرارة.
العمر الافتراضي الطويل
:
بفضل متانته ومقاومته للتآكل، يوفر جهاز طهي الباستا المصنوع من الاستانلس ستيل استثمارًا طويل الأمد للمطبخ.
ميزات أساسية في أجهزة طهي الباستا المصنوعة من الاستانلس ستيل:
حوض أو أحواض متعددة
:
تسمح بطهي أنواع مختلفة من الباستا في نفس الوقت أو طهي كميات كبيرة من نوع واحد.
سلال باستا قابلة للإزالة
:
مصنوعة غالبًا من الاستانلس ستيل المثقب، لتسهيل وضع الباستا ورفعها من الماء.
عناصر تسخين قوية (غاز أو كهرباء
:
( لتسخين الماء بسرعة والحفاظ على درجة حرارته.
ثرموستات دقيق
:
للتحكم الدقيق في درجة حرارة الماء.
مؤقتات قابلة للضبط
:
لضمان طهي الباستا للمدة المثالية.
صنبور لتعبئة وتصريف المياه
:
لتسهيل ملء الحوض وتفريغه.
حماية من ارتفاع درجة الحرارة
:
لضمان السلامة.
تصميم متين وقواعد ثابتة
:
لتحمل الاستخدام اليومي في البيئات التجارية.
عند اختيار جهاز طهي الباستا لمطبخك الاحترافي، من المهم مراعاة عدة عوامل:
حجم الإنتاج المطلوب
:
حدد عدد الأحواض وحجمها بناءً على حجم الطلب على أطباق الباستا.
مصدر الطاقة (غاز أو كهرباء ) :
قم بتقييم تكلفة التشغيل والبنية التحتية المتاحة في مطبخك.
الميزات المطلوبة
:
حدد الميزات التي تحتاجها مثل عدد المؤقتات، ونظام التصريف، وغيرها.
سهولة الاستخدام والتنظيف
:
اختر جهازًا يتميز بواجهة تحكم بسيطة وتصميم يسهل تنظيفه وصيانته.
المساحة المتاحة في المطبخ
:
تأكد من أن حجم الجهاز يتناسب مع المساحة المخصصة له.
الميزانية
:
ضع في اعتبارك ميزانيتك عند اختيار الجهاز، ولكن لا تضحي بالجودة والمتانة والميزات الأساسية.
فى الوستيل نوفر باستا كوكر بمصافى لطهى المكرونة تعمل بالكهرباء بكابينة مفتوحة عن طريق التسخين ببطاريات ذات تصميم خاص بقدرة 4 ك. وات للعين الواحدة بالاضافة لوجود نظام تحكم فى الحرارة لحوض القلى عن طريق ثرموستات 50/180 درجة و تورد الوستيل مع كل حوض قلى عدد 2 باسكت مغ الغطاء من الاستانلس استيل
المنتجات الجديدة
تقدم شركة الوستيل مجموعة متميزة من معدات الطبخ عالية الجودة للمطاعم والفنادق، تشمل المقالي العميقة المدمجة والمجموعات الكاملة. تُعد هذه المعدات أساسية لتعزيز الكفاءة والسمعة، حيث نقدم منتجات تتماشى مع أعلى معايير الجودة بأسعار تنافسية، مما يضمن نجاح مؤسستك في سوق تجهيزات المطاعم والمطابخ.
افران بيتزا حطب
أفران تعمل بالحطب حيث يتم طهي البيتزا باستخدام الخشب كمصدر أساسي للحرارة
عرض المزيد
شوايات حطب
تُعد الشوايات الخشبية إضافة مميزة لمطابخ المطاعم، حيث تقدم نكهة لا مثيل لها وتنوعاً كبيراً في الطهي. تستخدم هذه الشوايات...
عرض المزيد
شوايات دوارة مميزة
تعد الشوايات الدوارة من شركة الوستيل الخيار الأمثل للمطاعم والفنادق التي تسعى لتقديم أطباق مشوية عالية الجودة. بفضل تصميمها...
عرض المزيد
فرن بطاطس كومبير
فرن بطاطس كومبير
عرض المزيد
فرن عيش
فرن عيش
عرض المزيد
فرن تدخين
فرن تدخين
عرض المزيد
شواية فراخ كهرباء
شواية فراخ كهرباء
عرض المزيد
هل تبحث عن خدمات احترافية من اجل شركتك؟
تواصل معنا",9
https://alusteel.net/مقالات/أفران-البيتزا-الحجرية-المصنوعة-من-الاستانلس-ستيل-مزيج-من-الأصالة-والمتانة-للمطابخ-الفندقية-والمطاعم,مقالات,أفران البيتزا الحجرية المصنوعة من الاستانلس ستيل مزيج من الأصالة والمتانة للمطابخ الفندقية والمطاعم | الوستيل لتجهيزات المطابخ والفنادق والمطاعم,,"فى الوستيل نقدم افران بيتزا حجرية محملة على شاسيه من الاستانلس ستيل مثبت على عجل 6 بوصة للخدمة الشاقة برف سفلى من الاسفل مع انواع مختلفة فى اعداد سعة البيتزا من الداخل و معزول خارجيا بعدد 2 طبقة عزل سمك 15 سم مع سلك والواح صوف صخرى و يتم التسخين عن طريق 2 شعلة ممتدين على جانبي الفرن من الداخل وشعلة اسفل البلاطة و نظام تحكم فى مستوي الشعلات بمفاتيح غاز , ارضية البلاطة حرارية او صاج حسب طلب العميل , والفرن مبطن داخليا الطوب الحرارى والجسم الخارجى للفرن مغطي بطبقة من الجرانيت الملون الوستيل توفر فرن البيتزا الحجرى بدور واحد او 2 دور .","أفران البيتزا الحجرية المصنوعة من الاستانلس ستيل مزيج من الأصالة والمتانة للمطابخ الفندقية والمطاعم
الرئيسية
مقالات
أفران البيتزا الحجرية المصنوعة من الاستانلس ستيل مزيج من الأصالة والمتانة للمطابخ الفندقية والمطاعم
وصف أفران البيتزا الحجرية المصنوعة من الاستانلس ستيل مزيج من الأصالة والمتانة للمطابخ الفندقية والمطاعم
تعتبر البيتزا من الأطباق المحبوبة عالميًا، وسر مذاقها الأصيل غالبًا ما يكمن في طريقة خبزها التقليدية في الأفران الحجرية.
اليوم، تجمع أفران البيتزا الحجرية المصنوعة من الاستانلس ستيل بين سحر الخبز التقليدي ومتانة وعصرية الفولاذ المقاوم للصدأ، لتقدم حلاً مثاليًا للمطاعم الفندقية والمطابخ التي تسعى لتقديم بيتزا ذات جودة استثنائية بكفاءة عالية.
سحر صناعة البيتزا في الفرن الحجري
:
لطالما ارتبط الفرن الحجري بتحضير البيتزا المثالية حيث تعمل الأحجار الطبيعية المستخدمة في بناء هذه الأفران على امتصاص وتوزيع الحرارة بشكل متساوٍ، مما يضمن نضج العجينة بشكل مثالي وحصولها على قوام مقرمش من الخارج وطري من الداخل.
كما تساهم حرارة الأحجار العالية في طهي البيتزا بسرعة، مما يحافظ على نكهة المكونات الطازجة وعصارتها.
لماذا الاستانلس ستيل؟
إضافة الاستانلس ستيل إلى تصميم أفران البيتزا الحجرية يمنحها العديد من المزايا التي تجعلها خيارًا جذابًا للمطابخ التجارية:
المتانة وطول العمر
:
يتميز الاستانلس ستيل بمقاومته العالية للحرارة والتآكل والصدأ، مما يضمن عمرًا افتراضيًا طويلاً للفرن حتى في ظل الاستخدام المكثف ودرجات الحرارة العالية.
النظافة وسهولة الصيانة
:
سطح الاستانلس ستيل غير المسامي سهل التنظيف والصيانة، مما يجعله خيارًا صحيًا وآمنًا في بيئات المطابخ التي تتطلب أعلى معايير النظافة.
الكفاءة الحرارية
:
يساعد الغلاف الخارجي المصنوع من الاستانلس ستيل في الحفاظ على الحرارة داخل الفرن وتقليل فقدها، مما يساهم في كفاءة استهلاك الطاقة وتسريع عملية الخبز.
المظهر الاحترافي
:
يضفي الاستانلس ستيل مظهرًا عصريًا وأنيقًا على الفرن، مما يعكس مستوى عالٍ من الجودة والاحترافية في المطبخ.
الوزن الأخف
:
مقارنة بالأفران الحجرية التقليدية المصنوعة بالكامل من الطوب، فإن استخدام الاستانلس ستيل في الهيكل الخارجي يقلل من وزن الفرن، مما يسهل عملية التركيب والنقل في بعض الحالات.
مزايا أفران البيتزا الحجرية المصنوعة من الاستانلس ستيل للمطابخ الفندقية والمطاعم
:
جودة بيتزا استثنائية
:
توفر تجربة صناعة البيتزا التقليدية في الفرن الحجري بيتزا ذات مذاق وقوام لا يضاهى، مما يساهم في تميز قائمة الطعام ورضا العملاء.
سرعة الطهي
:
تتيح الحرارة العالية للأحجار طهي البيتزا في غضون دقائق معدودة، مما يزيد من كفاءة الخدمة في أوقات الذروة.
تعدد الاستخدامات
:
بالإضافة إلى البيتزا، يمكن استخدام هذه الأفران لخبز مجموعة متنوعة من الأطعمة الأخرى مثل الخبز والمعجنات والخضروات المشوية واللحوم، مما يزيد من قيمتها في المطبخ.
الموثوقية والمتانة
:
يضمن هيكل الاستانلس ستيل المتين أداءً موثوقًا به على المدى الطويل وتقليل تكاليف الصيانة والاستبدال.
تعزيز المظهر العام للمطبخ
:
يضيف التصميم الأنيق للاستانلس ستيل لمسة عصرية واحترافية إلى المطبخ المفتوح أو منطقة التحضير المرئية للزبائن.
اعتبارات عند اختيار فرن بيتزا حجري من الاستانلس ستيل
:
عند اختيار فرن بيتزا حجري مصنوع من الاستانلس ستيل لمطبخك، يجب مراعاة عدة عوامل:
الحجم والسعة
:
اختر الحجم الذي يتناسب مع حجم الإنتاج المتوقع والمساحة المتاحة في المطبخ. تتوفر أفران بأحجام مختلفة تتسع لعدد متفاوت من البيتزا في المرة الواحدة.
نوع الوقود
:
تتوفر أفران تعمل بالغاز أو الكهرباء أو الحطب يجب اختيار النوع الذي يتناسب مع البنية التحتية للمطبخ وتفضيلات الطاهي.
سمك وجودة الحجر
:
يؤثر سمك ونوع الحجر المستخدم في الفرن على قدرته على الاحتفاظ بالحرارة وتوزيعها بشكل متساوٍ.
نظام التحكم في درجة الحرارة
:
تأكد من وجود نظام تحكم دقيق في درجة الحرارة لضمان الحصول على نتائج خبز مثالية.
الميزات الإضافية
:
بعض الأفران تأتي بميزات إضافية مثل الإضاءة الداخلية، ومؤقتات، وأنظمة تهوية متقدمة.
الخلاصة
:
تمثل أفران البيتزا الحجرية المصنوعة من الاستانلس ستيل مزيجًا مثاليًا من التقاليد والابتكار، حيث تجمع بين جودة الخبز الأصيل في الفرن الحجري ومتانة وكفاءة الاستانلس ستيل.
إنها استثمار قيم للمطاعم الفندقية والمطابخ التي تسعى لتقديم بيتزا عالية الجودة بكفاءة وموثوقية، مع إضافة لمسة من الأناقة الاحترافية إلى بيئة العمل.
باختيار الفرن المناسب، يمكن للمنشآت الارتقاء بتجربة تناول الطعام لزبائنها وتقديم بيتزا لا تُنسى.
فى الوستيل نقدم افران بيتزا حجرية محملة على شاسيه من الاستانلس ستيل مثبت على عجل 6 بوصة للخدمة الشاقة برف سفلى من الاسفل مع انواع مختلفة فى اعداد سعة البيتزا من الداخل و معزول خارجيا بعدد 2 طبقة عزل سمك 15 سم مع سلك والواح صوف صخرى و يتم التسخين عن طريق 2 شعلة ممتدين على جانبي الفرن من الداخل وشعلة اسفل البلاطة و نظام تحكم فى مستوي الشعلات بمفاتيح غاز , ارضية البلاطة حرارية او صاج حسب طلب العميل , والفرن مبطن داخليا الطوب الحرارى والجسم الخارجى للفرن مغطي بطبقة من الجرانيت الملون الوستيل توفر فرن البيتزا الحجرى بدور واحد او 2 دور .
المنتجات الجديدة
تقدم شركة الوستيل مجموعة متميزة من معدات الطبخ عالية الجودة للمطاعم والفنادق، تشمل المقالي العميقة المدمجة والمجموعات الكاملة. تُعد هذه المعدات أساسية لتعزيز الكفاءة والسمعة، حيث نقدم منتجات تتماشى مع أعلى معايير الجودة بأسعار تنافسية، مما يضمن نجاح مؤسستك في سوق تجهيزات المطاعم والمطابخ.
افران بيتزا حطب
أفران تعمل بالحطب حيث يتم طهي البيتزا باستخدام الخشب كمصدر أساسي للحرارة
عرض المزيد
شوايات حطب
تُعد الشوايات الخشبية إضافة مميزة لمطابخ المطاعم، حيث تقدم نكهة لا مثيل لها وتنوعاً كبيراً في الطهي. تستخدم هذه الشوايات...
عرض المزيد
شوايات دوارة مميزة
تعد الشوايات الدوارة من شركة الوستيل الخيار الأمثل للمطاعم والفنادق التي تسعى لتقديم أطباق مشوية عالية الجودة. بفضل تصميمها...
عرض المزيد
فرن بطاطس كومبير
فرن بطاطس كومبير
عرض المزيد
فرن عيش
فرن عيش
عرض المزيد
فرن تدخين
فرن تدخين
عرض المزيد
شواية فراخ كهرباء
شواية فراخ كهرباء
عرض المزيد
هل تبحث عن خدمات احترافية من اجل شركتك؟
تواصل معنا",12
https://alusteel.net/مقالات/فرن-البيتزا-النابولي,مقالات,فرن البيتزا النابولي | الوستيل لتجهيزات المطابخ والفنادق والمطاعم,,"في عالم الطهي، يعتبر فرن بيتزا نابولي الذي يعمل اما بالحطب او الغاز الخيار الرائع للطهي المحترف وذلك بفضل تصميمه الفريد والجودة العالية لمواد التصنيع.
يتيح لك هذا الفرن الاستمتاع بتجربة طهي متعددة الاستخدامات في منزلك أو مكان عملك.
الفرن يتميز بتقنية حرارية متقدمة تعطي نتائج مذهلة
يأتي فرن البيتزا بمواد متميزة تشمل الموزاييك والحديد المجلفن والأسمنت الحراري والبلاط وعزل حراري عالي الجودة.
هذه المواد تعزز توزيع الحرارة بشكل متساوي وتحافظ على درجة الحرارة المثالية داخل الفرن، مما يساعد على تحقيق نتائج مذهلة في كل وصفة تقوم بإعدادها.
تأتي إضافة الأداء السريع إلى مزايا هذا الفرن، حيث يمكنك طهي البيتزا بإتقان في 90 ثانية فقط. يعني ذلك أنك لن تنتظر طويلاً لتناول وجبتك اللذيذة، ويمكنك تحضير وجبات لذيذة بسرعة للأصدقاء والعائلة.
تصميم كبير لإمكانية الطهي بكميات كبيرة باستخدامك لفرن بيتزا نابولي
يمكنك اختيار لونك المفضل ليتناسب مع تصميم مطبخك او ذوقك , كما يمكننا حفر اسمك او اسم مطعمك على الفرن لاضافة لمسة جمالية متميزة ليس فقط للفرن بل للمكان بالكامل .
بأبعاده الخارجية الكبيرة بقطر يبدأ من 150 سم وارتفاعه البالغ 250 سم، يتيح لك هذا الفرن إمكانية الطهي بكميات كبيرة. 
وفتحة الفرن الواسعة تسهل إدخال واستخراج الأطعمة بسهولة ودقة.
بوزنه البالغ ما يقارب طن او اكثر ومدخنته بقطر 25 سم، يوفر لك هذا الفرن تحكمًا دقيقًا في درجة الحرارة وتجربة طهي ممتعة وسهلة. 
بفضل سعته الكبيرة التي تسمح بطهي 3 إلى 4 بيتزا في وقت واحد، ستكون قادرًا على إعداد وجبات لذيذة بسهولة لعدد كبير من الضيوف. 
يمنحك هذا الفرن القدرة على تقديم تجربة طهي لا تُنسى تناسب جميع المناسبات والحفلات الكبيرة.
الوستيل تقدم افران البيتزا النابولى التى تتحمل الخدمة الشاقة مثبتة على شاسيه استانلس ستيل و عجل 6 بوصة مزودة برف سفلى من الاسفل و الفرن معزول بطبقتين سمك 15 سم مع سلك والواح صوف صخرى والتسخين داخل الفرن عن طريق شعلتين ممتدين على جانبي الفرن وشعلة اسفل البلاطة مزود بمفاتيح تحكم لمستوي الشعلات بالاضافة الى تبطين الفرن داخليا بالطوب الحرارى و خارجيا يغطي الفرن بطبقة من الجرانيت الحرارى بالوان من اختيار العميل حسب احتياجاته و ديكور المطبخ او المطعم الخاص به","فرن البيتزا النابولي
الرئيسية
مقالات
فرن البيتزا النابولي
وصف فرن البيتزا النابولي
فرن بيتزا نابولي: الفرن المتعدد الاستخدامات بتصميم فريد
في عالم الطهي، يعتبر فرن بيتزا نابولي الذي يعمل اما بالحطب او الغاز الخيار الرائع للطهي المحترف وذلك بفضل تصميمه الفريد والجودة العالية لمواد التصنيع.
يتيح لك هذا الفرن الاستمتاع بتجربة طهي متعددة الاستخدامات في منزلك أو مكان عملك.
الفرن يتميز بتقنية حرارية متقدمة تعطي نتائج مذهلة
يأتي فرن البيتزا بمواد متميزة تشمل الموزاييك والحديد المجلفن والأسمنت الحراري والبلاط وعزل حراري عالي الجودة.
هذه المواد تعزز توزيع الحرارة بشكل متساوي وتحافظ على درجة الحرارة المثالية داخل الفرن، مما يساعد على تحقيق نتائج مذهلة في كل وصفة تقوم بإعدادها.
تأتي إضافة الأداء السريع إلى مزايا هذا الفرن، حيث يمكنك طهي البيتزا بإتقان في 90 ثانية فقط. يعني ذلك أنك لن تنتظر طويلاً لتناول وجبتك اللذيذة، ويمكنك تحضير وجبات لذيذة بسرعة للأصدقاء والعائلة.
تصميم كبير لإمكانية الطهي بكميات كبيرة باستخدامك لفرن بيتزا نابولي
يمكنك اختيار لونك المفضل ليتناسب مع تصميم مطبخك او ذوقك , كما يمكننا حفر اسمك او اسم مطعمك على الفرن لاضافة لمسة جمالية متميزة ليس فقط للفرن بل للمكان بالكامل .
بأبعاده الخارجية الكبيرة بقطر يبدأ من 150 سم وارتفاعه البالغ 250 سم، يتيح لك هذا الفرن إمكانية الطهي بكميات كبيرة.
وفتحة الفرن الواسعة تسهل إدخال واستخراج الأطعمة بسهولة ودقة.
بوزنه البالغ ما يقارب طن او اكثر ومدخنته بقطر 25 سم، يوفر لك هذا الفرن تحكمًا دقيقًا في درجة الحرارة وتجربة طهي ممتعة وسهلة.
بفضل سعته الكبيرة التي تسمح بطهي 3 إلى 4 بيتزا في وقت واحد، ستكون قادرًا على إعداد وجبات لذيذة بسهولة لعدد كبير من الضيوف.
يمنحك هذا الفرن القدرة على تقديم تجربة طهي لا تُنسى تناسب جميع المناسبات والحفلات الكبيرة.
الوستيل تقدم افران البيتزا النابولى التى تتحمل الخدمة الشاقة مثبتة على شاسيه استانلس ستيل و عجل 6 بوصة مزودة برف سفلى من الاسفل و الفرن معزول بطبقتين سمك 15 سم مع سلك والواح صوف صخرى والتسخين داخل الفرن عن طريق شعلتين ممتدين على جانبي الفرن وشعلة اسفل البلاطة مزود بمفاتيح تحكم لمستوي الشعلات بالاضافة الى تبطين الفرن داخليا بالطوب الحرارى و خارجيا يغطي الفرن بطبقة من الجرانيت الحرارى بالوان من اختيار العميل حسب احتياجاته و ديكور المطبخ او المطعم الخاص به
المنتجات الجديدة
تقدم شركة الوستيل مجموعة متميزة من معدات الطبخ عالية الجودة للمطاعم والفنادق، تشمل المقالي العميقة المدمجة والمجموعات الكاملة. تُعد هذه المعدات أساسية لتعزيز الكفاءة والسمعة، حيث نقدم منتجات تتماشى مع أعلى معايير الجودة بأسعار تنافسية، مما يضمن نجاح مؤسستك في سوق تجهيزات المطاعم والمطابخ.
افران بيتزا حطب
أفران تعمل بالحطب حيث يتم طهي البيتزا باستخدام الخشب كمصدر أساسي للحرارة
عرض المزيد
شوايات حطب
تُعد الشوايات الخشبية إضافة مميزة لمطابخ المطاعم، حيث تقدم نكهة لا مثيل لها وتنوعاً كبيراً في الطهي. تستخدم هذه الشوايات...
عرض المزيد
شوايات دوارة مميزة
تعد الشوايات الدوارة من شركة الوستيل الخيار الأمثل للمطاعم والفنادق التي تسعى لتقديم أطباق مشوية عالية الجودة. بفضل تصميمها...
عرض المزيد
فرن بطاطس كومبير
فرن بطاطس كومبير
عرض المزيد
فرن عيش
فرن عيش
عرض المزيد
فرن تدخين
فرن تدخين
عرض المزيد
شواية فراخ كهرباء
شواية فراخ كهرباء
عرض المزيد
هل تبحث عن خدمات احترافية من اجل شركتك؟
تواصل معنا",11
https://alusteel.net/مقالات/الثلاجات-الاستانلس-ستيل-حلول-تبريد-متينة-وعالية-الأداء-للمطابخ-الفندقية-والمطاعم,مقالات,الثلاجات الاستانلس ستيل حلول تبريد متينة وعالية الأداء للمطابخ الفندقية والمطاعم | الوستيل لتجهيزات المطابخ والفنادق والمطاعم,,"فى الوستيل نوفر ثلاجات رأسية "" باب واحد او 2 باب "" و ثلاجات أفقية "" 2 باب او 3 باب "" و ثلاجة اوفر كونتر تستخدم للسلطات جميع انواع الثلاجات مصنعة بالكامل من الاستانلس ستيل 304 الجسم والابواب والقرصة من مادة البولى ريثان المحقون كثافة 40 كجم/ م3 والابواب مزودة بكاوتش مغناطيسي و سكاكات ومفصلات الابواب مستوردة ( نيكل ) بالاضافة الى قدرة الوستيل على تصنيع فريزرات بنفس المواصفات الخاصة بالثلاجات ولكنها تستخدم فى التجميد تضم وحدة تبريد ايطالى 3/4 حصان و مبخر ديناميكي وتحكم بالحرارة عن طريق ثرموستات "" يورد مع الثلاجات "" عدد 2 رف استانلس ستيل مخرم C.N.C","الثلاجات الاستانلس ستيل حلول تبريد متينة وعالية الأداء للمطابخ الفندقية والمطاعم
الرئيسية
مقالات
الثلاجات الاستانلس ستيل حلول تبريد متينة وعالية الأداء للمطابخ الفندقية والمطاعم
وصف الثلاجات الاستانلس ستيل حلول تبريد متينة وعالية الأداء للمطابخ الفندقية والمطاعم
تعتبر الثلاجات من المعدات الأساسية في أي مطبخ فندقي أو مطعم، حيث تلعب دورًا حيويًا في حفظ الأطعمة والمكونات طازجة وآمنة للاستهلاك.
ومن بين الخيارات المتاحة، تبرز الثلاجات المصنوعة من الاستانلس ستيل بتصميميها الرأسي والأفقي كمفضلات لدى العديد من المحترفين في قطاع الضيافة.
يعود هذا التفضيل إلى مزايا الاستانلس ستيل الفريدة ومتانة وتصميم هذه الأنواع من الثلاجات التي تلبي الاحتياجات المتنوعة للمطابخ التجارية.
مزايا الاستانلس ستيل في صناعة الثلاجات
:
المتانة العالية
:
يتميز الاستانلس ستيل بمقاومته للتآكل والصدأ والخدوش، مما يضمن عمرًا افتراضيًا طويلاً للثلاجة حتى في ظل الاستخدام المكثف في بيئات المطابخ الصعبة.
النظافة وسهولة التعقيم
:
سطحه غير المسامي يمنع تراكم البكتيريا والجراثيم، مما يجعله خيارًا صحيًا وآمنًا لحفظ المواد الغذائية. كما أنه سهل التنظيف والصيانة.
المظهر الاحترافي
:
يضفي الاستانلس ستيل مظهرًا عصريًا وأنيقًا على المطبخ، مما يعكس مستوى عالٍ من الاحترافية والنظافة.
مقاومة درجات الحرارة القصوى
:
يتحمل الاستانلس ستيل التغيرات الكبيرة في درجات الحرارة دون أن يتأثر، مما يجعله مثاليًا لبيئات المطابخ الحارة والرطبة.
الثلاجات الرأسية من الاستانلس ستيل
:
تتميز الثلاجات الرأسية بتصميمها العمودي الذي يوفر مساحة تخزين كبيرة في مساحة أرضية محدودة.
غالبًا ما تأتي بأبواب مفردة أو مزدوجة، وتوفر أرففًا قابلة للتعديل لتنظيم فعال للمواد الغذائية المختلفة.
تعتبر الثلاجات الرأسية خيارًا ممتازًا لتخزين كميات كبيرة من المكونات والمنتجات بشكل منظم وسهل الوصول إليه.
الثلاجات الأفقية من الاستانلس ستيل
:
تُعرف الثلاجات الأفقية بتصميمها المنخفض والعريض، وغالبًا ما تأتي بسطح علوي يمكن استخدامه كمساحة عمل إضافية في المطبخ.
تتوفر عادةً بأدراج أو أبواب متعددة، مما يسهل فصل وتنظيم أنواع مختلفة من الأطعمة.
تعتبر الثلاجات الأفقية مثالية للاستخدام تحت أسطح العمل أو في مناطق التحضير المباشر، مما يوفر وصولاً سريعًا ومريحًا إلى المكونات أثناء الطهي.
تطبيقاتها في المطابخ الفندقية والمطاعم
:
تستخدم الثلاجات الرأسية والأفقية المصنوعة من الاستانلس ستيل على نطاق واسع في مختلف أقسام المطابخ الفندقية والمطاعم، بما في ذلك:
مناطق تخزين المكونات الأولية
:
لحفظ اللحوم والدواجن والأسماك والخضروات والفواكه في درجات حرارة مثالية للحفاظ على جودتها.
وحدات التبريد الخاصة بالمشروبات
:
لتخزين العصائر والمياه والمشروبات الغازية وغيرها وتقديمها باردة للزبائن.
مناطق تحضير الطعام
:
حيث توفر الثلاجات الأفقية سهولة الوصول إلى المكونات اللازمة أثناء إعداد الوجبات.
وحدات عرض الحلويات والمعجنات
:
في بعض الحالات، يمكن استخدام ثلاجات عرض مصنوعة من الاستانلس ستيل للحفاظ على جاذبية الحلويات والمعجنات مع الحفاظ على برودتها.
اعتبارات عند اختيار الثلاجات
:
عند اختيار ثلاجات الاستانلس ستيل للمطبخ، يجب مراعاة عدة عوامل لضمان تلبية الاحتياجات الخاصة للمنشأة، بما في ذلك:
الحجم والسعة
:
يجب اختيار الحجم المناسب لكمية المواد الغذائية التي سيتم تخزينها والمساحة المتاحة في المطبخ.
كفاءة استهلاك الطاقة
:
البحث عن موديلات ذات كفاءة عالية في استهلاك الطاقة لتقليل تكاليف التشغيل.
نظام التبريد
:
التأكد من أن نظام التبريد قوي ويوفر توزيعًا متساويًا للهواء البارد للحفاظ على درجة حرارة ثابتة.
الميزات الإضافية
:
بعض الثلاجات تأتي بميزات مثل التحكم الرقمي في درجة الحرارة، وإذابة الثلج التلقائية، والإضاءة الداخلية، والأرفف القابلة للتعديل.
فى الوستيل نوفر ثلاجات رأسية "" باب واحد او 2 باب "" و ثلاجات أفقية "" 2 باب او 3 باب "" و ثلاجة اوفر كونتر تستخدم للسلطات جميع انواع الثلاجات مصنعة بالكامل من الاستانلس ستيل 304 الجسم والابواب والقرصة من مادة البولى ريثان المحقون كثافة 40 كجم/ م3 والابواب مزودة بكاوتش مغناطيسي و سكاكات ومفصلات الابواب مستوردة ( نيكل ) بالاضافة الى قدرة الوستيل على تصنيع فريزرات بنفس المواصفات الخاصة بالثلاجات ولكنها تستخدم فى التجميد تضم وحدة تبريد ايطالى 3/4 حصان و مبخر ديناميكي وتحكم بالحرارة عن طريق ثرموستات "" يورد مع الثلاجات "" عدد 2 رف استانلس ستيل مخرم C.N.C
المنتجات الجديدة
تقدم شركة الوستيل مجموعة متميزة من معدات الطبخ عالية الجودة للمطاعم والفنادق، تشمل المقالي العميقة المدمجة والمجموعات الكاملة. تُعد هذه المعدات أساسية لتعزيز الكفاءة والسمعة، حيث نقدم منتجات تتماشى مع أعلى معايير الجودة بأسعار تنافسية، مما يضمن نجاح مؤسستك في سوق تجهيزات المطاعم والمطابخ.
افران بيتزا حطب
أفران تعمل بالحطب حيث يتم طهي البيتزا باستخدام الخشب كمصدر أساسي للحرارة
عرض المزيد
شوايات حطب
تُعد الشوايات الخشبية إضافة مميزة لمطابخ المطاعم، حيث تقدم نكهة لا مثيل لها وتنوعاً كبيراً في الطهي. تستخدم هذه الشوايات...
عرض المزيد
شوايات دوارة مميزة
تعد الشوايات الدوارة من شركة الوستيل الخيار الأمثل للمطاعم والفنادق التي تسعى لتقديم أطباق مشوية عالية الجودة. بفضل تصميمها...
عرض المزيد
فرن بطاطس كومبير
فرن بطاطس كومبير
عرض المزيد
فرن عيش
فرن عيش
عرض المزيد
فرن تدخين
فرن تدخين
عرض المزيد
شواية فراخ كهرباء
شواية فراخ كهرباء
عرض المزيد
هل تبحث عن خدمات احترافية من اجل شركتك؟
تواصل معنا",13
https://alusteel.net/مقالات/كيفية-اختيار-معدات-المطاعم-والمطابخ-الفندقية,مقالات,كيفية اختيار معدات المطاعم والمطابخ الفندقية | الوستيل لتجهيزات المطابخ والفنادق والمطاعم,,يُعد اختيار المعدات المناسبة للمطاعم والمطابخ الفندقية قرارًا حاسمًا يؤثر بشكل مباشر على كفاءة العمليات، جودة الطعام، وربحية المشروع. تتطلب هذه العملية تخطيطًا دقيقًا وفهمًا عميقًا لاحتياجات المنشأة.,"كيفية اختيار معدات المطاعم والمطابخ الفندقية
الرئيسية
مقالات
كيفية اختيار معدات المطاعم والمطابخ الفندقية
وصف كيفية اختيار معدات المطاعم والمطابخ الفندقية
يُعد اختيار المعدات المناسبة للمطاعم والمطابخ الفندقية قرارًا حاسمًا يؤثر بشكل مباشر على كفاءة العمليات، جودة الطعام، وربحية المشروع. تتطلب هذه العملية تخطيطًا دقيقًا وفهمًا عميقًا لاحتياجات المنشأة. إليك دليل شامل لمساعدتك في اتخاذ أفضل القرارات:
تحديد الاحتياجات بدقة
قبل البدء في البحث عن المعدات، يجب تحديد حجم ونوع العمليات التي ستتم في المطبخ. اسأل نفسك الأسئلة التالية:
ما هو نوع المطبخ؟
هل هو مطبخ تحضيري، مطبخ طهي، أو مطبخ تقديم؟
ما هي قائمة الطعام؟
هل تركز على الأطعمة الباردة، الساخنة، المخبوزات، أم مزيج منها؟ هذا سيحدد أنواع الأفران، الشوايات، والثلاجات المطلوبة.
ما هو حجم الإنتاج المتوقع؟
هل تتوقع خدمة مئات العملاء يوميًا أم عدد أقل؟ يؤثر هذا على سعة المعدات وقوتها.
ما هي المساحة المتاحة للمطبخ؟
يجب أن تتناسب المعدات مع المساحة المتاحة لضمان سير العمل بسلاسة وتجنب الازدحام.
الجودة والمتانة
تُعد الجودة والمتانة من أهم العوامل عند اختيار معدات المطاعم والمطابخ الفندقية. استثمر في معدات مصنوعة من
مواد عالية الجودة
مثل الفولاذ المقاوم للصدأ (Stainless Steel) لضمان طول العمر ومقاومة الصدأ والتآكل. المعدات الرخيصة قد توفر المال على المدى القصير، لكنها غالبًا ما تتعطل بسرعة وتكلفك المزيد على المدى الطويل في الصيانة والاستبدال.
الكفاءة التشغيلية واستهلاك الطاقة
ابحث عن المعدات ذات
الكفاءة العالية في استهلاك الطاقة
. على الرغم من أن هذه المعدات قد تكون أغلى في البداية، إلا أنها ستوفر لك الكثير من المال على فواتير الكهرباء أو الغاز على المدى الطويل. تحقق من تصنيفات كفاءة الطاقة(Energy Star rating  ) للمعدات مثل الثلاجات، الأفران، وغسالات الأطباق.
سهولة التنظيف والصيانة
النظافة هي حجر الزاوية في أي مطبخ احترافي. اختر المعدات التي يسهل تنظيفها وصيانتها. يجب أن تكون الأسطح ملساء وخالية من الزوايا الصعبة التي قد تتراكم فيها البكتيريا. تحقق من مدى سهولة فك الأجزاء وتنظيفها، وتوفر قطع الغيار اللازمة للصيانة الدورية.
السلامة والأمان
تُعد السلامة أمرًا بالغ الأهمية في المطابخ المزدحمة. تأكد من أن جميع المعدات تتوافق مع معايير السلامة المحلية والدولية. ابحث عن ميزات الأمان مثل أجهزة إيقاف التشغيل التلقائي، مقابض العازلة للحرارة، والتصميمات التي تقلل من مخاطر الحروق والإصابات.
العلامة التجارية وخدمة ما بعد البيع
اختر العلامات التجارية ذات السمعة الطيبة والمعروفة بجودتها وموثوقيتها. الأهم من ذلك، تأكد من أن المورد يوفر
خدمة ما بعد البيع ممتازة
، بما في ذلك الضمان، الدعم الفني، وتوفر قطع الغيار. قد تحتاج إلى صيانة أو إصلاح عاجل في أوقات الذروة، لذا فإن الدعم السريع والفعال لا يقدر بثمن.
التكلفة والميزانية
ضع ميزانية واضحة لمشترياتك والتزم بها قدر الإمكان. لا تساوم على الجودة من أجل خفض التكلفة بشكل مبالغ فيه. تذكر أن الاستثمار في معدات جيدة هو استثمار في نجاح عملك. قارن الأسعار من موردين مختلفين ولكن لا تجعل السعر هو المعيار الوحيد لاتخاذ القرار.
التكنولوجيا والابتكار
المطابخ الحديثة تستفيد بشكل كبير من التكنولوجيا. فكر في المعدات التي تقدم ميزات ذكية أو تقنيات متطورة يمكن أن تزيد من الكفاءة، مثل الأفران الذكية، أجهزة الطهي بالحث (Induction Cooktops)، أو أنظمة إدارة النفايات المبتكرة.
المرونة والتكيف
اختر معدات يمكنها التكيف مع التغيرات المحتملة في قائمة الطعام أو حجم العمل. المعدات متعددة الاستخدامات يمكن أن توفر المساحة والمال.
باختيار المعدات المناسبة، ستضع أساسًا متينًا لمطبخ فعال، نظيف، وآمن، مما يسهم في نجاح مطعمك أو فندقك.
وهذا ما توفره لك الوستيل الرائدة فى صناعة معدات المطابخ الفندقية والمطاعم و لها خبرة اكثر من 35 عام كما تصدر معداتها لمختلف الجهات خارج مصر
تواصل معنا للاستفسار 01000869066
يمكنكم زيارة معرضنا خلال مواعيد العمل
من السبت الى الخميس من 9 ص الى 4 م ( الجمعة اجازة اسبوعية (
العنوان : قطعة 22 أ بلوك 30000 بالمنطقة الصناعية ب , ج – العبور – القليوبية
لوكيشن
https://maps.app.goo.gl/H39unM2MUttm5AoJ6
المنتجات الجديدة
تقدم شركة الوستيل مجموعة متميزة من معدات الطبخ عالية الجودة للمطاعم والفنادق، تشمل المقالي العميقة المدمجة والمجموعات الكاملة. تُعد هذه المعدات أساسية لتعزيز الكفاءة والسمعة، حيث نقدم منتجات تتماشى مع أعلى معايير الجودة بأسعار تنافسية، مما يضمن نجاح مؤسستك في سوق تجهيزات المطاعم والمطابخ.
افران بيتزا حطب
أفران تعمل بالحطب حيث يتم طهي البيتزا باستخدام الخشب كمصدر أساسي للحرارة
عرض المزيد
شوايات حطب
تُعد الشوايات الخشبية إضافة مميزة لمطابخ المطاعم، حيث تقدم نكهة لا مثيل لها وتنوعاً كبيراً في الطهي. تستخدم هذه الشوايات...
عرض المزيد
شوايات دوارة مميزة
تعد الشوايات الدوارة من شركة الوستيل الخيار الأمثل للمطاعم والفنادق التي تسعى لتقديم أطباق مشوية عالية الجودة. بفضل تصميمها...
عرض المزيد
فرن بطاطس كومبير
فرن بطاطس كومبير
عرض المزيد
فرن عيش
فرن عيش
عرض المزيد
فرن تدخين
فرن تدخين
عرض المزيد
شواية فراخ كهرباء
شواية فراخ كهرباء
عرض المزيد
هل تبحث عن خدمات احترافية من اجل شركتك؟
تواصل معنا",8
https://alusteel.net/en/products/various-products,en,"Premium products | Alusteel For Hotel, Restaurant, kitchen Equipment",,,"Premium products
Home
Products
Premium products
All
Wood-fired Pizza Oven
Wood-fired grills
Chicken Rotation Gas and Wood Fire
Potato Kumpir Oven
Bread Oven
Smoker oven
Electric chicken grill
Wood-fired Pizza Oven
High quality and durable kneader Italian industry
Wood-fired grills
Wood-fired grills are an exceptional addition to restaurant kitchens, bringing unparalleled flavor and...
Chicken Rotation Gas and Wood Fire
Rotary grills from Alusteel are the perfect choice for restaurants and hotels looking to serve high-quality...
Potato Kumpir Oven
Potato Kumpir Oven
Bread Oven
Smoker oven
Smoker oven
Electric chicken grill
Electric chicken grill
Are you looking for professional Services For your company
Contact us",7
https://alusteel.net/en/products/hotline/talting-ban,en,"TALTING-BAN | Alusteel For Hotel, Restaurant, kitchen Equipment",,"At Alusteel, we offer a stainless steel tipping pot with two operating modes (gas or electric) and an internal capacity of 80 liters. It features a robust chassis equipped for heavy-duty use, as well as a 2 mm inner pot and an 8 mm bottom with a lid and accessories made entirely of stainless steel. The tipping pot, manufactured by Alusteel, is thermally insulated on the sides and bottom with high-density rock wool and features a heavy-duty manual tipping system. When you choose an electric tipping pot, it includes a direct heating system for the pot via two 2.6 kW Sun electric heating batteries. Temperature control for each battery is achieved via a thermostat, thermal indicator lights, and complete safety devices.","TALTING-BAN
Home
Products
Hotline
TALTING-BAN
TALTING-BAN Description
At Alusteel, we offer a stainless steel tipping pot with two operating modes (gas or electric) and an internal capacity of 80 liters. It features a robust chassis equipped for heavy-duty use, as well as a 2 mm inner pot and an 8 mm bottom with a lid and accessories made entirely of stainless steel. The tipping pot, manufactured by Alusteel, is thermally insulated on the sides and bottom with high-density rock wool and features a heavy-duty manual tipping system. When you choose an electric tipping pot, it includes a direct heating system for the pot via two 2.6 kW Sun electric heating batteries. Temperature control for each battery is achieved via a thermostat, thermal indicator lights, and complete safety devices.
For more details about the product, please visit the following link.
https://2u.pw/gnwhR
New Products
Alusteel offers a wide range of high-quality cooking equipment for restaurants and hotels, including electric fryers and complete sets. With this standard comes necessity and reputation, as we provide products that comply with our highest quality standards, ensuring the success of your establishment in the restaurant and kitchen market.
Bain-marie
At Alusteel , we offer electric bain-maries to meet the various requirements of restaurants and hotels. The device consists...
View More
Wood-fired Pizza Oven
High quality and durable kneader Italian industry
View More
Wood-fired grills
Wood-fired grills are an exceptional addition to restaurant kitchens, bringing unparalleled flavor and versatility to the...
View More
Chicken Rotation Gas and Wood Fire
Rotary grills from Alusteel are the perfect choice for restaurants and hotels looking to serve high-quality grilled dishes....
View More
Potato Kumpir Oven
Potato Kumpir Oven
View More
Bread Oven
View More
Smoker oven
Smoker oven
View More
Electric chicken grill
Electric chicken grill
View More
Are you looking for professional Services For your company
Contact us",9
https://alusteel.net/en/articles/benefits-of-using-stainless-steel-in-restaurant-equipment,en,"Benefits of using stainless steel in restaurant equipment | Alusteel For Hotel, Restaurant, kitchen Equipment",,Stainless steel is one of the main materials used in manufacturing restaurant equipment,"Benefits of using stainless steel in restaurant equipment
Home
Articles
Benefits of using stainless steel in restaurant equipment
Benefits of using stainless steel in restaurant equipment Description
Stainless steel is one of the main materials used in manufacturing restaurant equipment, due to its many benefits. Stainless steel is durable, hardened and resistant to corrosion, making it an ideal choice for use in industrial kitchen environments.
Here are some of the major benefits of using stainless steel in restaurant equipment:
Durability: Stainless steel has high durability, making it able to withstand stress and extreme use without the need for frequent repair or replacement. This means saving maintenance costs and extending the life of the equipment.
Corrosion resistance: Stainless steel has high resistance to corrosion and rust, making it suitable for use in wet kitchens and other humid environments. It also withstands harsh environmental factors, such as sudden changes in temperature and humidity.
Cleanliness: Stainless steel has a smooth and easy-to-clean surface, making it easy to maintain and clean. In addition, stainless steel prevents the build-up of germs and bacteria, making it an excellent choice for use in industrial kitchens that require high levels of cleanliness and sanitation.
MODERN DESIGN: Stainless steel has a modern and attractive look, making it suitable for use in modern kitchens and fine dining restaurants. Stainless steel is also available in a variety of colors and finishes, allowing you to choose from a wide range of options to suit your style.
Recyclability: Stainless steel is completely recyclable, making it a sustainable and environmentally friendly option. They can be reused to make new equipment, reducing waste and conserving natural resources.
Overall, stainless steel has a lot of benefits that make it an ideal choice for use in restaurant and industrial kitchen equipment. Stainless steel can help save costs and time and improve hygiene and health, helping to improve kitchen work efficiency and provide a satisfying dining experience for customers.
Stainless steel can be of high quality and has a wide range of unique features that make it ideal for use in restaurant and industrial kitchen equipment.
On top of the benefits mentioned in the article, stainless steel can provide other benefits, such as:
Chemical Corrosion Resistant: Metal can be exposed to a variety of chemicals in the kitchen and restaurant environment, but stainless steel can withstand these factors without affecting its quality.
Durability: Stainless steel equipment can be designed in such a way that it can withstand heavy weight and heavy use, making it ideal for use in industrial kitchens.
Versatility: Stainless steel can be manufactured in different shapes, sizes and designs, making it suitable for use in a variety of equipment, including stoves, ovens, refrigerators and other equipment.
Scratch Resistant: Stainless steel has a high resistance to scratches, making it ideal for use in equipment that may be exposed to heavy use or friction.
Food safety: Other materials can be used in the manufacture of kitchen and restaurant equipment, but you must ensure that these materials are safe for use in the food industry. Stainless steel has a high level of food safety, making it ideal for use in restaurant kitchens.
Additionally, stainless steel can be fire resistant, making it ideal for use in kitchens that require specific fire safety measures.
Overall, stainless steel has a wide range of advantages that make it an ideal choice for use in restaurant and industrial kitchen equipment. It is important to pay attention to the quality of materials used in manufacturing kitchen equipment and ensure that they meet industrial, security and environmental standards. Kitchen and restaurant design specialists can be consulted for the right advice on stainless steel and the best options available for kitchen and restaurant equipment.
Stainless steel can be used in a wide range of kitchen and restaurant equipment, including:
Utensils and tools used in cooking, baking, and preparation, such as pots, pans, spoons, forks, etc.
Equipment used in storage, refrigeration and freezing, such as refrigerators, freezers, thermal cabinets and coolers.
Equipment used in cleaning and sterilization, such as sinks, detergents, and steam sterilization equipment.
Furniture used in kitchens and restaurants, such as tables, shelves, racks and drawers.
Equipment used for service and serving, such as trays, plates, spoons, forks, cups, and plates.
Many stainless steel options are available, including solid stainless steel and rust-resistant stainless steel, and the most suitable option can be selected depending on the specific needs of kitchen and restaurant equipment.
Moreover, stainless steel can be used in a wide range of other industries, such as medical, chemical, petroleum, food and many other industries, as it is durable, resistant, safe and hygienic.
Finally, users should pay attention to maintaining and cleaning stainless steel equipment regularly to maintain its quality and long life.
New Products
Alusteel offers a wide range of high-quality cooking equipment for restaurants and hotels, including electric fryers and complete sets. With this standard comes necessity and reputation, as we provide products that comply with our highest quality standards, ensuring the success of your establishment in the restaurant and kitchen market.
Bain-marie
At Alusteel , we offer electric bain-maries to meet the various requirements of restaurants and hotels. The device consists...
View More
Wood-fired Pizza Oven
High quality and durable kneader Italian industry
View More
Wood-fired grills
Wood-fired grills are an exceptional addition to restaurant kitchens, bringing unparalleled flavor and versatility to the...
View More
Chicken Rotation Gas and Wood Fire
Rotary grills from Alusteel are the perfect choice for restaurants and hotels looking to serve high-quality grilled dishes....
View More
Potato Kumpir Oven
Potato Kumpir Oven
View More
Bread Oven
View More
Smoker oven
Smoker oven
View More
Electric chicken grill
Electric chicken grill
View More
Are you looking for professional Services For your company
Contact us",16
https://alusteel.net/en/articles/how-to-choose-the-right-kitchen-equipment-for-your-restaurant,en,"How to choose the right kitchen equipment for your restaurant | Alusteel For Hotel, Restaurant, kitchen Equipment",,Choosing the right kitchen equipment is an important and crucial process in the success of your business,"How to choose the right kitchen equipment for your restaurant
Home
Articles
How to choose the right kitchen equipment for your restaurant
How to choose the right kitchen equipment for your restaurant Description
If you own a restaurant or plan to open one, choosing the right kitchen equipment is an important and crucial process in the success of your business. The type of equipment used in the kitchen affects the quality of food, the speed of preparation, and the efficiency of work in the restaurant, and thus affects the customer experience and the overall profitability of the restaurant. In this article, we will discuss how to choose the right kitchen equipment for your restaurant.
Determine your restaurant's needs
Before you start purchasing kitchen equipment, you should determine the needs of your restaurant and the equipment you need. You can do this by determining the type of food served in the restaurant, the daily workload, and also the space available in the kitchen. For example, if your restaurant serves pizza, you will need a large pizza oven and pizza equipment such as tools used to make dough, sauces, and a pizza pan.
Quality and durability
High quality and durable kitchen equipment should be purchased to ensure a long life of the equipment and withstand heavy use in the restaurant. You can look for reliable and high-quality brands, also taking into account user reviews and expert opinions.
Energy efficiency
The energy efficiency of the kitchen equipment purchased should also be considered, as energy efficient equipment can save money, time and energy in the restaurant. For example, energy-efficient refrigerators, dishwashers, and ovens can be purchased to keep electricity and water costs low.
Space and storage
You should also consider the available space in the kitchen and select the appropriate equipment for the available space. The possibility of storing kitchen equipment, tools and supplies must also be considered, as sufficient space must be provided to store equipment, food, tools and kitchen utensils.
Price and budget
The price and budget available for purchasing kitchen equipment should also be considered. The equipment you choose should be affordable in price and fit your budget. You can look for seasonal offers, discounts and sales to get a better price.
Equipment compatibility
The compatibility of different kitchen equipment with each other should also be considered. For example, you must ensure that the kitchen utensils are compatible with the ovens and stoves you use, and the equipment used in preparation is compatible with the cooking and serving method.
Maintenance and service
Maintenance of the kitchen equipment and available service should also be considered. You should purchase kitchen equipment that comes with a warranty, after-sales service, availability of replacement parts and regular maintenance to keep the equipment in good condition.
Safety and health
Kitchen equipment must comply with safety and health standards. For example, you should purchase kitchen equipment made of non-toxic materials that comply with public health standards, and clean the kitchen equipment regularly to maintain health and hygiene.
Ultimately, you should invest in the right kitchen equipment for your restaurant, as it can help improve the quality of food, save time, energy and money, thus improving the customer experience and overall profitability of the restaurant. All the above factors should be considered when choosing the right kitchen equipment for your restaurant, which can help you achieve lasting success in the business.
If you own a restaurant or plan to open one, choosing the right kitchen equipment is an important and crucial process in the success of your business. The quality of equipment used in the kitchen affects the quality of food, the speed of preparation, and the efficiency of work in the restaurant, and thus affects the customer experience and the overall profitability of the restaurant. In this article, we will discuss how to choose the right kitchen equipment for your restaurant.
Determine your restaurant's needs
Before you start purchasing kitchen equipment, you should determine the needs of your restaurant and the equipment you need. You can do this by determining the type of food served in the restaurant, the daily workload, and also the space available in the kitchen. For example, if your restaurant serves pizza, you will need a large pizza oven and pizza equipment such as tools used to make dough, sauces, and a pizza pan.
Quality and durability
High quality and durable kitchen equipment should be purchased to ensure a long life of the equipment and withstand heavy use in the restaurant. You can look for reliable and high-quality brands, also taking into account user reviews and expert opinions.
Energy efficiency
The energy efficiency of the kitchen equipment purchased should also be considered, as energy efficient equipment can save money, time and energy in the restaurant. For example, energy-efficient refrigerators, dishwashers, and ovens can be purchased to keep electricity and water costs low.
Space and storage
You should also consider the available space in the kitchen and select the appropriate equipment for the available space. The possibility of storing kitchen equipment, tools and supplies must also be considered, as sufficient space must be provided to store equipment, food, tools and kitchen utensils.
the price
Price should also be considered when purchasing kitchen equipment, as you should get the best value for money. You can search for available offers and deals and negotiate prices with suppliers to get the best deals possible.
Maintenance and service
After-sales service and maintenance were available for the kitchen equipment purchased should also be considered, as after-sales service should be obtained from the supplier or manufacturer in case the equipment needs to be repaired or spare parts obtained. The equipment warranty and warranty period available for the equipment should also be considered.
In short, you must determine your restaurant's needs, rely on high-quality, durable, and energy-efficient equipment, select the right equipment for the available space, and consider the price and service available. You can get tips and advice from a experts in the field of kitchen equipment or rely on supplier consultations to obtain the best options available
New Products
Alusteel offers a wide range of high-quality cooking equipment for restaurants and hotels, including electric fryers and complete sets. With this standard comes necessity and reputation, as we provide products that comply with our highest quality standards, ensuring the success of your establishment in the restaurant and kitchen market.
Bain-marie
At Alusteel , we offer electric bain-maries to meet the various requirements of restaurants and hotels. The device consists...
View More
Wood-fired Pizza Oven
High quality and durable kneader Italian industry
View More
Wood-fired grills
Wood-fired grills are an exceptional addition to restaurant kitchens, bringing unparalleled flavor and versatility to the...
View More
Chicken Rotation Gas and Wood Fire
Rotary grills from Alusteel are the perfect choice for restaurants and hotels looking to serve high-quality grilled dishes....
View More
Potato Kumpir Oven
Potato Kumpir Oven
View More
Bread Oven
View More
Smoker oven
Smoker oven
View More
Electric chicken grill
Electric chicken grill
View More
Are you looking for professional Services For your company
Contact us",16
https://alusteel.net/en/articles/equipping-restaurants-and-kitchens-with-appropriate-equipment,en,"Equipping restaurants and kitchens with appropriate equipment | Alusteel For Hotel, Restaurant, kitchen Equipment",,"When it comes to equipping restaurants and kitchens with the right equipment, Alusteel Company is considered a reliable destination in Egypt","Equipping restaurants and kitchens with appropriate equipment
Home
Articles
Equipping restaurants and kitchens with appropriate equipment
Equipping restaurants and kitchens with appropriate equipment Description
When it comes to equipping restaurants and kitchens with the right equipment, Alusteel Company is considered a reliable destination in Egypt. The company specializes in providing high-quality metal products that perfectly meet the needs of the restaurant and kitchen sector.
The design of kitchen equipment is crucial to the efficiency and smoothness of kitchen operation. Today, the industry is moving towards certain trends in equipment design that meet the needs of modern restaurants. Let's take a look at some of these trends:
Functional and Flexible Design: Modern restaurants require equipment that is multi-functional and flexible. Equipment must be adaptable to diverse requirements such as preparation, cooking and storage. Alusteel Company offers a wide range of metal equipment carefully designed to meet these diverse needs.
Advanced Technology: The restaurant industry is constantly advancing in technology. The company uses the latest technologies in the design and manufacture of metal equipment to improve performance and efficiency. These state-of-the-art technologies include advanced grilling systems, smart controls, innovative cooling systems, and more.
Aesthetic and modern design: The general appearance of the restaurant plays an important role in attracting customers. Alusteel Company designs metal equipment in a modern and aesthetic style that is compatible with the latest interior design trends in restaurants. Its elegant design can provide a comfortable atmosphere and modern touch to any place.
Concern for Sustainability: Concern for the environment and sustainability is important in the modern restaurant industry. Alusteel Company seeks to provide environmentally friendly metal equipment based on recyclable materials and environmentally friendly technologies. The company is committed to preserving natural resources and reducing waste.
By choosing Alusteel as a restaurant equipment supplier, restaurants can benefit from experience and dedication to providing high-quality products in accordance with the latest design trends. The metal equipment provided by the company will help improve work efficiency and save time and effort.
In short, Alusteel Company provides metal products for restaurant and kitchen equipment that meet the needs of the evolving industry in Egypt. From functional and flexible design to advanced technology and attention to sustainability, the company is a strong partner for restaurants striving to achieve the highest levels of quality and excellence.
The use of Alusteel products will contribute to improving customer experience and enhancing the reputation of restaurants and kitchens in Egypt. Let Alusteel Company be your first choice when it comes to providing high-quality and advanced metal equipment.
Communication and communication technology: In the modern era of communication and communication, information and communication technology plays an important role in the restaurant industry. Alusteel Company works to provide metal equipment that supports advanced communication technology, such as interactive screen systems and self-ordering devices. These technologies help improve customer experience and streamline ordering and payment processes.
Safety and Hygiene: Safety and hygiene are vital in any kitchen or restaurant. Alusteel Company ensures that all metal products meet international safety and hygiene standards. Provides equipment that is resistant to bacteria and easy to clean, ensuring a hygienic and clean environment for work and preparation.
Customization and Customization: Customization and customization are an important part of the restaurant industry. Alusteel understands that every restaurant has unique needs and requirements, which is why it offers custom design and manufacturing services. Restaurants can outfit their kitchens and spaces with metal equipment tailored to their specific needs.
Technical support and after-sales service: Alusteel Company is interested in providing continuous technical support and after-sales service to its customers. Restaurants can rely on a professional technical team to assist in installation, maintenance and repair of equipment. This ensures the long-term sustainability and reliable performance of the equipment.
In short, Alusteel is the preferred company in Egypt when it comes to providing metal products for restaurant and kitchen equipment. With functional and flexible design, advanced technology, aesthetic design, and attention to sustainability, the company meets the needs of evolving industry. Feel free to rely on Alusteel for high-quality products and superior service to restaurant and kitchen customers.
New Products
Alusteel offers a wide range of high-quality cooking equipment for restaurants and hotels, including electric fryers and complete sets. With this standard comes necessity and reputation, as we provide products that comply with our highest quality standards, ensuring the success of your establishment in the restaurant and kitchen market.
Bain-marie
At Alusteel , we offer electric bain-maries to meet the various requirements of restaurants and hotels. The device consists...
View More
Wood-fired Pizza Oven
High quality and durable kneader Italian industry
View More
Wood-fired grills
Wood-fired grills are an exceptional addition to restaurant kitchens, bringing unparalleled flavor and versatility to the...
View More
Chicken Rotation Gas and Wood Fire
Rotary grills from Alusteel are the perfect choice for restaurants and hotels looking to serve high-quality grilled dishes....
View More
Potato Kumpir Oven
Potato Kumpir Oven
View More
Bread Oven
View More
Smoker oven
Smoker oven
View More
Electric chicken grill
Electric chicken grill
View More
Are you looking for professional Services For your company
Contact us",12
https://alusteel.net/en/articles/the-future-of-restaurant-equipment-innovations-and-developments,en,"The future of restaurant equipment: innovations and developments | Alusteel For Hotel, Restaurant, kitchen Equipment",,The restaurant and hospitality industry is one of the most developed and diverse industries in the world.,"The future of restaurant equipment: innovations and developments
Home
Articles
The future of restaurant equipment: innovations and developments
The future of restaurant equipment: innovations and developments Description
The restaurant and hospitality industry is one of the most developed and diverse industries in the world. As the demand for a high-quality, quick-service dining experience grows, so does the need for innovative and cutting-edge restaurant equipment. Alusteel acts as a leading partner in this field, providing innovative solutions and future developments for restaurant equipment.
Current transformations in the restaurant industry
The restaurant industry is undergoing major transformations that require renovation and modernization of its equipment. Alusteel works to keep pace with these transformations and provide effective solutions and new innovations to its customers. Among these transformations, we find:
Moving towards smart kitchens: Alusteel uses artificial intelligence and graphic analytics techniques to develop smart kitchens that enhance the efficiency of operations and improve productivity.
Attention to sustainability: Alusteel seeks to provide sustainable equipment that preserves natural resources and reduces the impact of restaurants on the environment.
Moving towards an integrated customer experience: Alusteel offers advanced technology to improve the customer experience in restaurants, such as ordering food via mobile applications and smart payment technologies.
Alusteel Company's innovations for the future of restaurant equipment
Alusteel is committed to continuous innovation and development to meet the needs of the changing restaurant industry. The company is introducing a number of future products and improvements that include:
Advanced Cooking Technologies: Alusteel offers advanced ovens and cooking equipment that use steam technologies and intelligent temperature control to improve food quality and reduce preparation time.
Integration and communication: Alusteel is working on developing an integrated system for kitchens that allows communication and coordination between different equipment, which improves the organization of operations and increases efficiency.
Control and monitoring technologies: Alusteel provides advanced control and monitoring systems that allow restaurants to monitor and adjust the performance of their equipment remotely, which contributes to saving time and effort in kitchen management.
Benefits of Alusteel Company providing restaurant equipment
Alusteel offers many benefits to its customers in the restaurant industry, including:
Continuous innovation and development: Alusteel is committed to continuing research and development to provide innovative solutions and continuous improvements to restaurant equipment, helping customers innovate and stand out in the growing restaurant market.
Quality and durability: Alusteel products are characterized by high quality and durability, ensuring that the equipment is sustainable for a long time and can withstand harsh conditions in the kitchen environment.
Technical support and services: Alusteel provides outstanding technical support and outstanding after-sales services, which helps customers use the equipment efficiently and benefit.
Maximum of it.
Future directions of Alusteel Company in the field of restaurant equipment
Alusteel Company strives to remain at the forefront of the advanced restaurant equipment industry and provide innovative solutions to its customers. In the future, we can anticipate some upcoming trends and innovations that the company may introduce, such as:
Developing equipment based on artificial intelligence technology: Alusteel may rely on artificial intelligence technologies to improve equipment performance and analyze customer data to understand their needs and provide a better experience.
Virtual Experience and Augmented Reality Technology: Alusteel can try to develop an interactive experience for customers using virtual experience and augmented reality technologies, which contributes to improving the equipment selection and design process.
Developing integrated equipment for delivery and distribution: Due to the increasing demand for delivery and food distribution service, Alusteel may work to develop integrated equipment that facilitates and improves delivery and distribution operations in restaurants.
The impact of western innovations on the restaurant industry
Alusteel's innovations in the field of restaurant equipment have had a significant impact on the restaurant industry in general, and include:
Increased efficiency and productivity: Through the use of advanced technologies and intelligent systems, Alusteel equipment helps increase efficiency and improve kitchen productivity, reducing preparation time and contributing to increasing the number of orders processed.
Improving food quality: Thanks to advanced technologies in western equipment, higher food quality and improved customer experience can be achieved. For example, advanced ovens can be used to obtain consistent cooking results and improve the texture and flavor of dishes.
Environmental Sustainability: Alusteel works to develop advanced equipment concerned with environmental sustainability, which contributes to reducing energy and resource consumption and reducing the negative environmental impact of the restaurant industry.
Recommendations for restaurants in choosing steel equipment
If you are considering purchasing restaurant equipment from Alusteel, here are some recommendations that can help you make the right decision:
Analyze your restaurant's needs: Before purchasing any equipment, accurately determine your restaurant's needs. Find equipment that meets your requirements and effectively improves your operations.
Find advanced technology: Check out the cutting-edge technologies and innovations offered by Alusteel. Ensure that the equipment uses modern technology to achieve the best performance and obtain excellent results.
Value reliability and quality: Choose high-quality, reliable equipment. Rest assured that Alusteel offers warranties and excellent after-sales service to ensure a sustainable and problem-free business.
Look at the total cost of ownership: Evaluate the total costs of owning and operating the equipment, including maintenance costs and energy consumption. Choose equipment that is a good long-term investment and strikes a balance between performance and cost.
Inquire about the availability of technical support: Make sure that Alusteel offers reliable and efficient technical support. You may need help and maintenance in the future, so make sure you have a support team you can rely on.
The restaurant industry is witnessing radical transformations, and Alusteel Company plays a vital role in supporting these transformations and providing innovations and developments in the field of restaurant equipment. By focusing on advanced technology, sustainability and improving the customer experience, Alusteel contributes to the success of restaurants and their distinction in the competitive market. Alusteel's investment in R&D and technical support makes it This is a strong foundation for restaurants in achieving sustainability and future growth. In short, Alusteel Company continues to develop advanced and innovative restaurant equipment, and is committed to meeting customer needs and improving the restaurant industry in general.
New Products
Alusteel offers a wide range of high-quality cooking equipment for restaurants and hotels, including electric fryers and complete sets. With this standard comes necessity and reputation, as we provide products that comply with our highest quality standards, ensuring the success of your establishment in the restaurant and kitchen market.
Bain-marie
At Alusteel , we offer electric bain-maries to meet the various requirements of restaurants and hotels. The device consists...
View More
Wood-fired Pizza Oven
High quality and durable kneader Italian industry
View More
Wood-fired grills
Wood-fired grills are an exceptional addition to restaurant kitchens, bringing unparalleled flavor and versatility to the...
View More
Chicken Rotation Gas and Wood Fire
Rotary grills from Alusteel are the perfect choice for restaurants and hotels looking to serve high-quality grilled dishes....
View More
Potato Kumpir Oven
Potato Kumpir Oven
View More
Bread Oven
View More
Smoker oven
Smoker oven
View More
Electric chicken grill
Electric chicken grill
View More
Are you looking for professional Services For your company
Contact us",14
https://alusteel.net/en/articles/stainless-steel-oven-industry,en,"Stainless Steel Oven Industry | Alusteel For Hotel, Restaurant, kitchen Equipment",,The stainless steel furnace industry is one of the most important industries in the field of household and industrial,"Stainless Steel Oven Industry
Home
Articles
Stainless Steel Oven Industry
Stainless Steel Oven Industry Description
The stainless steel furnace industry is one of the most important industries in the field of household and industrial appliances.
Stainless Steel has its unique properties that make it the ideal material for oven making, such as durability, corrosion resistance, and high temperature tolerance.
In this article, we will address different aspects of the stainless steel furnace industry, from the materials used to different manufacturing stages.
Why Stainless Steel?
Stainless Steel is selected to make ovens for several reasons:
* Durability: Stainless Steel provides a strong oven structure, ensuring a long life span.
* Corrosion resistance: Stainless Steel is not affected by rust or corrosion caused by heat and humidity, making it ideal for use in kitchens.
* Easy to clean: Stainless Steel ovens can be easily cleaned, making them a healthy option.
* Attractive look: Stainless Steel gives a modern and stylish look to any kitchen.
* Thermal conductivity: Although it is not an ideal heat conductor like some other metals, stainless steel equally distributes heat inside the oven.
Stainless Steel Furnace Manufacturing Stages
* Engineering design: The furnaces are precisely designed using computer-assisted design (CAD) software to ensure efficient performance and functionality.
* Cutting and forming parts: Stainless steel sheets are cut and formed according to engineering design using sophisticated cutting and forming machines.
* Assembly: The cut and problem parts are put together to create the oven structure.
* Interior setting: The interior of the oven is equipped with necessary elements such as shelves, heating element, fan, and controllers.
* Insulation: The oven is insulated to prevent heat leaking outside and keep temperature inside the oven.
* Test: The ovens are tested to make sure they operate efficiently and safely before shipment.
Ovens Types of Stainless Steel:
Stainless Steel Ovens are available in different shapes and sizes to meet users' diverse needs, including:
* Electric ovens: works by heating electric heating elements.
* Gas ovens: operate by burning natural gas or propane.
* Compact ovens: They are integrated into kitchen cabinets.
* Free ovens: placed on the work surface.
Uses:
Stainless Steel Ovens are used in many applications, including:
* Home kitchens: to cook and heat food.
* Restaurants and hotels: to prepare meals in bulk.
* Food industries: to dry and sanitize products.
The oven industry of stainless steel is a sophisticated industry based on modern technology.
Stainless Steel offers the perfect advantages for oven making, making it the perfect choice for consumers and manufacturers alike.
Alusteel Kitchen & Restaurant Equipment Company is a leader in this industry with more than 30 years' experience.
It has contributed to the supply of many stainless steel products from ovens and other production lines serving hotels, hospitals, kitchens, restaurants, schools and clubs.
New Products
Alusteel offers a wide range of high-quality cooking equipment for restaurants and hotels, including electric fryers and complete sets. With this standard comes necessity and reputation, as we provide products that comply with our highest quality standards, ensuring the success of your establishment in the restaurant and kitchen market.
Bain-marie
At Alusteel , we offer electric bain-maries to meet the various requirements of restaurants and hotels. The device consists...
View More
Wood-fired Pizza Oven
High quality and durable kneader Italian industry
View More
Wood-fired grills
Wood-fired grills are an exceptional addition to restaurant kitchens, bringing unparalleled flavor and versatility to the...
View More
Chicken Rotation Gas and Wood Fire
Rotary grills from Alusteel are the perfect choice for restaurants and hotels looking to serve high-quality grilled dishes....
View More
Potato Kumpir Oven
Potato Kumpir Oven
View More
Bread Oven
View More
Smoker oven
Smoker oven
View More
Electric chicken grill
Electric chicken grill
View More
Are you looking for professional Services For your company
Contact us",9
https://alusteel.net/en/articles/boiling-ban,en,"Boiling Ban | Alusteel For Hotel, Restaurant, kitchen Equipment",,"In Alusteel , we provide a steamer that works with gas or electricity, with an inner and outer pot, 3 mm thick, and a capacity of 150 liters for the inner pot, equipped with a strong chassis and mounted on legs to withstand heavy duty, and all its accessories are made of stainless steel","Boiling Ban
Home
Articles
Boiling Ban
Boiling Ban Description
Steaming is a healthy and delicious way to preserve the nutritional value and natural flavor of foods. When your steamer is made of stainless steel, it combines the benefits of this method with the properties of this durable and healthy material.
Why choose steaming?
Steaming has many health and nutritional advantages, including:
• Preserves nutrients: Unlike boiling, steaming does not cause the loss of water-soluble vitamins and minerals.
• Preserves natural flavor: Steaming allows foods to retain their original taste without adding additional fats or oils.
• No added fat required: This is an ideal method for those following a low-fat diet.
• Preserves texture: Steaming helps gently cook vegetables, fish, and poultry, keeping them tender and juicy.
Why is stainless steel the ideal choice for a steamer?
Stainless steel offers several advantages that make it the ideal choice for steaming pots:
• Durability and longevity: Stainless steel is strong and can withstand high temperatures and repeated use without rusting or corroding. This ensures a pot that will last for years.
• Rust and stain resistance: Stainless steel's non-porous nature makes it resistant to rust, stains, and discoloration, maintaining its elegant appearance over time.
• Easy to clean: The smooth stainless steel surface is non-porous, making it extremely easy to clean with soap and water or place in the dishwasher.
• Good heat distribution: Stainless steel ensures good heat distribution, helping food cook evenly and quickly. High-quality pots often come with a multi-layered base to enhance heat distribution.
• Safe and hygienic: Stainless steel is an inert material that does not react with food, ensuring that no harmful substances leach into your meals.
• Sleek and modern appearance: Stainless steel adds a modern, shiny look to your kitchen appliances. In Alusteel , we provide a steamer that works with gas or electricity, with an inner and outer pot, 3 mm thick, and a capacity of 150 liters for the inner pot, equipped with a strong chassis and mounted on legs to withstand heavy duty, and all its accessories are made of stainless steel.
New Products
Alusteel offers a wide range of high-quality cooking equipment for restaurants and hotels, including electric fryers and complete sets. With this standard comes necessity and reputation, as we provide products that comply with our highest quality standards, ensuring the success of your establishment in the restaurant and kitchen market.
Bain-marie
At Alusteel , we offer electric bain-maries to meet the various requirements of restaurants and hotels. The device consists...
View More
Wood-fired Pizza Oven
High quality and durable kneader Italian industry
View More
Wood-fired grills
Wood-fired grills are an exceptional addition to restaurant kitchens, bringing unparalleled flavor and versatility to the...
View More
Chicken Rotation Gas and Wood Fire
Rotary grills from Alusteel are the perfect choice for restaurants and hotels looking to serve high-quality grilled dishes....
View More
Potato Kumpir Oven
Potato Kumpir Oven
View More
Bread Oven
View More
Smoker oven
Smoker oven
View More
Electric chicken grill
Electric chicken grill
View More
Are you looking for professional Services For your company
Contact us",10
https://alusteel.net/en/articles/telting-ban,en,"Telting Ban | Alusteel For Hotel, Restaurant, kitchen Equipment",,"The tipping pot manufactured within Alusteel is thermally insulated from the sides and bottom with high-density rock wool and has a manual tipping system for heavy duty. When you choose the tipping pot that works with electricity, it includes a direct heating system for the pot via two electric heating batteries with a capacity of 2.6 kW Sun and temperature control for each battery via a thermostat, thermal indicator lamps and complete protection devices.","Telting Ban
Home
Articles
Telting Ban
Telting Ban Description
A stainless steel stir-fry pot is a staple in commercial kitchens and large food establishments. It combines large cooking capacity with maneuverability and control, making it a versatile tool for meeting high-volume production requirements efficiently and easily.
It is a large cooking pot equipped with a tilting or flipping mechanism for easy emptying.
This feature makes it ideal for cooking large quantities of foods such as rice, pasta, and vegetables.
Why is stainless steel the ideal choice for stir-fries?
Stainless steel offers several important advantages that make it the preferred material for professional stir-fries:
Durability and Industrial Strength: Stainless steel withstands the heavy use and harsh conditions of commercial kitchens, including high temperatures, frequent cleaning, and heavy handling.
Rust and Corrosion Resistance: Stainless steel ensures that the pot will not rust or corrode from moisture, various foods, and the harsh detergents used in professional kitchens.
Ease of Cleaning and Maintenance: Its smooth, non-porous surface makes cleaning and sterilizing quick and easy, contributing to maintaining high hygiene and food safety standards.
Efficient Heat Distribution: Stainless steel stir-fries are often equipped with thick, multi-layered bases to ensure even and rapid heat distribution, reducing cooking time and improving energy efficiency.
Food Safety: Stainless steel is an inert material that does not react with food, ensuring that no harmful substances leach into meals prepared in large quantities.
Long Lifespan: Thanks to its durability and corrosion resistance, stainless steel stir-fries offer a long-lasting investment in the kitchen.
Additional Features to Enhance the Ease of Use and Efficiency of the Stir-fry:
Hydraulic or Manual Stirring Mechanism: For easy and safe emptying of heavy contents.
Strong, airtight lids: To retain heat and reduce cooking time.
Precise Temperature Controls: To ensure optimal cooking for various types of food.
Sturdy Design and Stable Bases: To ensure stability during use and stirring.
When choosing a stir-fry pot for your professional kitchen, it's important to consider several factors:
Capacity: Choose a size that matches your desired production volume.
Heat Source: Make sure the pot is compatible with the available heat source (gas, electric).
Turning Mechanism: Choose a mechanism that fits your needs and budget.
Additional Features: Select features that will be beneficial to your cooking operations.
Stainless Steel Quality: Ensure the pot is made of high-quality stainless steel to ensure durability and food safety.
At Al-Wasteel, we provide the stainless steel tipping pot with two operating methods (gas or electric) and an internal capacity of 80 liters. It includes a strong chassis equipped for heavy duty, in addition to a 2 mm inner pot and an 8 mm bottom with a cover and accessories made entirely of stainless steel. The tipping pot manufactured within Alusteel is thermally insulated from the sides and bottom with high-density rock wool and has a manual tipping system for heavy duty. When you choose the tipping pot that works with electricity, it includes a direct heating system for the pot via two electric heating batteries with a capacity of 2.6 kW Sun and temperature control for each battery via a thermostat, thermal indicator lamps and complete protection devices.
New Products
Alusteel offers a wide range of high-quality cooking equipment for restaurants and hotels, including electric fryers and complete sets. With this standard comes necessity and reputation, as we provide products that comply with our highest quality standards, ensuring the success of your establishment in the restaurant and kitchen market.
Bain-marie
At Alusteel , we offer electric bain-maries to meet the various requirements of restaurants and hotels. The device consists...
View More
Wood-fired Pizza Oven
High quality and durable kneader Italian industry
View More
Wood-fired grills
Wood-fired grills are an exceptional addition to restaurant kitchens, bringing unparalleled flavor and versatility to the...
View More
Chicken Rotation Gas and Wood Fire
Rotary grills from Alusteel are the perfect choice for restaurants and hotels looking to serve high-quality grilled dishes....
View More
Potato Kumpir Oven
Potato Kumpir Oven
View More
Bread Oven
View More
Smoker oven
Smoker oven
View More
Electric chicken grill
Electric chicken grill
View More
Are you looking for professional Services For your company
Contact us",10
https://alusteel.net/en/articles/electric-stoves,en,"electric stoves | Alusteel For Hotel, Restaurant, kitchen Equipment",,"Alusteel offers 2, 4 or 6-plate electric stoves, EGO, made in Germany, whether round or square, with a heating capacity of 4 kW. The stoves are equipped with an oven according to the customer’s request. They are manufactured with a strong chassis equipped for heavy duty, supported by thermally insulated leveling legs. They are made of rock wool and covered with galvanized sheet metal. They have side holders for shelves and trays on three levels. They also include a complete temperature control system via a multi-stage switch for each tile and temperature indicator lights.","electric stoves
Home
Articles
electric stoves
electric stoves Description
Stainless steel electric stoves are a vital part of hotel and restaurant kitchens, playing a pivotal role in preparing a wide range of dishes efficiently and reliably.
Thanks to their durable design and advanced features, these stoves have become a preferred choice for professional chefs who strive for the highest standards of quality and performance.
Electric stoves offer several advantages that make them an attractive option for large food establishments:
Precise Temperature Control: Electric elements provide precise and instantaneous temperature control, allowing chefs to precisely adjust the required heat to achieve optimal cooking results for various types of foods.
Even Heat Distribution: Electric elements tend to provide more consistent heat distribution across the cooking surface than gas stoves, reducing the risk of hot or cold spots and ensuring uniform cooking.
Easy to Clean: The stainless steel electric stove surface is smooth and non-porous, making it easy to clean and maintain, which is crucial in commercial environments that require strict hygiene.
Safety: Electric stoves reduce the risk of gas leaks and open flames, making them a safer option in busy kitchens.
Design Diversity: Electric stoves are available in a variety of designs and sizes to suit various kitchen layouts and cooking needs.
Stainless steel offers several properties that make it the ideal choice for the construction of electric stove frames and surfaces used in hotel and restaurant kitchens:
Durability and Solidity: Stainless steel withstands the heavy use and harsh conditions found in commercial kitchens, including high temperatures, frequent spills, and vigorous cleaning.
Rust and Corrosion Resistance: Stainless steel ensures that the stove will not rust or corrode from moisture, various foods, and chemical cleaners used in professional settings.
Easy to Clean and Sterilize: Its smooth, non-porous surface makes cleaning and sterilizing quick and easy, helping to maintain the high hygiene and food safety standards required in commercial kitchens.
Sleek Professional Appearance: Stainless steel adds a modern, professional appearance to the kitchen, reflecting the quality and efficiency of the establishment.
Stain and Scratch Resistance: Although not completely impervious, stainless steel offers good resistance to stains and scratches that can occur in a busy kitchen environment.
Long Lifespan: Thanks to its durability and corrosion resistance, a stainless steel electric stove offers a long-term investment for your kitchen.
Considerations when choosing a stainless steel electric stove for a hotel or restaurant kitchen:
Number and Size of Hobs: Determine the number and size of elements you need based on your production volume and the types of dishes you serve.
Width of Electrical Elements: Choose an appropriate wattage to ensure rapid heating and cooking efficiency.
Oven if needed: Determine the size and type of oven required.
Control Features: Look for stoves with precise, easy-to-use controls.
Safety: Ensure the stove complies with local and international safety standards.
Ease of Cleaning and Maintenance: Choose a design that is easy to clean and maintain.
Budget: Consider your budget when choosing a stove, but don't sacrifice quality and durability.
Alusteel offers 2, 4 or 6-plate electric stoves, EGO, made in Germany, whether round or square, with a heating capacity of 4 kW. The stoves are equipped with an oven according to the customer’s request. They are manufactured with a strong chassis equipped for heavy duty, supported by thermally insulated leveling legs. They are made of rock wool and covered with galvanized sheet metal. They have side holders for shelves and trays on three levels. They also include a complete temperature control system via a multi-stage switch for each tile and temperature indicator lights.
New Products
Alusteel offers a wide range of high-quality cooking equipment for restaurants and hotels, including electric fryers and complete sets. With this standard comes necessity and reputation, as we provide products that comply with our highest quality standards, ensuring the success of your establishment in the restaurant and kitchen market.
Bain-marie
At Alusteel , we offer electric bain-maries to meet the various requirements of restaurants and hotels. The device consists...
View More
Wood-fired Pizza Oven
High quality and durable kneader Italian industry
View More
Wood-fired grills
Wood-fired grills are an exceptional addition to restaurant kitchens, bringing unparalleled flavor and versatility to the...
View More
Chicken Rotation Gas and Wood Fire
Rotary grills from Alusteel are the perfect choice for restaurants and hotels looking to serve high-quality grilled dishes....
View More
Potato Kumpir Oven
Potato Kumpir Oven
View More
Bread Oven
View More
Smoker oven
Smoker oven
View More
Electric chicken grill
Electric chicken grill
View More
Are you looking for professional Services For your company
Contact us",14
https://alusteel.net/en/articles/gas-stove,en,"Gas Stove | Alusteel For Hotel, Restaurant, kitchen Equipment",,"At Alusteel, we offer gas stoves made entirely of stainless steel, with 2, 4, and 6 burners, in a strong chassis equipped for heavy duty, mounted on leveling legs, in addition to an automatic ignition system with Italian-made switches. The stove can also be manufactured with an oven according to the customer’s request, containing three levels of internal shelves in the oven.","Gas Stove
Home
Articles
Gas Stove
Gas Stove Description
Stainless steel gas cookers remain a popular and sought-after choice in hotel and restaurant kitchens, offering the instant flame and flexible control preferred by many professional chefs.
With their robust design and ability to withstand heavy use, these cookers are an essential tool for achieving high efficiency and exceptional quality in food preparation.
Gas cookers offer several advantages that make them an attractive choice for large food establishments:
Instant and rapid temperature control: The flame provides direct and instant temperature control, allowing cooks to quickly and precisely adjust the heat to suit various cooking requirements.
Powerful and efficient heat distribution: The flame distributes strong heat across the base of the cookware, making it ideal for stir-frying, browning, and large-batch cooking.
Compatibility with all cookware types: Gas cookers work with all types of cookware, regardless of the material.
No electricity required in the event of a power failure: In the event of a power failure, cooking can continue using gas, providing greater flexibility in emergency situations. Professional and Classic Appearance: Many chefs prefer the look of an open flame, which adds a professional touch to the kitchen.
Stainless steel offers several important properties that make it the ideal choice for the construction of gas cooktops and surfaces used in hotel and restaurant kitchens:
Durability and Industrial Strength: Stainless steel withstands the heavy use and harsh conditions found in commercial kitchens, including high temperatures, frequent spills, and vigorous cleaning.
Rust and Corrosion Resistance: Stainless steel ensures that the cooktop will not rust or corrode from moisture, various foods, combustion byproducts, and chemical cleaners used in professional settings.
Easy Cleaning and Maintenance: Its smooth, non-porous surface makes cleaning and sanitizing quick and easy, helping to maintain the high hygiene and food safety standards required in commercial kitchens.
Sleek Professional Appearance: Stainless steel gives the kitchen a modern and professional appearance, reflecting the quality and efficiency of the establishment.
Stain and Heat Resistance: Stainless steel has good resistance to stains and discoloration caused by high heat and flames.
Long Lifespan: Thanks to its durability and corrosion resistance, a stainless steel gas cooktop provides a long-lasting investment for your kitchen.
At Alusteel, we offer gas stoves made entirely of stainless steel, with 2, 4, and 6 burners, in a strong chassis equipped for heavy duty, mounted on leveling legs, in addition to an automatic ignition system with Italian-made switches. The stove can also be manufactured with an oven according to the customer’s request, containing three levels of internal shelves in the oven.
New Products
Alusteel offers a wide range of high-quality cooking equipment for restaurants and hotels, including electric fryers and complete sets. With this standard comes necessity and reputation, as we provide products that comply with our highest quality standards, ensuring the success of your establishment in the restaurant and kitchen market.
Bain-marie
At Alusteel , we offer electric bain-maries to meet the various requirements of restaurants and hotels. The device consists...
View More
Wood-fired Pizza Oven
High quality and durable kneader Italian industry
View More
Wood-fired grills
Wood-fired grills are an exceptional addition to restaurant kitchens, bringing unparalleled flavor and versatility to the...
View More
Chicken Rotation Gas and Wood Fire
Rotary grills from Alusteel are the perfect choice for restaurants and hotels looking to serve high-quality grilled dishes....
View More
Potato Kumpir Oven
Potato Kumpir Oven
View More
Bread Oven
View More
Smoker oven
Smoker oven
View More
Electric chicken grill
Electric chicken grill
View More
Are you looking for professional Services For your company
Contact us",14
https://alusteel.net/en/articles/fryers,en,"Fryers | Alusteel For Hotel, Restaurant, kitchen Equipment",,"At Al-Wasteel, we offer gas and electric fryers made entirely of stainless steel, with 1, 2 and 3 burners, a strong chassis equipped for heavy duty, and mounted on leveling legs. They have basins equipped with a bottom valve to drain the oil, and they have a flip-up system for the heating and electrical group to facilitate the task of cleaning the basins. When you choose the Alusteel electric fryer, it operates with electric heating batteries with a capacity of 7.5 kW per burner, with a temperature control system for the frying basin via a 50/180 degree thermostat.","Fryers
Home
Articles
Fryers
Fryers Description
Stainless steel fryers, whether gas or electric, are essential equipment in hotel and restaurant kitchens.
They play a vital role in preparing a wide range of crispy and delicious dishes quickly and efficiently, making them a key driver of productivity and quality in these establishments.
Fryers meet essential needs in commercial kitchens, allowing for the preparation of:
Crispy appetizers and side dishes: such as French fries, onion rings, chicken fingers, and sambousek.
Fried main dishes: such as fried chicken, fried fish, and steaks.
Fried desserts: such as donuts and dumplings.
Breaded foods: which require deep frying to achieve the perfect texture.
Stainless steel offers several important advantages that make it the preferred material for the construction of fryer bodies and basins used in hotel and restaurant kitchens:
Durability and industrial toughness: Stainless steel withstands the heavy use and harsh conditions found in commercial kitchens, including high temperatures and constant exposure to oil and harsh detergents.
Rust and Corrosion Resistance: Stainless steel ensures that the fryer will not rust or corrode from various oils, foods, and chemical cleaners used in professional settings.
Easy Cleaning and Maintenance: Its smooth, non-porous surface makes cleaning and sterilization quick and easy, contributing to the high hygiene and food safety standards required in commercial kitchens.
Heat and Stain Resistance: Stainless steel has good resistance to high temperatures and stains from burnt oils.
Long Lifespan: Thanks to its durability and corrosion resistance, a stainless steel fryer offers a long-term investment in the kitchen.
Gas Fryers:
Advantages:
Faster Heating: Reaches the desired frying temperature more quickly.
Fastest Response to Temperature Changes: Allows for precise and rapid temperature adjustment.
Lower Operating Cost: Gas can sometimes be less expensive than electric.
Higher Heat Power: Suitable for frying large quantities of food quickly.
Electric Fryers:
Advantages:
Lower Initial Cost: Typically less expensive to purchase.
Easier Installation: Requires only an electrical connection.
Precise Temperature Control: Provides excellent oil temperature stability.
Safer: No open flames.
When choosing a fryer for your commercial kitchen, it's important to consider several factors:
Production Volume: Determine the frying pan size and number of pans you need based on your order volume.
Power Source Type (Gas or Electric): Evaluate operating costs and the infrastructure available in your kitchen.
Temperature Control Features: Look for fryers with an accurate, easy-to-use thermostat.
Oil Filtration System: Built-in or external oil filtration systems are essential to prolong oil life and improve food quality.
Split Tanks: Allow different types of food to be fried simultaneously without mixing flavors.
Safety Features: Ensure features such as overheat protection and automatic shut-off valves are included.
Ease of Cleaning and Maintenance: Choose a design that is easy to clean and filtration.
Budget: Consider your budget when choosing a fryer, but don't sacrifice quality, durability, and essential features.
New Products
Alusteel offers a wide range of high-quality cooking equipment for restaurants and hotels, including electric fryers and complete sets. With this standard comes necessity and reputation, as we provide products that comply with our highest quality standards, ensuring the success of your establishment in the restaurant and kitchen market.
Bain-marie
At Alusteel , we offer electric bain-maries to meet the various requirements of restaurants and hotels. The device consists...
View More
Wood-fired Pizza Oven
High quality and durable kneader Italian industry
View More
Wood-fired grills
Wood-fired grills are an exceptional addition to restaurant kitchens, bringing unparalleled flavor and versatility to the...
View More
Chicken Rotation Gas and Wood Fire
Rotary grills from Alusteel are the perfect choice for restaurants and hotels looking to serve high-quality grilled dishes....
View More
Potato Kumpir Oven
Potato Kumpir Oven
View More
Bread Oven
View More
Smoker oven
Smoker oven
View More
Electric chicken grill
Electric chicken grill
View More
Are you looking for professional Services For your company
Contact us",11
https://alusteel.net/en/articles/grill,en,"Grill | Alusteel For Hotel, Restaurant, kitchen Equipment",,"At Alusteel, we offer a grill with a heavy-duty, robust chassis made entirely of stainless steel. It can include a flat or ribbed grilling plate, a lower shelf made of 1.2 mm thick stainless steel, thermally insulated with high-density rock wool, and 4 heavy-duty leveling legs.","Grill
Home
Articles
Grill
Grill Description
Stainless steel grills are a versatile cooking tool that adds a professional touch and distinctive flavor to a variety of foods.
Whether you're a passionate home chef or run a busy commercial kitchen, stainless steel grills offer exceptional durability and performance for perfect grilling results.
Grills offer a unique cooking method that gives foods:
Distinctive grill marks: Hot bars create attractive brown lines that add a mouth-watering appearance.
Smoky flavor: The burning of dripping fat produces a distinctive smoky flavor that enhances the taste of food.
Less fat: Drainage holes allow excess fat to drip during cooking, making food healthier.
Versatility: It can be used to grill meat, poultry, fish, vegetables, and even fruit.
Stainless steel offers several advantages that make it the ideal material for grilling:
Durability and hardness: Stainless steel withstands high temperatures and repeated use without rusting, corroding, or losing its shape.
Rust and Corrosion Resistance: The non-porous nature of stainless steel makes it resistant to rust, stains, and various food reactions.
Good Heat Distribution: Stainless steel distributes heat evenly across the grilling surface, ensuring uniform cooking. High-quality grills often come with a thick base to enhance heat distribution.
Easy to Clean: The smooth stainless steel surface is non-porous, making it easy to clean away food residue and grease.
Food Safety: Stainless steel is an inert material that does not react with food, ensuring that no harmful substances leach into your meals.
Professional and Elegant Appearance: Stainless steel adds a modern, shiny appearance to your cooking appliance.
Tips for Using and Caring for Your Stainless Steel Grill:
Properly Preheat: Preheat the grill to medium-high heat before adding food.
Oiling: Lightly oil the grill plate to prevent food from sticking.
Do Not Over-Turn: Allow food to grill thoroughly to achieve the distinctive grill marks.
Use appropriate tools: Use silicone or stainless steel tongs and spatulas to avoid scratching the surface.
Clean the grill after each use: Remove food residue using a metal brush or a grill scraper.
Periodic deep cleaning: Deep clean the grill using a stainless steel cleaner to remove built-up grease and maintain its appearance.
Avoid using abrasive materials: Abrasive materials can scratch the stainless steel surface.
New Products
Alusteel offers a wide range of high-quality cooking equipment for restaurants and hotels, including electric fryers and complete sets. With this standard comes necessity and reputation, as we provide products that comply with our highest quality standards, ensuring the success of your establishment in the restaurant and kitchen market.
Bain-marie
At Alusteel , we offer electric bain-maries to meet the various requirements of restaurants and hotels. The device consists...
View More
Wood-fired Pizza Oven
High quality and durable kneader Italian industry
View More
Wood-fired grills
Wood-fired grills are an exceptional addition to restaurant kitchens, bringing unparalleled flavor and versatility to the...
View More
Chicken Rotation Gas and Wood Fire
Rotary grills from Alusteel are the perfect choice for restaurants and hotels looking to serve high-quality grilled dishes....
View More
Potato Kumpir Oven
Potato Kumpir Oven
View More
Bread Oven
View More
Smoker oven
Smoker oven
View More
Electric chicken grill
Electric chicken grill
View More
Are you looking for professional Services For your company
Contact us",12
https://alusteel.net/en/articles/pasta-cooker,en,"Pasta Cooker | Alusteel For Hotel, Restaurant, kitchen Equipment",,"At Alusteel , we offer pasta cookers with electric pasta cookers in an open cabinet. They are heated by specially designed batteries with a capacity of 4 kW per burner, in addition to a temperature control system for the frying pan via a 50/180-degree thermostat. Alusteel supplies two frying pan baskets with a stainless steel lid with each frying pan.","Pasta Cooker
Home
Articles
Pasta Cooker
Pasta Cooker Description
A stainless steel pasta cooker is an essential piece in hotel kitchens and restaurants specializing in pasta dishes. It is specifically designed to cook large quantities of pasta accurately and efficiently, ensuring perfect results every time and streamlining kitchen workflow.
A pasta cooker offers several advantages that make it indispensable in kitchens that regularly serve pasta:
Consistent and uniform cooking: Precise control of water temperature and cooking time ensures perfectly cooked pasta every time.
Water and energy efficiency: Most pasta cookers are designed to quickly heat a specific amount of water and maintain its temperature efficiently.
High productivity: Allows large quantities of pasta to be cooked at once, meeting the demands of fast-paced service in busy restaurants.
Ease of use: They feature simple, straightforward control interfaces, making them easy for chefs to operate and monitor the cooking process.
Safety: They are often equipped with safety features such as overheat protection. Stainless steel offers several important properties that make it the preferred material for pasta cookers used in professional kitchens:
Durability and Industrial Strength: Stainless steel withstands the heavy use and harsh conditions found in commercial kitchens, including high temperatures and constant exposure to water, steam, and harsh detergents.
Rust and Corrosion Resistance: Stainless steel ensures that the appliance will not rust or corrode from water, salts, and minerals present in it, as well as the chemical cleaners used in professional settings.
Easy Cleaning and Maintenance: Its smooth, non-porous surface makes cleaning and sanitizing quick and easy, helping to maintain the high hygiene and food safety standards required in commercial kitchens.
Stain and Discoloration Resistance: Stainless steel has good resistance to stains and discoloration caused by repeated use and exposure to heat.
Long Lifespan: Thanks to its durability and corrosion resistance, a stainless steel pasta cooker offers a long-term investment in the kitchen. Key features of stainless steel pasta cookers:
Multiple basins: Allows you to cook different types of pasta at the same time or cook large quantities of one type.
Removable pasta baskets: Often made of perforated stainless steel, these baskets make it easier to place and remove pasta from the water.
Powerful heating elements (gas or electric): To quickly heat water and maintain its temperature.
Precise thermostat: For precise control of water temperature.
Adjustable timers: To ensure pasta is cooked for the ideal amount of time.
Water filling and draining faucet: To facilitate filling and emptying the tub.
Overheat protection: To ensure safety.
Sturdy design and stable bases: To withstand daily use in commercial settings.
When choosing a pasta cooker for your professional kitchen, it is important to consider several factors:
Required production volume: Determine the number and size of tubs based on the volume of pasta dishes requested.
Power source (gas or electric): Evaluate the operating costs and available infrastructure in your kitchen.
Demanded features: Determine the features you need, such as the number of timers, a drainage system, and more.
Ease of use and cleaning: Choose an appliance with a simple control panel and a design that is easy to clean and maintain.
Available kitchen space: Make sure the size of the appliance fits within the space allocated to it.
Budget: Consider your budget when choosing an appliance, but do not overdo it. Sacrificing quality, durability, and essential features.
At Alusteel , we offer pasta cookers with electric pasta cookers in an open cabinet. They are heated by specially designed batteries with a capacity of 4 kW per burner, in addition to a temperature control system for the frying pan via a 50/180-degree thermostat. Alusteel supplies two frying pan baskets with a stainless steel lid with each frying pan.
New Products
Alusteel offers a wide range of high-quality cooking equipment for restaurants and hotels, including electric fryers and complete sets. With this standard comes necessity and reputation, as we provide products that comply with our highest quality standards, ensuring the success of your establishment in the restaurant and kitchen market.
Bain-marie
At Alusteel , we offer electric bain-maries to meet the various requirements of restaurants and hotels. The device consists...
View More
Wood-fired Pizza Oven
High quality and durable kneader Italian industry
View More
Wood-fired grills
Wood-fired grills are an exceptional addition to restaurant kitchens, bringing unparalleled flavor and versatility to the...
View More
Chicken Rotation Gas and Wood Fire
Rotary grills from Alusteel are the perfect choice for restaurants and hotels looking to serve high-quality grilled dishes....
View More
Potato Kumpir Oven
Potato Kumpir Oven
View More
Bread Oven
View More
Smoker oven
Smoker oven
View More
Electric chicken grill
Electric chicken grill
View More
Are you looking for professional Services For your company
Contact us",10
https://alusteel.net/en/articles/stainless-steel-stone-pizza-ovens-are-a-combination-of-authenticity-and-durability-for-hotel-and-restaurant-kitchens,en,"Stainless steel stone pizza ovens are a combination of authenticity and durability for hotel and restaurant kitchens. | Alusteel For Hotel, Restaurant, kitchen Equipment",,"At Alusteel, we offer stone pizza ovens mounted on a stainless steel chassis, mounted on 6-inch heavy-duty wheels, with a lower rack at the bottom, with different pizza capacity options inside and outside, insulated with 2 layers of 15 cm thick insulation with wire and rock wool panels. Heating is done by 2 burners extending on both sides of the oven inside, a burner under the slab, and a burner level control system with gas switches. The slab floor is thermal or sheet metal according to the customer's request. The oven is lined internally with thermal bricks, and the outer body of the oven is covered with a layer of colored granite. Alusteel offers a stone pizza oven with one or two floors.","Stainless steel stone pizza ovens are a combination of authenticity and durability for hotel and restaurant kitchens.
Home
Articles
Stainless steel stone pizza ovens are a combination of authenticity and durability for hotel and restaurant kitchens.
Stainless steel stone pizza ovens are a combination of authenticity and durability for hotel and restaurant kitchens. Description
Pizza is a globally beloved dish, and the secret to its authentic taste often lies in its traditional baking method in stone ovens.
Today, stainless steel stone pizza ovens combine the magic of traditional baking with the durability and modernity of stainless steel, offering an ideal solution for hotel restaurants and kitchens seeking to efficiently deliver exceptional-quality pizza.
The Magic of Stone Oven Pizza Making:
A stone oven has long been associated with preparing the perfect pizza. The natural stones used in the construction of these ovens absorb and distribute heat evenly, ensuring the dough is cooked perfectly, crispy on the outside and tender on the inside.
The high heat of the stones also helps cook pizza quickly, preserving the flavor and juiciness of the fresh ingredients.
Why Stainless Steel?
Adding stainless steel to the design of stone pizza ovens offers several advantages that make them an attractive choice for commercial kitchens:
Durability and Longevity: Stainless steel is highly resistant to heat, corrosion, and rust, ensuring a long lifespan even under heavy use and high temperatures.
Hygiene and Ease of Maintenance: The non-porous stainless steel surface is easy to clean and maintain, making it a hygienic and safe choice in kitchen environments that require the highest standards of hygiene.
Thermal Efficiency: The stainless steel outer casing helps retain heat inside the oven and reduce heat loss, contributing to energy efficiency and speeding up the baking process.
Professional Appearance: Stainless steel gives the oven a modern and elegant appearance, reflecting a high level of quality and professionalism in the kitchen.
Lighter Weight: Compared to traditional stone ovens made entirely of brick, the use of stainless steel in the outer casing reduces the weight of the oven, making installation and transportation easier in some cases. Benefits of Stainless Steel Stone Pizza Ovens for Hotel and Restaurant Kitchens:
Exceptional Pizza Quality: The traditional stone pizza-making experience provides pizza with an unparalleled taste and texture, contributing to menu excellence and customer satisfaction.
Cooking Speed: The high heat of the stones allows pizza to cook in just a few minutes, increasing service efficiency during peak hours.
Versatility: In addition to pizza, these ovens can be used to bake a variety of other foods such as bread, pastries, roasted vegetables, and meats, adding value to the kitchen.
Reliability and Durability: The durable stainless steel construction ensures reliable long-term performance and reduces maintenance and replacement costs.
Enhance the overall appearance of the kitchen: The sleek stainless steel design adds a modern and professional touch to an open kitchen or prep area visible to customers.
Considerations When Choosing a Stainless Steel Stone Pizza Oven:
When choosing a stainless steel stone pizza oven for your kitchen, several factors should be considered:
Size and Capacity: Choose a size that fits your expected production volume and the available kitchen space. Ovens are available in various sizes, accommodating varying numbers of pizzas at once.
Fuel Type: Gas, electric, or wood-fired ovens are available. The type chosen should be compatible with the kitchen's infrastructure and the chef's preferences.
Stone Thickness and Quality: The thickness and type of stone used in the oven affect its ability to retain and evenly distribute heat.
Temperature Control System: Ensure precise temperature control is in place to ensure optimal baking results.
Additional Features: Some ovens come with additional features such as interior lighting, timers, and advanced ventilation systems.
Conclusion:
Stainless steel stone pizza ovens represent the perfect blend of tradition and innovation, combining the authentic baking quality of a stone oven with the durability and efficiency of stainless steel.
They are a valuable investment for hotel restaurants and kitchens seeking to deliver high-quality pizza efficiently and reliably, while adding a touch of professional elegance to the work environment.
By choosing the right oven, establishments can elevate their customers' dining experience and deliver unforgettable pizza. At Alusteel, we offer stone pizza ovens mounted on a stainless steel chassis, mounted on 6-inch heavy-duty wheels, with a lower rack at the bottom, with different pizza capacity options inside and outside, insulated with 2 layers of 15 cm thick insulation with wire and rock wool panels. Heating is done by 2 burners extending on both sides of the oven inside, a burner under the slab, and a burner level control system with gas switches. The slab floor is thermal or sheet metal according to the customer's request. The oven is lined internally with thermal bricks, and the outer body of the oven is covered with a layer of colored granite. Alusteel offers a stone pizza oven with one or two floors.
New Products
Alusteel offers a wide range of high-quality cooking equipment for restaurants and hotels, including electric fryers and complete sets. With this standard comes necessity and reputation, as we provide products that comply with our highest quality standards, ensuring the success of your establishment in the restaurant and kitchen market.
Bain-marie
At Alusteel , we offer electric bain-maries to meet the various requirements of restaurants and hotels. The device consists...
View More
Wood-fired Pizza Oven
High quality and durable kneader Italian industry
View More
Wood-fired grills
Wood-fired grills are an exceptional addition to restaurant kitchens, bringing unparalleled flavor and versatility to the...
View More
Chicken Rotation Gas and Wood Fire
Rotary grills from Alusteel are the perfect choice for restaurants and hotels looking to serve high-quality grilled dishes....
View More
Potato Kumpir Oven
Potato Kumpir Oven
View More
Bread Oven
View More
Smoker oven
Smoker oven
View More
Electric chicken grill
Electric chicken grill
View More
Are you looking for professional Services For your company
Contact us",13
https://alusteel.net/en/articles/napoli-pizza-oven,en,"Napoli pizza oven | Alusteel For Hotel, Restaurant, kitchen Equipment",,"Alusteel offers heavy-duty Neapolitan pizza ovens mounted on a stainless steel chassis and 6-inch wheels, equipped with a lower shelf at the bottom. The oven is insulated with two layers of 15 cm thickness with wire and rock wool panels. The oven is heated by two burners extending on both sides of the oven and a burner under the slab equipped with control keys for the burner levels. In addition, the oven is lined internally with fire bricks, and externally, the oven is covered with a layer of fire granite in colors chosen by the customer according to his needs and the decor of his kitchen or restaurant.","Napoli pizza oven
Home
Articles
Napoli pizza oven
Napoli pizza oven Description
In the culinary world, the Napoli wood- or gas-fired pizza oven is a great choice for professional cooks, thanks to its unique design and high-quality materials.
This oven allows you to enjoy a versatile cooking experience in your home or workplace.
The oven features advanced thermal technology that delivers amazing results.
The pizza oven is made of premium materials, including mosaics, galvanized iron, thermal cement, tiles, and high-quality thermal insulation.
These materials promote even heat distribution and maintain the ideal temperature inside the oven, helping to achieve amazing results in every recipe you prepare.
Adding to the advantages of this oven is its fast performance, as you can cook pizza to perfection in just 90 seconds. This means you won't have to wait long for your delicious meal, and you can quickly prepare delicious meals for friends and family.
Large design allows for large-scale cooking with the Napoli pizza oven.
You can choose your favorite color to match your kitchen design or taste. We can also engrave your name or the name of your restaurant on the oven to add a distinctive aesthetic touch, not only to the oven but to the entire space.
With its large exterior dimensions, starting at 150 cm in diameter and reaching a height of 250 cm, this oven allows you to cook in large quantities.
The wide oven opening makes it easy to insert and extract food with ease and precision.
Weighing in at nearly a ton or more and featuring a 25 cm chimney, this oven offers precise temperature control and a pleasant and easy cooking experience.
Thanks to its large capacity, which allows you to cook 3 to 4 pizzas at once, you'll be able to easily prepare delicious meals for a large number of guests.
This oven gives you the ability to provide an unforgettable cooking experience suitable for all occasions and large parties. Alusteel offers heavy-duty Neapolitan pizza ovens mounted on a stainless steel chassis and 6-inch wheels, equipped with a lower shelf at the bottom. The oven is insulated with two layers of 15 cm thickness with wire and rock wool panels. The oven is heated by two burners extending on both sides of the oven and a burner under the slab equipped with control keys for the burner levels. In addition, the oven is lined internally with fire bricks, and externally, the oven is covered with a layer of fire granite in colors chosen by the customer according to his needs and the decor of his kitchen or restaurant.
New Products
Alusteel offers a wide range of high-quality cooking equipment for restaurants and hotels, including electric fryers and complete sets. With this standard comes necessity and reputation, as we provide products that comply with our highest quality standards, ensuring the success of your establishment in the restaurant and kitchen market.
Bain-marie
At Alusteel , we offer electric bain-maries to meet the various requirements of restaurants and hotels. The device consists...
View More
Wood-fired Pizza Oven
High quality and durable kneader Italian industry
View More
Wood-fired grills
Wood-fired grills are an exceptional addition to restaurant kitchens, bringing unparalleled flavor and versatility to the...
View More
Chicken Rotation Gas and Wood Fire
Rotary grills from Alusteel are the perfect choice for restaurants and hotels looking to serve high-quality grilled dishes....
View More
Potato Kumpir Oven
Potato Kumpir Oven
View More
Bread Oven
View More
Smoker oven
Smoker oven
View More
Electric chicken grill
Electric chicken grill
View More
Are you looking for professional Services For your company
Contact us",12
https://alusteel.net/en/articles/stainless-steel-refrigerators-are-durable-high-performance-refrigeration-solutions-for-hotel-kitchens-and-restaurants,en,"Stainless steel refrigerators are durable, high-performance refrigeration solutions for hotel kitchens and restaurants. | Alusteel For Hotel, Restaurant, kitchen Equipment",,"Refrigerators are essential equipment in any hotel or restaurant kitchen, playing a vital role in keeping food and ingredients fresh and safe for consumption.
Among the available options, stainless steel refrigerators, available in both vertical and horizontal designs, stand out as a favorite among many hospitality professionals.
This preference is due to the unique advantages of stainless steel, as well as the durability and design of these types of refrigerators, which meet the diverse needs of commercial kitchens.
Advantages of Stainless Steel in Refrigeration:
High Durability: Stainless steel is resistant to corrosion, rust, and scratches, ensuring a long lifespan for the refrigerator even under heavy use in challenging kitchen environments.
Hygiene and Ease of Sterilization: Its non-porous surface prevents the accumulation of bacteria and germs, making it a healthy and safe choice for food storage. It is also easy to clean and maintain.
Professional Appearance: Stainless steel adds a modern and elegant appearance to the kitchen, reflecting a high level of professionalism and cleanliness.
Resistance to Extreme Temperatures: Stainless steel withstands significant temperature changes without fading, making it ideal for hot and humid kitchen environments.
Stainless Steel Upright Refrigerators:
Upright refrigerators feature a vertical design that provides ample storage space in limited floor space.
They often come with single or double doors and offer adjustable shelves for efficient organization of various food items.
Upright refrigerators are an excellent choice for storing large quantities of ingredients and products in an organized and accessible manner.
Stainless Steel Chest Refrigerators:
Chest refrigerators are known for their low, wide design and often feature a top surface that can be used as additional workspace in the kitchen.
They are typically available with multiple drawers or doors, making it easy to separate and organize different types of food.
Chest refrigerators are ideal for use under countertops or in direct preparation areas, providing quick and convenient access to ingredients during cooking. Applications in Hotel Kitchens and Restaurants:
Vertical and horizontal stainless steel refrigerators are widely used in various sections of hotel kitchens and restaurants, including:
Primary ingredient storage areas: To store meat, poultry, fish, vegetables, and fruits at optimal temperatures to maintain their quality.
Beverage refrigeration units: To store juices, water, soft drinks, and other beverages and serve them cold to customers.
Food preparation areas: Horizontal refrigerators provide easy access to the necessary ingredients during meal preparation.
Dessert and pastry display units: In some cases, stainless steel display refrigerators can be used to maintain the attractiveness of desserts and pastries while keeping them cool.
Considerations when choosing refrigerators:
When choosing stainless steel refrigerators for the kitchen, several factors must be considered to ensure they meet the facility's specific needs, including:
Size and capacity: The appropriate size should be chosen for the amount of food to be stored and the available space in the kitchen.
Energy efficiency: Look for models with high energy efficiency to reduce operating costs.
Cooling System: Ensure the cooling system is robust and provides even distribution of cold air to maintain a constant temperature.
Additional Features: Some refrigerators come with features such as digital temperature control, automatic defrosting, interior lighting, and adjustable shelves.
At Al-Wasteel, we offer vertical refrigerators (single or double doors), horizontal refrigerators (2 or 3 doors), and over-counter refrigerators used for salads. All refrigerators are manufactured entirely from 304 stainless steel. The body, doors, and the disc are made of injected polyurethane with a density of 40 kg/m³. The doors are equipped with magnetic rubber gaskets, and the door handles and hinges are imported (nickel). Al-Wasteel also manufactures freezers with the same specifications as refrigerators, but used for freezing. These freezers include an Italian 3/4 horsepower cooling unit, a dynamic evaporator, and thermostatic temperature control (supplied with the refrigerators). Two C.N.C perforated stainless steel shelves are also available.","Stainless steel refrigerators are durable, high-performance refrigeration solutions for hotel kitchens and restaurants.
Home
Articles
Stainless steel refrigerators are durable, high-performance refrigeration solutions for hotel kitchens and restaurants.
Stainless steel refrigerators are durable, high-performance refrigeration solutions for hotel kitchens and restaurants. Description
Refrigerators are essential equipment in any hotel or restaurant kitchen, playing a vital role in keeping food and ingredients fresh and safe for consumption.
Among the available options, stainless steel refrigerators, available in both vertical and horizontal designs, stand out as a favorite among many hospitality professionals.
This preference is due to the unique advantages of stainless steel, as well as the durability and design of these types of refrigerators, which meet the diverse needs of commercial kitchens.
Advantages of Stainless Steel in Refrigeration:
High Durability: Stainless steel is resistant to corrosion, rust, and scratches, ensuring a long lifespan for the refrigerator even under heavy use in challenging kitchen environments.
Hygiene and Ease of Sterilization: Its non-porous surface prevents the accumulation of bacteria and germs, making it a healthy and safe choice for food storage. It is also easy to clean and maintain.
Professional Appearance: Stainless steel adds a modern and elegant appearance to the kitchen, reflecting a high level of professionalism and cleanliness.
Resistance to Extreme Temperatures: Stainless steel withstands significant temperature changes without fading, making it ideal for hot and humid kitchen environments.
Stainless Steel Upright Refrigerators:
Upright refrigerators feature a vertical design that provides ample storage space in limited floor space.
They often come with single or double doors and offer adjustable shelves for efficient organization of various food items.
Upright refrigerators are an excellent choice for storing large quantities of ingredients and products in an organized and accessible manner.
Stainless Steel Chest Refrigerators:
Chest refrigerators are known for their low, wide design and often feature a top surface that can be used as additional workspace in the kitchen.
They are typically available with multiple drawers or doors, making it easy to separate and organize different types of food.
Chest refrigerators are ideal for use under countertops or in direct preparation areas, providing quick and convenient access to ingredients during cooking. Applications in Hotel Kitchens and Restaurants:
Vertical and horizontal stainless steel refrigerators are widely used in various sections of hotel kitchens and restaurants, including:
Primary ingredient storage areas: To store meat, poultry, fish, vegetables, and fruits at optimal temperatures to maintain their quality.
Beverage refrigeration units: To store juices, water, soft drinks, and other beverages and serve them cold to customers.
Food preparation areas: Horizontal refrigerators provide easy access to the necessary ingredients during meal preparation.
Dessert and pastry display units: In some cases, stainless steel display refrigerators can be used to maintain the attractiveness of desserts and pastries while keeping them cool.
Considerations when choosing refrigerators:
When choosing stainless steel refrigerators for the kitchen, several factors must be considered to ensure they meet the facility's specific needs, including:
Size and capacity: The appropriate size should be chosen for the amount of food to be stored and the available space in the kitchen.
Energy efficiency: Look for models with high energy efficiency to reduce operating costs.
Cooling System: Ensure the cooling system is robust and provides even distribution of cold air to maintain a constant temperature.
Additional Features: Some refrigerators come with features such as digital temperature control, automatic defrosting, interior lighting, and adjustable shelves.
At Al-Wasteel, we offer vertical refrigerators (single or double doors), horizontal refrigerators (2 or 3 doors), and over-counter refrigerators used for salads. All refrigerators are manufactured entirely from 304 stainless steel. The body, doors, and the disc are made of injected polyurethane with a density of 40 kg/m³. The doors are equipped with magnetic rubber gaskets, and the door handles and hinges are imported (nickel). Alusteel also manufactures freezers with the same specifications as refrigerators, but used for freezing. These freezers include an Italian 3/4 horsepower cooling unit, a dynamic evaporator, and thermostatic temperature control (supplied with the refrigerators). Two C.N.C perforated stainless steel shelves are also available.
New Products
Alusteel offers a wide range of high-quality cooking equipment for restaurants and hotels, including electric fryers and complete sets. With this standard comes necessity and reputation, as we provide products that comply with our highest quality standards, ensuring the success of your establishment in the restaurant and kitchen market.
Bain-marie
At Alusteel , we offer electric bain-maries to meet the various requirements of restaurants and hotels. The device consists...
View More
Wood-fired Pizza Oven
High quality and durable kneader Italian industry
View More
Wood-fired grills
Wood-fired grills are an exceptional addition to restaurant kitchens, bringing unparalleled flavor and versatility to the...
View More
Chicken Rotation Gas and Wood Fire
Rotary grills from Alusteel are the perfect choice for restaurants and hotels looking to serve high-quality grilled dishes....
View More
Potato Kumpir Oven
Potato Kumpir Oven
View More
Bread Oven
View More
Smoker oven
Smoker oven
View More
Electric chicken grill
Electric chicken grill
View More
Are you looking for professional Services For your company
Contact us",14
https://alusteel.net/en/articles/how-to-choose-restaurant-and-hotel-kitchen-equipment,en,"How to choose restaurant and hotel kitchen equipment | Alusteel For Hotel, Restaurant, kitchen Equipment",,"Choosing the right equipment for restaurants and hotel kitchens is a critical decision that directly impacts operational efficiency, food quality, and profitability.","How to choose restaurant and hotel kitchen equipment
Home
Articles
How to choose restaurant and hotel kitchen equipment
How to choose restaurant and hotel kitchen equipment Description
Choosing the right equipment for restaurants and hotel kitchens is a critical decision that directly impacts operational efficiency, food quality, and profitability. This process requires careful planning and a deep understanding of the facility's needs. Here's a comprehensive guide to help you make the best decisions:
1. Determine Your Needs Accurately
Before you start searching for equipment, you must determine the size and type of operations that will take place in the kitchen. Ask yourself the following questions:
• What type of kitchen will it be? Is it a prep kitchen, a cooking kitchen, or a serving kitchen?
• What is the menu? Will it focus on cold and hot foods, baked goods, or a combination of these? This will determine the types of ovens, grills, and refrigerators required.
• What is the expected production volume? Do you expect to serve hundreds of customers per day or fewer? This affects the capacity and power of the equipment.
• What is the available space for the kitchen? The equipment must fit within the available space to ensure smooth operation and avoid overcrowding.
2. Quality and Durability
Quality and durability are among the most important factors when choosing restaurant and hotel kitchen equipment. Invest in equipment made from high-quality materials such as stainless steel to ensure longevity and resistance to rust and corrosion. Cheap equipment may save you money in the short term, but it often breaks down quickly and costs you more in the long run in maintenance and replacement.
3. Operational Efficiency and Energy Consumption
Look for equipment that is highly energy-efficient. While these may be more expensive initially, they will save you a lot of money on your electricity or gas bills in the long run. Check the Energy Star ratings for equipment such as refrigerators, ovens, and dishwashers.
4. Ease of Cleaning and Maintenance
Cleanliness is the cornerstone of any professional kitchen. Choose equipment that is easy to clean and maintain. Surfaces should be smooth and free of awkward corners where bacteria can accumulate. Check how easy it is to disassemble and clean parts, and ensure that spare parts are available for routine maintenance.
5. Safety and Security
Safety is paramount in busy kitchens. Ensure that all equipment complies with local and international safety standards. Look for safety features such as automatic shut-off devices, heat-insulated handles, and designs that reduce the risk of burns and injuries.
6. Brand and After-Sales Service
Choose reputable brands known for their quality and reliability. Most importantly, ensure the supplier offers excellent after-sales service, including warranty, technical support, and spare parts availability. You may need urgent maintenance or repairs during peak times, so prompt and efficient support is invaluable.
7. Cost and Budget
Set a clear budget for your purchases and stick to it as much as possible. Don't compromise on quality to cut costs excessively. Remember that investing in good equipment is an investment in the success of your business. Compare prices from different suppliers, but don't make price the sole criterion for decision-making.
8. Technology and Innovation
Modern kitchens make great use of technology. Consider equipment that offers smart features or advanced technologies that can increase efficiency, such as smart ovens, induction cooktops, or innovative waste management systems.
9. Flexibility and Adaptability
Choose equipment that can adapt to potential changes in your menu or workload. Versatile equipment can save space and money.
By choosing the right equipment, you'll lay a solid foundation for an efficient, clean, and safe kitchen, contributing to the success of your restaurant or hotel.
This is what A offers you, a leader in the hotel and restaurant kitchen equipment industry with over 35 years of experience. It also exports its equipment to various destinations outside Egypt.
Contact us for inquiries: 01000869066
You can visit our showroom during business hours:
Saturday to Thursday, 9 AM to 4 PM (Friday is a weekly holiday).
Address: Plot 22A, Block 30000, Industrial Zone B, C - Obour City, Qalyubia
Location: https://maps.app.goo.gl/H39unM2MUttm5AoJ6
New Products
Alusteel offers a wide range of high-quality cooking equipment for restaurants and hotels, including electric fryers and complete sets. With this standard comes necessity and reputation, as we provide products that comply with our highest quality standards, ensuring the success of your establishment in the restaurant and kitchen market.
Bain-marie
At Alusteel , we offer electric bain-maries to meet the various requirements of restaurants and hotels. The device consists...
View More
Wood-fired Pizza Oven
High quality and durable kneader Italian industry
View More
Wood-fired grills
Wood-fired grills are an exceptional addition to restaurant kitchens, bringing unparalleled flavor and versatility to the...
View More
Chicken Rotation Gas and Wood Fire
Rotary grills from Alusteel are the perfect choice for restaurants and hotels looking to serve high-quality grilled dishes....
View More
Potato Kumpir Oven
Potato Kumpir Oven
View More
Bread Oven
View More
Smoker oven
Smoker oven
View More
Electric chicken grill
Electric chicken grill
View More
Are you looking for professional Services For your company
Contact us",9
